apartment_id,apartment_name,region_code,region_name,announcement_date,supply_year,supply_quarter,general_supply_units,sale_price,competition_rate,housing_price_index,area_m2,cutoff_score
2026000115,두산위브더제니스 구미(조합원취소분),47,경북,2026-04-17,2026,2,1,44980,22.0,101.7,74.9524,0.0
2026000115,두산위브더제니스 구미(조합원취소분),47,경북,2026-04-17,2026,2,23,53380,33.78,101.7,84.7657,0.0
2026000115,두산위브더제니스 구미(조합원취소분),47,경북,2026-04-17,2026,2,7,52440,3.83,101.7,84.7696,0.0
2026000114,공덕역자이르네,11,서울,2026-04-17,2026,2,19,127200,75.68,103.2,48.6543,0.0
2026000114,공덕역자이르네,11,서울,2026-04-17,2026,2,13,144000,100.08,103.2,52.796,0.0
2026000114,공덕역자이르네,11,서울,2026-04-17,2026,2,2,141940,81.0,103.2,52.796,0.0
2026000114,공덕역자이르네,11,서울,2026-04-17,2026,2,2,143020,75.0,103.2,52.796,0.0
2026000114,공덕역자이르네,11,서울,2026-04-17,2026,2,17,176900,87.53,103.2,59.988,0.0
2026000114,공덕역자이르네,11,서울,2026-04-17,2026,2,30,169300,70.0,103.2,59.282,0.0
2026000112,용인 고림 동문 디 이스트,41,경기,2026-04-10,2026,2,31,56200,10.0,101.7,59.901,0.0
2026000110,엘리프 창원,48,경남,2026-04-10,2026,2,62,53600,15.87,101.7,76.2548,0.0
2026000110,엘리프 창원,48,경남,2026-04-10,2026,2,49,59540,38.51,101.7,84.9621,0.0
2026000110,엘리프 창원,48,경남,2026-04-10,2026,2,14,58950,16.29,101.7,84.8884,0.0
2026000107,경기광주역 롯데캐슬 시그니처 1단지,41,경기,2026-04-17,2026,2,28,63900,8.25,101.7,59.9299,0.0
2026000107,경기광주역 롯데캐슬 시그니처 1단지,41,경기,2026-04-17,2026,2,25,62900,3.84,101.7,59.8802,0.0
2026000107,경기광주역 롯데캐슬 시그니처 1단지,41,경기,2026-04-17,2026,2,46,61900,6.48,101.7,59.9281,0.0
2026000107,경기광주역 롯데캐슬 시그니처 1단지,41,경기,2026-04-17,2026,2,39,88200,2.32,101.7,84.9099,0.0
2026000107,경기광주역 롯데캐슬 시그니처 1단지,41,경기,2026-04-17,2026,2,53,87200,13.0,101.7,84.8671,0.0
2026000104,도안자이 센텀리체 1단지,30,대전,2026-04-10,2026,2,330,77620,2.08,101.7,84.0,0.0
2026000094,라클라체자이드파인,11,서울,2026-04-03,2026,2,60,215010,40.5,103.2,59.9116,0.0
2026000094,라클라체자이드파인,11,서울,2026-04-03,2026,2,5,218990,42.4,103.2,59.8054,0.0
2026000094,라클라체자이드파인,11,서울,2026-04-03,2026,2,16,220880,37.31,103.2,59.9537,0.0
2026000094,라클라체자이드파인,11,서울,2026-04-03,2026,2,28,258510,21.36,103.2,84.9634,0.0
2026000094,라클라체자이드파인,11,서울,2026-04-03,2026,2,40,251350,18.4,103.2,84.9995,0.0
2026000094,라클라체자이드파인,11,서울,2026-04-03,2026,2,10,258320,14.1,103.2,84.9712,0.0
2026000094,라클라체자이드파인,11,서울,2026-04-03,2026,2,21,301310,6.14,103.2,106.9502,0.0
2026000093,더샵 안동더퍼스트,47,경북,2026-04-09,2026,2,35,41860,6.47,101.7,70.9692,0.0
2026000093,더샵 안동더퍼스트,47,경북,2026-04-09,2026,2,65,49810,2.75,101.7,84.9785,0.0
2026000093,더샵 안동더퍼스트,47,경북,2026-04-09,2026,2,75,48340,10.49,101.7,84.9702,0.0
2026000093,더샵 안동더퍼스트,47,경북,2026-04-09,2026,2,17,48550,12.76,101.7,84.9571,0.0
2026000087,청주 푸르지오 씨엘리체,43,충북,2026-04-10,2026,2,246,52100,16.71,101.7,84.9904,0.0
2026000087,청주 푸르지오 씨엘리체,43,충북,2026-04-10,2026,2,85,51000,3.04,101.7,84.9263,0.0
2026000087,청주 푸르지오 씨엘리체,43,충북,2026-04-10,2026,2,86,51600,2.83,101.7,84.9403,0.0
2026000086,업성 푸르지오 레이크시티,44,충남,2026-04-03,2026,2,85,60990,12.75,101.7,84.9631,0.0
2026000086,업성 푸르지오 레이크시티,44,충남,2026-04-03,2026,2,36,61870,9.94,101.7,84.9637,0.0
2026000085,힐스테이트 평거 센트럴,48,경남,2026-04-10,2026,2,48,66000,27.23,101.7,84.3746,0.0
2026000085,힐스테이트 평거 센트럴,48,경남,2026-04-10,2026,2,12,66600,118.0,101.7,84.9824,0.0
2026000082,골드클래스 시그니처,52,전북,2026-04-10,2026,2,12,19432,3.0,101.7,39.917,0.0
2026000082,골드클래스 시그니처,52,전북,2026-04-10,2026,2,11,19695,3.25,101.7,39.917,0.0
2026000082,골드클래스 시그니처,52,전북,2026-04-10,2026,2,60,37840,20.82,101.7,59.9263,0.0
2026000082,골드클래스 시그니처,52,전북,2026-04-10,2026,2,16,54670,72.56,101.7,84.9899,0.0
2026000082,골드클래스 시그니처,52,전북,2026-04-10,2026,2,36,55301,61.08,101.7,84.9902,0.0
2026000082,골드클래스 시그니처,52,전북,2026-04-10,2026,2,11,53572,29.55,101.7,84.9732,0.0
2026000075,창원자이 더 스카이,48,경남,2026-03-20,2026,1,113,93610,10.04,101.7,84.9951,0.0
2026000075,창원자이 더 스카이,48,경남,2026-03-20,2026,1,42,89940,1.76,101.7,84.9016,0.0
2026000075,창원자이 더 스카이,48,경남,2026-03-20,2026,1,43,91450,4.53,101.7,84.9771,0.0
2026000075,창원자이 더 스카이,48,경남,2026-03-20,2026,1,22,91220,2.37,101.7,84.8846,0.0
2026000074,엄궁역 트라비스 하늘채,26,부산,2026-03-27,2026,1,3,61630,1.83,101.7,74.9802,0.0
2026000073,풍무역세권 수자인 그라센트 2차,41,경기,2026-04-03,2026,2,178,71150,127.0,101.7,84.9939,0.0
2026000071,르네오션 고성 퍼스트뷰,51,강원,2026-04-03,2026,2,17,48300,28.0,101.7,84.98,0.0
2026000071,르네오션 고성 퍼스트뷰,51,강원,2026-04-03,2026,2,70,48300,127.0,101.7,84.98,0.0
2026000071,르네오션 고성 퍼스트뷰,51,강원,2026-04-03,2026,2,9,47600,13.0,101.7,84.98,0.0
2026000070,힐스테이트 안양펠루스,41,경기,2026-03-27,2026,1,2,54140,3.5,101.7,40.58,0.0
2026000070,힐스테이트 안양펠루스,41,경기,2026-03-27,2026,1,2,55750,8.0,101.7,42.66,0.0
2026000070,힐스테이트 안양펠루스,41,경기,2026-03-27,2026,1,5,56990,1.0,101.7,43.6,0.0
2026000070,힐스테이트 안양펠루스,41,경기,2026-03-27,2026,1,3,57850,9.0,101.7,44.33,0.0
2026000070,힐스테이트 안양펠루스,41,경기,2026-03-27,2026,1,3,62550,19.0,101.7,50.04,0.0
2026000070,힐스테이트 안양펠루스,41,경기,2026-03-27,2026,1,2,82370,5.0,101.7,61.14,0.0
2026000070,힐스테이트 안양펠루스,41,경기,2026-03-27,2026,1,2,82350,10.0,101.7,65.0,0.0
2026000070,힐스테이트 안양펠루스,41,경기,2026-03-27,2026,1,2,83910,4.0,101.7,66.28,0.0
2026000070,힐스테이트 안양펠루스,41,경기,2026-03-27,2026,1,2,84150,2.0,101.7,66.49,0.0
2026000070,힐스테이트 안양펠루스,41,경기,2026-03-27,2026,1,2,86350,2.67,101.7,68.39,0.0
2026000069,야목역 서희스타힐스 그랜드힐,41,경기,2026-04-06,2026,2,2,41700,4.0,101.7,59.9649,0.0
2026000069,야목역 서희스타힐스 그랜드힐,41,경기,2026-04-06,2026,2,2,42500,3.0,101.7,59.9747,0.0
2026000065,검단호수공원역 파라곤(AA36BL),28,인천,2026-03-27,2026,1,107,64500,56.87,101.7,84.7722,57.0
2026000065,검단호수공원역 파라곤(AA36BL),28,인천,2026-03-27,2026,1,97,64400,67.92,101.7,84.7572,59.0
2026000064,더샵 신길센트럴시티,11,서울,2026-03-20,2026,1,8,124000,24.0,103.2,51.9981,0.0
2026000064,더샵 신길센트럴시티,11,서울,2026-03-20,2026,1,16,125000,30.94,103.2,51.9931,0.0
2026000064,더샵 신길센트럴시티,11,서울,2026-03-20,2026,1,34,123000,25.47,103.2,51.9927,0.0
2026000064,더샵 신길센트럴시티,11,서울,2026-03-20,2026,1,20,125000,23.4,103.2,51.9909,0.0
2026000064,더샵 신길센트럴시티,11,서울,2026-03-20,2026,1,8,124000,7.25,103.2,51.9953,0.0
2026000064,더샵 신길센트럴시티,11,서울,2026-03-20,2026,1,16,145000,41.44,103.2,59.9973,0.0
2026000064,더샵 신길센트럴시티,11,서울,2026-03-20,2026,1,54,145000,50.5,103.2,59.9945,0.0
2026000064,더샵 신길센트럴시티,11,서울,2026-03-20,2026,1,15,146000,29.27,103.2,59.9903,0.0
2026000064,더샵 신길센트럴시티,11,서울,2026-03-20,2026,1,14,145000,21.5,103.2,59.9987,0.0
2026000064,더샵 신길센트럴시티,11,서울,2026-03-20,2026,1,7,168000,14.14,103.2,74.9939,0.0
2026000064,더샵 신길센트럴시티,11,서울,2026-03-20,2026,1,12,168000,14.75,103.2,74.9944,0.0
2026000064,더샵 신길센트럴시티,11,서울,2026-03-20,2026,1,11,166000,11.91,103.2,74.992,0.0
2026000064,더샵 신길센트럴시티,11,서울,2026-03-20,2026,1,1,167000,20.0,103.2,74.9992,0.0
2026000064,더샵 신길센트럴시티,11,서울,2026-03-20,2026,1,1,167000,16.0,103.2,74.9992,0.0
2026000064,더샵 신길센트럴시티,11,서울,2026-03-20,2026,1,9,186000,53.22,103.2,84.9993,0.0
2026000064,더샵 신길센트럴시티,11,서울,2026-03-20,2026,1,1,188000,102.0,103.2,84.9977,0.0
2026000063,오션포레베네스트하우스(미단시티 공동8BL),28,인천,2026-03-18,2026,1,2,44200,3.0,101.7,84.9673,52.0
2026000063,오션포레베네스트하우스(미단시티 공동8BL),28,인천,2026-03-18,2026,1,6,48500,45.0,101.7,84.9673,52.0
2026000062,중앙하이츠 갈산역 센트럴,28,인천,2026-03-27,2026,1,21,51150,5.0,101.7,59.7864,0.0
2026000058,오티에르 반포,11,서울,2026-03-31,2026,1,5,142640,622.8,103.2,44.0,0.0
2026000058,오티에르 반포,11,서울,2026-03-31,2026,1,2,144160,342.5,103.2,44.8507,0.0
2026000058,오티에르 반포,11,서울,2026-03-31,2026,1,2,146220,329.0,103.2,45.0,0.0
2026000058,오티에르 반포,11,서울,2026-03-31,2026,1,3,148860,416.33,103.2,45.9415,0.0
2026000058,오티에르 반포,11,서울,2026-03-31,2026,1,3,204610,939.67,103.2,59.5839,0.0
2026000058,오티에르 반포,11,서울,2026-03-31,2026,1,15,200550,1180.87,103.2,59.3427,0.0
2026000058,오티에르 반포,11,서울,2026-03-31,2026,1,4,275650,769.25,103.2,84.9499,0.0
2026000058,오티에르 반포,11,서울,2026-03-31,2026,1,1,316860,160.0,103.2,97.5311,0.0
2026000058,오티에르 반포,11,서울,2026-03-31,2026,1,2,309870,174.5,103.2,97.6619,0.0
2026000058,오티에르 반포,11,서울,2026-03-31,2026,1,1,347090,106.0,103.2,113.9162,0.0
2026000058,오티에르 반포,11,서울,2026-03-31,2026,1,3,358790,101.33,103.2,113.4788,0.0
2026000058,오티에르 반포,11,서울,2026-03-31,2026,1,2,366890,153.0,103.2,115.9969,0.0
2026000055,의정부역 센트럴 아이파크,41,경기,2026-03-26,2026,1,37,73700,1.19,101.7,74.6029,0.0
2026000055,의정부역 센트럴 아이파크,41,경기,2026-03-26,2026,1,74,82600,1.04,101.7,84.8422,0.0
2026000051,아산탕정자이 메트로시티(A3BL),44,충남,2026-03-20,2026,1,62,43200,2.97,101.7,59.9941,0.0
2026000051,아산탕정자이 메트로시티(A3BL),44,충남,2026-03-20,2026,1,17,42100,10.0,101.7,59.9843,0.0
2026000051,아산탕정자이 메트로시티(A3BL),44,충남,2026-03-20,2026,1,436,55900,5.38,101.7,84.9905,0.0
2026000051,아산탕정자이 메트로시티(A3BL),44,충남,2026-03-20,2026,1,152,55900,19.0,101.7,84.9923,0.0
2026000051,아산탕정자이 메트로시티(A3BL),44,충남,2026-03-20,2026,1,33,55200,2.63,101.7,84.9921,0.0
2026000051,아산탕정자이 메트로시티(A3BL),44,충남,2026-03-20,2026,1,33,56100,1.11,101.7,84.9921,0.0
2026000051,아산탕정자이 메트로시티(A3BL),44,충남,2026-03-20,2026,1,16,55900,1.11,101.7,84.9409,0.0
2026000049,"옥정중앙역 대방 디에트르(중상1, 복합1BL)",41,경기,2026-04-09,2026,2,362,61597,6.39,101.7,84.7277,32.0
2026000048,이촌 르엘,11,서울,2026-03-30,2026,1,19,272900,254.05,103.2,100.93,0.0
2026000048,이촌 르엘,11,서울,2026-03-30,2026,1,20,285800,181.85,103.2,106.1,0.0
2026000048,이촌 르엘,11,서울,2026-03-30,2026,1,12,313900,36.83,103.2,117.07,0.0
2026000048,이촌 르엘,11,서울,2026-03-30,2026,1,11,324500,50.45,103.2,118.03,0.0
2026000048,이촌 르엘,11,서울,2026-03-30,2026,1,16,330400,66.69,103.2,122.88,0.0
2026000047,범어역 파크드림 디아르,27,대구,2026-03-27,2026,1,12,83210,42.75,101.7,73.1594,0.0
2026000047,범어역 파크드림 디아르,27,대구,2026-03-27,2026,1,6,84490,78.33,101.7,74.8544,0.0
2026000047,범어역 파크드림 디아르,27,대구,2026-03-27,2026,1,3,97350,339.0,101.7,84.9453,0.0
2026000044,용인 플랫폼시티 라온프라이빗 아르디에,41,경기,2026-03-13,2026,1,36,79800,18.0,101.7,84.6802,0.0
2026000044,용인 플랫폼시티 라온프라이빗 아르디에,41,경기,2026-03-13,2026,1,18,82800,10.67,101.7,84.6968,0.0
2026000044,용인 플랫폼시티 라온프라이빗 아르디에,41,경기,2026-03-13,2026,1,8,78800,1.1,101.7,84.6402,0.0
2026000043,부천역 에피트 어바닉,41,경기,2026-03-06,2026,1,11,44110,1.27,101.7,52.1088,0.0
2026000043,부천역 에피트 어바닉,41,경기,2026-03-06,2026,1,11,47495,18.0,101.7,55.0641,0.0
2026000043,부천역 에피트 어바닉,41,경기,2026-03-06,2026,1,11,55024,7.0,101.7,64.5397,0.0
2026000043,부천역 에피트 어바닉,41,경기,2026-03-06,2026,1,9,55332,5.0,101.7,64.2641,0.0
2026000043,부천역 에피트 어바닉,41,경기,2026-03-06,2026,1,1,57219,9.0,101.7,67.084,0.0
2026000039,래미안 엘라비네,11,서울,2026-03-06,2026,1,7,90200,140.14,103.2,44.84,0.0
2026000039,래미안 엘라비네,11,서울,2026-03-06,2026,1,5,142900,228.8,103.2,59.53,0.0
2026000039,래미안 엘라비네,11,서울,2026-03-06,2026,1,17,168800,15.71,103.2,76.21,0.0
2026000039,래미안 엘라비네,11,서울,2026-03-06,2026,1,39,184800,16.64,103.2,84.53,0.0
2026000039,래미안 엘라비네,11,서울,2026-03-06,2026,1,33,182000,6.09,103.2,84.32,0.0
2026000039,래미안 엘라비네,11,서울,2026-03-06,2026,1,6,180200,10.5,103.2,84.1,0.0
2026000039,래미안 엘라비네,11,서울,2026-03-06,2026,1,6,182000,9.5,103.2,84.33,0.0
2026000039,래미안 엘라비네,11,서울,2026-03-06,2026,1,24,223700,2.67,103.2,115.22,0.0
2026000038,상주자이르네,47,경북,2026-03-09,2026,1,30,45520,21.0,101.7,84.9851,0.0
2026000036,e편한세상 여수 글렌츠,46,전남,2026-03-06,2026,1,8,41993,1.18,101.7,59.8613,0.0
2026000036,e편한세상 여수 글렌츠,46,전남,2026-03-06,2026,1,13,58867,1.3,101.7,84.9516,0.0
2026000030,힐스테이트 오산 더퍼스트(조합원 자격상실 및 제명세대)(2회차),41,경기,2026-02-19,2026,1,3,37655,2.0,101.7,59.9944,0.0
2026000030,힐스테이트 오산 더퍼스트(조합원 자격상실 및 제명세대)(2회차),41,경기,2026-02-19,2026,1,4,39900,11.0,101.7,64.9972,0.0
2026000030,힐스테이트 오산 더퍼스트(조합원 자격상실 및 제명세대)(2회차),41,경기,2026-02-19,2026,1,2,52684,11.0,101.7,84.9773,0.0
2026000028,해링턴플레이스 노원 센트럴,11,서울,2026-02-20,2026,1,11,87000,8.64,103.2,59.7419,0.0
2026000028,해링턴플레이스 노원 센트럴,11,서울,2026-02-20,2026,1,12,87000,3.42,103.2,59.6793,0.0
2026000028,해링턴플레이스 노원 센트럴,11,서울,2026-02-20,2026,1,6,87000,4.0,103.2,59.6793,0.0
2026000023,더샵 프리엘라,11,서울,2026-03-12,2026,1,8,88500,145.75,103.2,44.98,0.0
2026000023,더샵 프리엘라,11,서울,2026-03-12,2026,1,1,130039,896.0,103.2,59.97,0.0
2026000023,더샵 프리엘라,11,서울,2026-03-12,2026,1,5,124982,130.4,103.2,59.99,0.0
2026000023,더샵 프리엘라,11,서울,2026-03-12,2026,1,8,126491,142.38,103.2,59.99,0.0
2026000023,더샵 프리엘라,11,서울,2026-03-12,2026,1,15,150760,52.47,103.2,74.99,0.0
2026000023,더샵 프리엘라,11,서울,2026-03-12,2026,1,8,147265,29.5,103.2,74.99,0.0
2026000023,더샵 프리엘라,11,서울,2026-03-12,2026,1,15,179888,43.33,103.2,84.99,0.0
2026000023,더샵 프리엘라,11,서울,2026-03-12,2026,1,3,176639,32.0,103.2,84.98,0.0
2026000020,금정산 하늘채 루미엘,26,부산,2026-02-13,2026,1,1,67460,3.0,101.7,59.3377,0.0
2026000019,구리역 하이니티 리버파크,41,경기,2026-02-11,2026,1,64,81270,39.0,101.7,44.3798,0.0
2026000019,구리역 하이니티 리버파크,41,경기,2026-02-11,2026,1,163,101360,1.38,101.7,59.9913,0.0
2026000019,구리역 하이니티 리버파크,41,경기,2026-02-11,2026,1,8,124140,2.0,101.7,77.9949,0.0
2026000019,구리역 하이니티 리버파크,41,경기,2026-02-11,2026,1,82,135070,2.59,101.7,84.9908,0.0
2026000017,쌍용 더 플래티넘 온수역,41,경기,2026-02-13,2026,1,46,89150,3.98,101.7,59.9563,0.0
2026000017,쌍용 더 플래티넘 온수역,41,경기,2026-02-13,2026,1,59,86830,3.0,101.7,59.8585,0.0
2026000017,쌍용 더 플래티넘 온수역,41,경기,2026-02-13,2026,1,4,113760,8.0,101.7,84.9174,0.0
2026000015,천안 아이파크 시티 6단지,44,충남,2026-02-20,2026,1,102,58940,3.42,101.7,84.8786,0.0
2026000015,천안 아이파크 시티 6단지,44,충남,2026-02-20,2026,1,130,60660,40.75,101.7,84.9587,0.0
2026000014,천안 아이파크 시티 5단지,44,충남,2026-02-20,2026,1,143,59160,3.53,101.7,84.8786,0.0
2026000014,천안 아이파크 시티 5단지,44,충남,2026-02-20,2026,1,52,60840,4.76,101.7,84.9323,0.0
2026000014,천안 아이파크 시티 5단지,44,충남,2026-02-20,2026,1,25,60030,48.76,101.7,84.9587,0.0
2026000012,경성대부경대역 비스타동원 더 프리미엄,26,부산,2026-03-27,2026,1,2,96600,5.0,101.7,84.974,0.0
2026000010,두산위브 더센트럴 부평(조합원 취소분),28,인천,2026-01-30,2026,1,1,49670,9.0,101.7,52.185,0.0
2026000010,두산위브 더센트럴 부평(조합원 취소분),28,인천,2026-01-30,2026,1,8,60890,1.63,101.7,63.8777,0.0
2026000010,두산위브 더센트럴 부평(조합원 취소분),28,인천,2026-01-30,2026,1,1,62050,6.0,101.7,69.7776,0.0
2026000010,두산위브 더센트럴 부평(조합원 취소분),28,인천,2026-01-30,2026,1,2,69980,5.0,101.7,74.9952,0.0
2026000010,두산위브 더센트럴 부평(조합원 취소분),28,인천,2026-01-30,2026,1,4,76100,4.25,101.7,84.955,0.0
2026000010,두산위브 더센트럴 부평(조합원 취소분),28,인천,2026-01-30,2026,1,5,76580,4.0,101.7,84.8815,0.0
2026000002,e편한세상 센텀 하이베뉴,26,부산,2026-01-30,2026,1,74,61801,1.07,101.7,59.9884,0.0
2025000660,드파인 연희,11,서울,2026-01-09,2026,1,45,124300,66.16,103.2,59.8557,0.0
2025000660,드파인 연희,11,서울,2026-01-09,2026,1,34,120100,44.88,103.2,59.9967,0.0
2025000660,드파인 연희,11,서울,2026-01-09,2026,1,5,133100,26.0,103.2,74.8333,0.0
2025000660,드파인 연희,11,서울,2026-01-09,2026,1,5,133000,19.2,103.2,74.8428,0.0
2025000660,드파인 연희,11,서울,2026-01-09,2026,1,1,126300,33.0,103.2,74.6908,0.0
2025000660,드파인 연희,11,서울,2026-01-09,2026,1,5,137900,23.2,103.2,75.5884,0.0
2025000660,드파인 연희,11,서울,2026-01-09,2026,1,5,137800,29.6,103.2,75.5884,0.0
2025000660,드파인 연희,11,서울,2026-01-09,2026,1,1,129000,29.0,103.2,75.4474,0.0
2025000660,드파인 연희,11,서울,2026-01-09,2026,1,10,152500,55.6,103.2,84.9774,0.0
2025000660,드파인 연희,11,서울,2026-01-09,2026,1,10,152400,35.7,103.2,84.9767,0.0
2025000660,드파인 연희,11,서울,2026-01-09,2026,1,6,140700,16.5,103.2,84.9767,0.0
2025000660,드파인 연희,11,서울,2026-01-09,2026,1,8,156500,25.38,103.2,84.9736,0.0
2025000660,드파인 연희,11,서울,2026-01-09,2026,1,7,156400,31.57,103.2,84.9729,0.0
2025000660,드파인 연희,11,서울,2026-01-09,2026,1,2,140300,10.0,103.2,84.9729,0.0
2025000660,드파인 연희,11,서울,2026-01-09,2026,1,2,154600,23.0,103.2,84.9139,0.0
2025000660,드파인 연희,11,서울,2026-01-09,2026,1,2,144200,15.5,103.2,84.9139,0.0
2025000660,드파인 연희,11,서울,2026-01-09,2026,1,2,139700,16.5,103.2,84.9139,0.0
2025000660,드파인 연희,11,서울,2026-01-09,2026,1,1,235900,34.0,103.2,115.9277,0.0
2025000657,평택화양 서희스타힐스 센트럴파크(조합원 취소분),41,경기,2026-01-23,2026,1,2,34200,8.0,101.7,59.9927,0.0
2025000657,평택화양 서희스타힐스 센트럴파크(조합원 취소분),41,경기,2026-01-23,2026,1,6,45200,1.11,101.7,84.6048,0.0
2025000652,안양역 센트럴 아이파크 수자인,41,경기,2026-01-23,2026,1,6,55040,1.17,101.7,39.2437,0.0
2025000652,안양역 센트럴 아이파크 수자인,41,경기,2026-01-23,2026,1,138,65420,1.14,101.7,43.2386,0.0
2025000652,안양역 센트럴 아이파크 수자인,41,경기,2026-01-23,2026,1,21,65980,79.0,101.7,43.0681,0.0
2025000652,안양역 센트럴 아이파크 수자인,41,경기,2026-01-23,2026,1,3,94970,20.0,101.7,59.9208,0.0
2025000652,안양역 센트럴 아이파크 수자인,41,경기,2026-01-23,2026,1,16,94240,11.06,101.7,59.8628,0.0
2025000652,안양역 센트럴 아이파크 수자인,41,경기,2026-01-23,2026,1,1,126070,41.0,101.7,84.3197,0.0
2025000650,힐스테이트 물금센트럴,48,경남,2025-12-31,2025,4,32,54900,1.11,101.7,84.8935,0.0
2025000640,강릉역 경남아너스빌 더 센트로(조합원 취소분),51,강원,2025-12-26,2025,4,3,42415,1.33,101.7,59.6657,0.0
2025000639,서귀포시 서홍동 형남아파트6차,50,제주,2026-01-16,2026,1,4,50800,3.0,101.7,84.8387,0.0
2025000639,서귀포시 서홍동 형남아파트6차,50,제주,2026-01-16,2026,1,4,51300,4.0,101.7,84.8387,0.0
2025000629,동래 푸르지오 에듀포레,26,부산,2025-12-19,2025,4,8,70390,2.53,101.7,74.5107,0.0
2025000629,동래 푸르지오 에듀포레,26,부산,2025-12-19,2025,4,5,72280,1.07,101.7,76.9205,0.0
2025000628,북오산자이 리버블시티,41,경기,2026-01-09,2026,1,88,48170,42.0,101.7,59.9984,0.0
2025000622,수지자이 에디시온,41,경기,2025-12-19,2025,4,32,151300,68.0,101.7,84.9671,0.0
2025000616,둔산 자이 아이파크(보류지),30,대전,2025-12-19,2025,4,18,82180,178.28,101.7,84.99,0.0
2025000615,둔산 자이 아이파크,30,대전,2025-12-12,2025,4,12,67800,940.83,101.7,84.99,0.0
2025000610,태화강 센트럴 아이파크,31,울산,2025-12-19,2025,4,192,81500,3.77,101.7,84.9714,0.0
2025000610,태화강 센트럴 아이파크,31,울산,2025-12-19,2025,4,123,81200,2.51,101.7,84.9447,0.0
2025000606,힐스테이트 선암호수공원 2단지,31,울산,2025-12-19,2025,4,47,92610,2.25,101.7,84.2012,0.0
2025000606,힐스테이트 선암호수공원 2단지,31,울산,2025-12-19,2025,4,32,93390,1.06,101.7,84.2325,0.0
2025000601,창원 센트럴 아이파크,48,경남,2025-11-28,2025,4,18,68530,643.67,101.7,59.604,0.0
2025000595,더샵 분당센트로,41,경기,2025-12-31,2025,4,2,149000,105.5,101.7,60.57,0.0
2025000595,더샵 분당센트로,41,경기,2025-12-31,2025,4,1,149200,80.0,101.7,60.94,0.0
2025000595,더샵 분당센트로,41,경기,2025-12-31,2025,4,1,164000,17.0,101.7,64.38,0.0
2025000595,더샵 분당센트로,41,경기,2025-12-31,2025,4,1,182200,8.0,101.7,71.59,0.0
2025000595,더샵 분당센트로,41,경기,2025-12-31,2025,4,1,188300,9.0,101.7,73.54,0.0
2025000595,더샵 분당센트로,41,경기,2025-12-31,2025,4,1,183300,10.0,101.7,73.59,0.0
2025000595,더샵 분당센트로,41,경기,2025-12-31,2025,4,22,199700,9.05,101.7,78.44,0.0
2025000595,더샵 분당센트로,41,경기,2025-12-31,2025,4,11,218000,14.0,101.7,84.08,0.0
2025000591,시흥거모 엘가 로제비앙,41,경기,2025-11-28,2025,4,44,45880,13.5,101.7,61.9953,35.0
2025000585,인천 검단신도시 AB13블록 호반써밋Ⅲ(본청약),28,인천,2025-11-24,2025,4,25,55810,143.42,101.7,84.9955,63.0
2025000585,인천 검단신도시 AB13블록 호반써밋Ⅲ(본청약),28,인천,2025-11-24,2025,4,59,56590,143.83,101.7,84.9697,63.0
2025000585,인천 검단신도시 AB13블록 호반써밋Ⅲ(본청약),28,인천,2025-11-24,2025,4,24,56190,86.5,101.7,84.9692,60.0
2025000585,인천 검단신도시 AB13블록 호반써밋Ⅲ(본청약),28,인천,2025-11-24,2025,4,20,54290,76.3,101.7,84.9328,54.0
2025000582,송도 한내들 센트럴리버,28,인천,2025-12-04,2025,4,4,125000,14.5,101.7,84.0,42.0
2025000581,이천 중리지구 B3블록 금성백조 예미지,41,경기,2025-12-12,2025,4,39,53800,1.48,101.7,84.997,0.0
2025000580,울산 호수공원 에일린의 뜰 2단지,31,울산,2025-11-21,2025,4,25,52400,43.52,101.7,59.9836,0.0
2025000580,울산 호수공원 에일린의 뜰 2단지,31,울산,2025-11-21,2025,4,23,69700,10.21,101.7,84.9688,0.0
2025000580,울산 호수공원 에일린의 뜰 2단지,31,울산,2025-11-21,2025,4,22,69700,1.63,101.7,84.8414,0.0
2025000580,울산 호수공원 에일린의 뜰 2단지,31,울산,2025-11-21,2025,4,13,68700,1.86,101.7,84.8705,0.0
2025000579,울산 호수공원 에일린의 뜰 1단지,31,울산,2025-11-21,2025,4,73,69200,16.68,101.7,84.9279,0.0
2025000579,울산 호수공원 에일린의 뜰 1단지,31,울산,2025-11-21,2025,4,15,69200,3.52,101.7,84.8705,0.0
2025000579,울산 호수공원 에일린의 뜰 1단지,31,울산,2025-11-21,2025,4,11,69200,14.0,101.7,84.8152,0.0
2025000572,포레나더샵 인천시청역,28,인천,2026-01-30,2026,1,23,50440,2.96,101.7,49.9664,0.0
2025000572,포레나더샵 인천시청역,28,인천,2026-01-30,2026,1,174,66560,2.03,101.7,59.9954,0.0
2025000572,포레나더샵 인천시청역,28,인천,2026-01-30,2026,1,140,66440,2.46,101.7,59.98,0.0
2025000566,역삼센트럴자이,11,서울,2025-12-05,2025,4,6,201200,1692.33,103.2,59.98,0.0
2025000566,역삼센트럴자이,11,서울,2025-12-05,2025,4,19,281300,467.53,103.2,84.97,0.0
2025000566,역삼센트럴자이,11,서울,2025-12-05,2025,4,6,269700,115.5,103.2,84.96,0.0
2025000566,역삼센트럴자이,11,서울,2025-12-05,2025,4,6,275000,141.0,103.2,84.98,0.0
2025000566,역삼센트럴자이,11,서울,2025-12-05,2025,4,2,281100,154.0,103.2,84.96,0.0
2025000566,역삼센트럴자이,11,서울,2025-12-05,2025,4,5,379800,109.6,103.2,122.99,0.0
2025000563,엘리프 세종 스마트시티,36,세종,2025-11-21,2025,4,25,46100,8.6,101.7,59.9552,54.0
2025000563,엘리프 세종 스마트시티,36,세종,2025-11-21,2025,4,8,45200,6.38,101.7,59.9832,46.0
2025000563,엘리프 세종 스마트시티,36,세종,2025-11-21,2025,4,29,57200,4.83,101.7,74.8763,55.0
2025000563,엘리프 세종 스마트시티,36,세종,2025-11-21,2025,4,16,60500,3.63,101.7,80.128,49.0
2025000563,엘리프 세종 스마트시티,36,세종,2025-11-21,2025,4,4,59600,3.44,101.7,80.2425,46.0
2025000563,엘리프 세종 스마트시티,36,세종,2025-11-21,2025,4,44,65500,14.66,101.7,84.8262,64.0
2025000563,엘리프 세종 스마트시티,36,세종,2025-11-21,2025,4,12,62800,13.42,101.7,84.0,63.0
2025000563,엘리프 세종 스마트시티,36,세종,2025-11-21,2025,4,25,64200,3.9,101.7,84.806,50.0
2025000563,엘리프 세종 스마트시티,36,세종,2025-11-21,2025,4,7,62800,20.43,101.7,84.0,63.0
2025000563,엘리프 세종 스마트시티,36,세종,2025-11-21,2025,4,2,66750,58.5,101.7,84.8616,69.0
2025000560,시티오씨엘 8단지,28,인천,2025-11-21,2025,4,73,47770,6.22,101.7,59.9801,0.0
2025000560,시티오씨엘 8단지,28,인천,2025-11-21,2025,4,71,59980,2.13,101.7,75.9096,0.0
2025000556,힐스테이트 광명 11,41,경기,2025-11-07,2025,4,14,61020,9.5,101.7,39.99,0.0
2025000556,힐스테이트 광명 11,41,경기,2025-11-07,2025,4,3,56440,10.67,101.7,39.64,0.0
2025000556,힐스테이트 광명 11,41,경기,2025-11-07,2025,4,57,97640,5.04,101.7,51.83,0.0
2025000556,힐스테이트 광명 11,41,경기,2025-11-07,2025,4,176,116940,5.36,101.7,59.83,0.0
2025000556,힐스테이트 광명 11,41,경기,2025-11-07,2025,4,9,112260,4.56,101.7,59.92,0.0
2025000556,힐스테이트 광명 11,41,경기,2025-11-07,2025,4,26,113240,7.62,101.7,59.96,0.0
2025000556,힐스테이트 광명 11,41,경기,2025-11-07,2025,4,4,135300,14.5,101.7,74.97,0.0
2025000556,힐스테이트 광명 11,41,경기,2025-11-07,2025,4,6,138610,8.83,101.7,74.98,0.0
2025000556,힐스테이트 광명 11,41,경기,2025-11-07,2025,4,1,164100,32.0,101.7,84.99,0.0
2025000555,풍무역세권 수자인 그라센트 1차,41,경기,2025-11-07,2025,4,91,55830,5.52,101.7,59.9941,0.0
2025000555,풍무역세권 수자인 그라센트 1차,41,경기,2025-11-07,2025,4,21,55720,5.29,101.7,59.9976,0.0
2025000555,풍무역세권 수자인 그라센트 1차,41,경기,2025-11-07,2025,4,264,70650,3.31,101.7,84.9939,0.0
2025000552,한화포레나 부산대연,26,부산,2025-12-12,2025,4,55,81400,18.75,101.7,59.8962,0.0
2025000550,엘리프 원종,41,경기,2025-11-14,2025,4,8,52030,9.0,101.7,59.98,0.0
2025000550,엘리프 원종,41,경기,2025-11-14,2025,4,5,50420,5.0,101.7,59.92,0.0
2025000550,엘리프 원종,41,경기,2025-11-14,2025,4,27,50300,12.0,101.7,59.96,0.0
2025000550,엘리프 원종,41,경기,2025-11-14,2025,4,5,62150,2.5,101.7,72.23,0.0
2025000550,엘리프 원종,41,경기,2025-11-14,2025,4,4,62510,1.75,101.7,74.86,0.0
2025000549,의왕시청역 SK VIEW IPARK,41,경기,2025-11-21,2025,4,63,49640,49.0,101.7,46.9755,0.0
2025000549,의왕시청역 SK VIEW IPARK,41,경기,2025-11-21,2025,4,46,61740,22.64,101.7,51.6612,0.0
2025000549,의왕시청역 SK VIEW IPARK,41,경기,2025-11-21,2025,4,185,79460,69.0,101.7,59.7982,0.0
2025000549,의왕시청역 SK VIEW IPARK,41,경기,2025-11-21,2025,4,67,77700,60.0,101.7,59.7763,0.0
2025000549,의왕시청역 SK VIEW IPARK,41,경기,2025-11-21,2025,4,24,91160,2.21,101.7,74.7931,0.0
2025000549,의왕시청역 SK VIEW IPARK,41,경기,2025-11-21,2025,4,38,89270,18.0,101.7,74.7807,0.0
2025000549,의왕시청역 SK VIEW IPARK,41,경기,2025-11-21,2025,4,15,100720,3.53,101.7,84.7394,0.0
2025000541,도룡자이 라피크,30,대전,2025-10-30,2025,4,11,140600,23.64,101.7,84.731,0.0
2025000541,도룡자이 라피크,30,대전,2025-10-30,2025,4,31,143500,52.0,101.7,84.8316,0.0
2025000541,도룡자이 라피크,30,대전,2025-10-30,2025,4,22,140400,11.19,101.7,84.8634,0.0
2025000537,성남복정1지구 B1블록 복정역 에피트,41,경기,2025-11-14,2025,4,60,124900,46.35,101.7,84.4484,0.0
2025000537,성남복정1지구 B1블록 복정역 에피트,41,경기,2025-11-14,2025,4,26,119900,24.0,101.7,84.933,0.0
2025000537,성남복정1지구 B1블록 복정역 에피트,41,경기,2025-11-14,2025,4,24,124300,25.21,101.7,84.6066,0.0
2025000535,두류센트레빌 더 파크(조합원 취소분)(2회차),27,대구,2025-10-31,2025,4,1,71000,3.0,101.7,78.3408,0.0
2025000532,송천 아르티엠 더 숲,52,전북,2025-11-14,2025,4,56,56990,36.59,101.7,84.9968,0.0
2025000532,송천 아르티엠 더 숲,52,전북,2025-11-14,2025,4,5,55200,7.09,101.7,84.9578,0.0
2025000532,송천 아르티엠 더 숲,52,전북,2025-11-14,2025,4,13,55990,9.08,101.7,84.9807,0.0
2025000532,송천 아르티엠 더 숲,52,전북,2025-11-14,2025,4,36,56290,6.91,101.7,84.7759,0.0
2025000527,반포 래미안 트리니원,11,서울,2025-10-31,2025,4,103,208800,245.16,103.2,59.94,0.0
2025000527,반포 래미안 트리니원,11,서울,2025-10-31,2025,4,58,213100,198.59,103.2,59.98,0.0
2025000527,반포 래미안 트리니원,11,서울,2025-10-31,2025,4,13,200600,152.31,103.2,59.85,0.0
2025000527,반포 래미안 트리니원,11,서울,2025-10-31,2025,4,34,206700,143.26,103.2,59.91,0.0
2025000527,반포 래미안 트리니원,11,서울,2025-10-31,2025,4,6,268400,457.33,103.2,84.91,0.0
2025000527,반포 래미안 트리니원,11,서울,2025-10-31,2025,4,14,274900,531.43,103.2,84.96,0.0
2025000527,반포 래미안 트리니원,11,서울,2025-10-31,2025,4,2,270700,413.5,103.2,84.96,0.0
2025000526,김해율하 더스카이시티 제니스앤프라우(조합원취소분),48,경남,2025-11-14,2025,4,4,42080,1.0,101.7,74.7351,0.0
2025000526,김해율하 더스카이시티 제니스앤프라우(조합원취소분),48,경남,2025-11-14,2025,4,5,48370,7.6,101.7,84.9432,0.0
2025000524,용인 푸르지오 원클러스터파크,41,경기,2025-12-12,2025,4,4,52100,3.67,101.7,80.9668,0.0
2025000514,풍무역 푸르지오 더 마크,41,경기,2025-10-24,2025,4,206,63500,7.82,101.7,74.0807,0.0
2025000514,풍무역 푸르지오 더 마크,41,경기,2025-10-24,2025,4,77,63300,3.27,101.7,74.0362,0.0
2025000514,풍무역 푸르지오 더 마크,41,경기,2025-10-24,2025,4,179,71000,19.6,101.7,84.629,0.0
2025000514,풍무역 푸르지오 더 마크,41,경기,2025-10-24,2025,4,40,69100,11.03,101.7,84.9946,0.0
2025000514,풍무역 푸르지오 더 마크,41,경기,2025-10-24,2025,4,22,71000,8.32,101.7,84.5088,0.0
2025000510,두산위브 더센트럴 수원,41,경기,2026-02-27,2026,1,92,79090,7.65,101.7,59.9371,0.0
2025000510,두산위브 더센트럴 수원,41,경기,2026-02-27,2026,1,33,78670,4.09,101.7,59.9137,0.0
2025000510,두산위브 더센트럴 수원,41,경기,2026-02-27,2026,1,1,94820,32.0,101.7,84.4545,0.0
2025000510,두산위브 더센트럴 수원,41,경기,2026-02-27,2026,1,1,95640,36.0,101.7,84.808,0.0
2025000506,엠타워 디루체,41,경기,2025-10-28,2025,4,4,55900,6.0,101.7,46.97,0.0
2025000506,엠타워 디루체,41,경기,2025-10-28,2025,4,4,62000,3.0,101.7,60.16,0.0
2025000506,엠타워 디루체,41,경기,2025-10-28,2025,4,4,60200,3.0,101.7,67.05,0.0
2025000506,엠타워 디루체,41,경기,2025-10-28,2025,4,1,68400,3.0,101.7,68.38,0.0
2025000501,더샵 분당티에르원,41,경기,2025-10-31,2025,4,20,197400,60.4,101.7,66.0,0.0
2025000501,더샵 분당티에르원,41,경기,2025-10-31,2025,4,4,231800,29.5,101.7,74.0,0.0
2025000501,더샵 분당티에르원,41,경기,2025-10-31,2025,4,5,268400,72.4,101.7,84.95,0.0
2025000501,더샵 분당티에르원,41,경기,2025-10-31,2025,4,2,267700,39.0,101.7,84.7,0.0
2025000501,더샵 분당티에르원,41,경기,2025-10-31,2025,4,1,256700,95.0,101.7,84.69,0.0
2025000501,더샵 분당티에르원,41,경기,2025-10-31,2025,4,3,250900,15.0,101.7,84.62,0.0
2025000501,더샵 분당티에르원,41,경기,2025-10-31,2025,4,1,250200,18.0,101.7,84.32,0.0
2025000501,더샵 분당티에르원,41,경기,2025-10-31,2025,4,11,253200,37.73,101.7,84.0,0.0
2025000499,김포 풍무역세권 B5블록 호반써밋,41,경기,2025-10-17,2025,4,110,70860,14.01,101.7,84.9371,0.0
2025000499,김포 풍무역세권 B5블록 호반써밋,41,경기,2025-10-17,2025,4,62,68900,4.74,101.7,84.9284,0.0
2025000498,트리븐 서산,44,충남,2025-10-23,2025,4,289,53338,6.97,101.7,84.9851,0.0
2025000497,아크로 드 서초,11,서울,2026-03-20,2026,1,2,179415,646.5,103.2,59.37,0.0
2025000497,아크로 드 서초,11,서울,2026-03-20,2026,1,26,186490,1135.96,103.2,59.37,0.0
2025000497,아크로 드 서초,11,서울,2026-03-20,2026,1,2,179340,1072.5,103.2,59.21,0.0
2025000487,운정 아이파크 시티,41,경기,2025-10-24,2025,4,110,48520,1.08,101.7,63.8043,0.0
2025000472,만안역 중앙하이츠 포레,41,경기,2025-10-24,2025,4,16,66580,1.31,101.7,59.9241,0.0
2025000472,만안역 중앙하이츠 포레,41,경기,2025-10-24,2025,4,6,73850,1.5,101.7,66.6115,0.0
2025000472,만안역 중앙하이츠 포레,41,경기,2025-10-24,2025,4,5,75910,21.0,101.7,66.6793,0.0
2025000472,만안역 중앙하이츠 포레,41,경기,2025-10-24,2025,4,1,78290,10.0,101.7,75.7005,0.0
2025000468,오룡2지구 지엔하임 38블록,46,전남,2025-10-17,2025,4,96,42130,2.91,101.7,84.9933,0.0
2025000468,오룡2지구 지엔하임 38블록,46,전남,2025-10-17,2025,4,17,42210,4.38,101.7,84.9826,0.0
2025000468,오룡2지구 지엔하임 38블록,46,전남,2025-10-17,2025,4,7,42300,4.31,101.7,84.8918,0.0
2025000467,오룡2지구 지엔하임 37블록,46,전남,2025-10-17,2025,4,96,41980,2.03,101.7,84.9933,0.0
2025000467,오룡2지구 지엔하임 37블록,46,전남,2025-10-17,2025,4,17,42350,15.65,101.7,84.8918,0.0
2025000466,두산위브더제니스 청주 센트럴파크,43,충북,2025-10-17,2025,4,52,36400,1.96,101.7,59.7861,0.0
2025000466,두산위브더제니스 청주 센트럴파크,43,충북,2025-10-17,2025,4,7,37100,5.71,101.7,59.9447,0.0
2025000466,두산위브더제니스 청주 센트럴파크,43,충북,2025-10-17,2025,4,125,49100,1.96,101.7,84.3782,0.0
2025000464,김해 안동 에피트,48,경남,2025-11-07,2025,4,4,38012,1.8,101.7,59.9722,0.0
2025000462,더파크 비스타동원,26,부산,2025-10-10,2025,4,12,60730,1.05,101.7,84.9852,0.0
2025000450,중흥S-클래스 힐더포레,41,경기,2025-09-19,2025,3,66,69900,43.0,101.7,59.5377,0.0
2025000450,중흥S-클래스 힐더포레,41,경기,2025-09-19,2025,3,18,69650,7.0,101.7,59.994,0.0
2025000450,중흥S-클래스 힐더포레,41,경기,2025-09-19,2025,3,25,67430,22.0,101.7,59.5377,0.0
2025000450,중흥S-클래스 힐더포레,41,경기,2025-09-19,2025,3,4,67190,1.25,101.7,59.994,0.0
2025000450,중흥S-클래스 힐더포레,41,경기,2025-09-19,2025,3,2,69430,2.0,101.7,59.5377,0.0
2025000450,중흥S-클래스 힐더포레,41,경기,2025-09-19,2025,3,1,69190,5.0,101.7,59.994,0.0
2025000450,중흥S-클래스 힐더포레,41,경기,2025-09-19,2025,3,2,71980,5.0,101.7,59.5377,0.0
2025000450,중흥S-클래스 힐더포레,41,경기,2025-09-19,2025,3,3,71720,1.0,101.7,59.994,0.0
2025000450,중흥S-클래스 힐더포레,41,경기,2025-09-19,2025,3,64,95570,70.0,101.7,84.9759,0.0
2025000450,중흥S-클래스 힐더포레,41,경기,2025-09-19,2025,3,43,92170,84.0,101.7,84.9759,0.0
2025000450,중흥S-클래스 힐더포레,41,경기,2025-09-19,2025,3,3,94910,3.0,101.7,84.9759,0.0
2025000450,중흥S-클래스 힐더포레,41,경기,2025-09-19,2025,3,5,98410,6.0,101.7,84.9759,0.0
2025000448,아산모종 서한이다음 노블리스(A1BL),44,충남,2025-09-19,2025,3,54,43850,52.0,101.7,84.9936,0.0
2025000448,아산모종 서한이다음 노블리스(A1BL),44,충남,2025-09-19,2025,3,49,43850,1.87,101.7,84.9936,0.0
2025000445,청주 롯데캐슬 시그니처,43,충북,2025-09-26,2025,3,51,42046,2.39,101.7,67.8115,0.0
2025000445,청주 롯데캐슬 시그니처,43,충북,2025-09-26,2025,3,78,42140,1.68,101.7,67.8746,0.0
2025000445,청주 롯데캐슬 시그니처,43,충북,2025-09-26,2025,3,36,47667,5.56,101.7,76.9439,0.0
2025000445,청주 롯데캐슬 시그니처,43,충북,2025-09-26,2025,3,52,52577,16.94,101.7,84.9209,0.0
2025000443,두산위브더제니스 구미,47,경북,2025-10-15,2025,4,11,37830,5.73,101.7,59.9037,0.0
2025000443,두산위브더제니스 구미,47,경북,2025-10-15,2025,4,3,46960,4.33,101.7,74.9524,0.0
2025000443,두산위브더제니스 구미,47,경북,2025-10-15,2025,4,3,46740,1.5,101.7,74.5915,0.0
2025000443,두산위브더제니스 구미,47,경북,2025-10-15,2025,4,84,53380,14.6,101.7,84.7657,0.0
2025000443,두산위브더제니스 구미,47,경북,2025-10-15,2025,4,52,52950,2.07,101.7,84.7696,0.0
2025000440,힐스테이트 사직 아시아드,26,부산,2025-09-19,2025,3,11,62900,15.09,101.7,59.9648,0.0
2025000440,힐스테이트 사직 아시아드,26,부산,2025-09-19,2025,3,15,64500,11.87,101.7,59.976,0.0
2025000440,힐스테이트 사직 아시아드,26,부산,2025-09-19,2025,3,4,61800,7.0,101.7,59.974,0.0
2025000440,힐스테이트 사직 아시아드,26,부산,2025-09-19,2025,3,27,78000,6.74,101.7,78.9895,0.0
2025000440,힐스테이트 사직 아시아드,26,부산,2025-09-19,2025,3,4,84400,64.75,101.7,84.9012,0.0
2025000440,힐스테이트 사직 아시아드,26,부산,2025-09-19,2025,3,36,85700,29.11,101.7,84.9807,0.0
2025000440,힐스테이트 사직 아시아드,26,부산,2025-09-19,2025,3,26,84400,13.62,101.7,84.6669,0.0
2025000439,상봉 센트럴 아이파크,11,서울,2025-09-19,2025,3,22,137800,15.45,103.2,84.8422,0.0
2025000439,상봉 센트럴 아이파크,11,서울,2025-09-19,2025,3,23,138700,8.74,103.2,84.7662,0.0
2025000439,상봉 센트럴 아이파크,11,서울,2025-09-19,2025,3,23,138100,10.61,103.2,84.6747,0.0
2025000439,상봉 센트럴 아이파크,11,서울,2025-09-19,2025,3,23,138700,6.61,103.2,84.7184,0.0
2025000439,상봉 센트럴 아이파크,11,서울,2025-09-19,2025,3,22,137300,5.64,103.2,84.9194,0.0
2025000435,검단 센트레빌 에듀시티(AB8BL),28,인천,2025-09-19,2025,3,54,54850,2.49,101.7,74.89,32.0
2025000430,힐스테이트 이수역센트럴,11,서울,2025-10-02,2025,4,12,106850,181.17,103.2,44.7578,0.0
2025000430,힐스테이트 이수역센트럴,11,서울,2025-10-02,2025,4,3,112760,132.67,103.2,44.7578,0.0
2025000430,힐스테이트 이수역센트럴,11,서울,2025-10-02,2025,4,24,121500,265.33,103.2,49.5998,0.0
2025000430,힐스테이트 이수역센트럴,11,서울,2025-10-02,2025,4,10,130080,182.0,103.2,49.5998,0.0
2025000430,힐스테이트 이수역센트럴,11,서울,2025-10-02,2025,4,2,135600,685.0,103.2,49.0506,0.0
2025000430,힐스테이트 이수역센트럴,11,서울,2025-10-02,2025,4,3,174300,732.67,103.2,59.8988,0.0
2025000430,힐스테이트 이수역센트럴,11,서울,2025-10-02,2025,4,3,172380,477.67,103.2,59.4198,0.0
2025000430,힐스테이트 이수역센트럴,11,서울,2025-10-02,2025,4,2,194200,301.5,103.2,74.8268,0.0
2025000430,힐스테이트 이수역센트럴,11,서울,2025-10-02,2025,4,10,224460,447.9,103.2,84.8178,0.0
2025000430,힐스테이트 이수역센트럴,11,서울,2025-10-02,2025,4,3,215690,89.67,103.2,84.828,0.0
2025000430,힐스테이트 이수역센트럴,11,서울,2025-10-02,2025,4,1,213280,160.0,103.2,84.3466,0.0
2025000430,힐스테이트 이수역센트럴,11,서울,2025-10-02,2025,4,3,227850,155.0,103.2,84.8937,0.0
2025000429,철산역자이,41,경기,2025-09-19,2025,3,7,57400,7.71,101.7,39.97,0.0
2025000429,철산역자이,41,경기,2025-09-19,2025,3,55,79100,12.85,101.7,49.88,0.0
2025000429,철산역자이,41,경기,2025-09-19,2025,3,138,116800,7.41,101.7,59.98,0.0
2025000429,철산역자이,41,경기,2025-09-19,2025,3,74,114800,3.51,101.7,59.78,0.0
2025000429,철산역자이,41,경기,2025-09-19,2025,3,17,136000,11.76,101.7,74.77,0.0
2025000429,철산역자이,41,경기,2025-09-19,2025,3,6,130600,8.0,101.7,74.78,0.0
2025000429,철산역자이,41,경기,2025-09-19,2025,3,5,136000,7.2,101.7,74.84,0.0
2025000429,철산역자이,41,경기,2025-09-19,2025,3,6,157600,23.83,101.7,84.89,0.0
2025000429,철산역자이,41,경기,2025-09-19,2025,3,4,153100,10.25,101.7,84.73,0.0
2025000429,철산역자이,41,경기,2025-09-19,2025,3,1,157600,23.0,101.7,84.63,0.0
2025000428,두산위브앤수자인 부평 더퍼스트,28,인천,2025-09-19,2025,3,54,63690,2.3,101.7,59.9774,0.0
2025000428,두산위브앤수자인 부평 더퍼스트,28,인천,2025-09-19,2025,3,60,62950,2.38,101.7,59.9039,0.0
2025000428,두산위브앤수자인 부평 더퍼스트,28,인천,2025-09-19,2025,3,58,64600,2.16,101.7,59.9087,0.0
2025000428,두산위브앤수자인 부평 더퍼스트,28,인천,2025-09-19,2025,3,8,77170,10.0,101.7,74.9957,0.0
2025000428,두산위브앤수자인 부평 더퍼스트,28,인천,2025-09-19,2025,3,5,76330,6.4,101.7,74.1235,0.0
2025000428,두산위브앤수자인 부평 더퍼스트,28,인천,2025-09-19,2025,3,4,77870,6.5,101.7,74.5749,0.0
2025000425,인하대역 수자인 로이센트,28,인천,2025-10-24,2025,4,97,69710,1.06,101.7,84.9355,0.0
2025000425,인하대역 수자인 로이센트,28,인천,2025-10-24,2025,4,22,69910,3.18,101.7,84.9856,0.0
2025000425,인하대역 수자인 로이센트,28,인천,2025-10-24,2025,4,14,69570,2.0,101.7,84.9373,0.0
2025000423,안양자이 헤리티온,41,경기,2025-11-21,2025,4,49,69600,1.22,101.7,49.989,0.0
2025000423,안양자이 헤리티온,41,경기,2025-11-21,2025,4,15,69560,3.67,101.7,49.989,0.0
2025000423,안양자이 헤리티온,41,경기,2025-11-21,2025,4,15,69820,1.13,101.7,49.989,0.0
2025000423,안양자이 헤리티온,41,경기,2025-11-21,2025,4,89,91290,2.83,101.7,59.9949,0.0
2025000423,안양자이 헤리티온,41,경기,2025-11-21,2025,4,20,92110,1.4,101.7,59.9899,0.0
2025000423,안양자이 헤리티온,41,경기,2025-11-21,2025,4,21,91570,1.38,101.7,59.9905,0.0
2025000423,안양자이 헤리티온,41,경기,2025-11-21,2025,4,46,90800,1.11,101.7,59.9948,0.0
2025000423,안양자이 헤리티온,41,경기,2025-11-21,2025,4,15,109160,2.47,101.7,76.9842,0.0
2025000423,안양자이 헤리티온,41,경기,2025-11-21,2025,4,2,129280,15.5,101.7,84.9902,0.0
2025000423,안양자이 헤리티온,41,경기,2025-11-21,2025,4,15,117500,1.67,101.7,84.9914,0.0
2025000420,성산 더리브 포레스트,48,경남,2025-11-14,2025,4,7,38000,2.29,101.7,59.386,0.0
2025000420,성산 더리브 포레스트,48,경남,2025-11-14,2025,4,5,36120,1.8,101.7,59.396,0.0
2025000418,오산 세교 우미 린 레이크시티,41,경기,2025-09-19,2025,3,24,53820,1.0,101.7,84.9855,0.0
2025000415,베뉴브 해운대,26,부산,2025-09-19,2025,3,11,88400,177.45,101.7,59.9833,0.0
2025000415,베뉴브 해운대,26,부산,2025-09-19,2025,3,1,82600,132.0,101.7,59.9833,0.0
2025000415,베뉴브 해운대,26,부산,2025-09-19,2025,3,42,137140,8.47,101.7,84.8937,0.0
2025000415,베뉴브 해운대,26,부산,2025-09-19,2025,3,41,138930,32.9,101.7,84.9043,0.0
2025000415,베뉴브 해운대,26,부산,2025-09-19,2025,3,61,137250,5.38,101.7,84.919,0.0
2025000415,베뉴브 해운대,26,부산,2025-09-19,2025,3,20,139250,80.4,101.7,84.9898,0.0
2025000415,베뉴브 해운대,26,부산,2025-09-19,2025,3,61,136110,2.92,101.7,84.9637,0.0
2025000412,식사 푸르지오 파크센트,41,경기,2025-09-26,2025,3,16,72500,1.75,101.7,74.9682,0.0
2025000412,식사 푸르지오 파크센트,41,경기,2025-09-26,2025,3,1,81200,10.0,101.7,84.8777,0.0
2025000412,식사 푸르지오 파크센트,41,경기,2025-09-26,2025,3,1,81200,6.0,101.7,84.3593,0.0
2025000401,아산탕정 동일하이빌 파크레인,44,충남,2025-09-19,2025,3,217,52070,44.0,101.7,84.9865,0.0
2025000401,아산탕정 동일하이빌 파크레인,44,충남,2025-09-19,2025,3,6,54090,119.5,101.7,84.9735,0.0
2025000399,대방역 여의도 더로드캐슬,11,서울,2025-08-29,2025,3,6,48860,6.5,103.2,24.91,0.0
2025000399,대방역 여의도 더로드캐슬,11,서울,2025-08-29,2025,3,7,48860,5.86,103.2,25.37,0.0
2025000399,대방역 여의도 더로드캐슬,11,서울,2025-08-29,2025,3,12,50860,10.83,103.2,27.76,0.0
2025000388,홍대입구역 센트럴 아르떼 해모로,11,서울,2025-08-29,2025,3,10,62260,6.9,103.2,32.981,0.0
2025000388,홍대입구역 센트럴 아르떼 해모로,11,서울,2025-08-29,2025,3,7,89180,11.71,103.2,47.9922,0.0
2025000388,홍대입구역 센트럴 아르떼 해모로,11,서울,2025-08-29,2025,3,4,89450,5.5,103.2,47.539,0.0
2025000388,홍대입구역 센트럴 아르떼 해모로,11,서울,2025-08-29,2025,3,8,88580,11.75,103.2,47.6237,0.0
2025000388,홍대입구역 센트럴 아르떼 해모로,11,서울,2025-08-29,2025,3,4,89860,7.75,103.2,47.2694,0.0
2025000388,홍대입구역 센트럴 아르떼 해모로,11,서울,2025-08-29,2025,3,4,99670,48.0,103.2,52.615,0.0
2025000380,힐스테이트 오산 더퍼스트(조합원 자격상실 및 제명세대),41,경기,2025-09-18,2025,3,9,37655,16.5,101.7,59.9944,0.0
2025000380,힐스테이트 오산 더퍼스트(조합원 자격상실 및 제명세대),41,경기,2025-09-18,2025,3,3,39990,1.33,101.7,64.9972,0.0
2025000367,서면 어반센트 데시앙,26,부산,2025-09-12,2025,3,8,59500,4.0,101.7,59.6796,0.0
2025000367,서면 어반센트 데시앙,26,부산,2025-09-12,2025,3,19,62500,2.79,101.7,59.8003,0.0
2025000367,서면 어반센트 데시앙,26,부산,2025-09-12,2025,3,4,76900,2.0,101.7,74.9966,0.0
2025000366,천안 아이파크 시티 2단지,44,충남,2025-08-29,2025,3,156,57020,5.99,101.7,84.98,0.0
2025000365,망포역 푸르지오 르마크,41,경기,2025-08-29,2025,3,21,88590,34.1,101.7,62.6526,0.0
2025000365,망포역 푸르지오 르마크,41,경기,2025-08-29,2025,3,76,121290,18.24,101.7,84.1327,0.0
2025000365,망포역 푸르지오 르마크,41,경기,2025-08-29,2025,3,63,121290,3.63,101.7,84.1327,0.0
2025000364,한화포레나 울산무거,31,울산,2025-09-19,2025,3,111,77882,28.97,101.7,84.9025,0.0
2025000364,한화포레나 울산무거,31,울산,2025-09-19,2025,3,59,76865,9.83,101.7,84.9747,0.0
2025000364,한화포레나 울산무거,31,울산,2025-09-19,2025,3,66,75994,3.17,101.7,84.9134,0.0
2025000353,잠실 르엘,11,서울,2025-08-19,2025,3,23,121450,433.7,103.2,45.967,0.0
2025000353,잠실 르엘,11,서울,2025-08-19,2025,3,7,136310,382.71,103.2,51.9095,0.0
2025000353,잠실 르엘,11,서울,2025-08-19,2025,3,43,162790,761.74,103.2,59.8151,0.0
2025000353,잠실 르엘,11,서울,2025-08-19,2025,3,21,187430,691.24,103.2,74.2804,0.0
2025000353,잠실 르엘,11,서울,2025-08-19,2025,3,16,186480,596.94,103.2,74.5591,0.0
2025000341,춘천 레이크시티 2차 아이파크,51,강원,2025-08-22,2025,3,69,56800,37.7,101.7,84.5387,0.0
2025000340,서면 써밋 더뉴,26,부산,2025-08-07,2025,3,77,113390,19.17,101.7,84.3608,0.0
2025000340,서면 써밋 더뉴,26,부산,2025-08-07,2025,3,66,113160,10.72,101.7,84.7812,0.0
2025000329,원주역 우미 린 더 스텔라,51,강원,2025-08-08,2025,3,132,49920,28.27,101.7,84.9867,0.0
2025000329,원주역 우미 린 더 스텔라,51,강원,2025-08-08,2025,3,34,49950,13.34,101.7,84.9187,0.0
2025000329,원주역 우미 린 더 스텔라,51,강원,2025-08-08,2025,3,44,49950,21.43,101.7,84.9269,0.0
2025000329,원주역 우미 린 더 스텔라,51,강원,2025-08-08,2025,3,82,48100,2.23,101.7,84.9126,0.0
2025000329,원주역 우미 린 더 스텔라,51,강원,2025-08-08,2025,3,82,48690,2.17,101.7,84.9265,0.0
2025000329,원주역 우미 린 더 스텔라,51,강원,2025-08-08,2025,3,46,51860,66.93,101.7,84.9735,0.0
2025000328,디에이치 아델스타,41,경기,2025-08-05,2025,3,27,176200,19.67,101.7,59.9328,0.0
2025000328,디에이치 아델스타,41,경기,2025-08-05,2025,3,22,175900,13.23,101.7,59.9838,0.0
2025000328,디에이치 아델스타,41,경기,2025-08-05,2025,3,13,169900,11.77,101.7,59.9606,0.0
2025000328,디에이치 아델스타,41,경기,2025-08-05,2025,3,28,219500,6.64,101.7,75.9738,0.0
2025000328,디에이치 아델스타,41,경기,2025-08-05,2025,3,6,232200,7.67,101.7,84.9227,0.0
2025000328,디에이치 아델스타,41,경기,2025-08-05,2025,3,33,244600,5.64,101.7,84.9332,0.0
2025000328,디에이치 아델스타,41,경기,2025-08-05,2025,3,22,238700,6.14,101.7,84.9363,0.0
2025000328,디에이치 아델스타,41,경기,2025-08-05,2025,3,8,244600,3.75,101.7,84.9332,0.0
2025000319,인천 힐스테이트 숭의역,28,인천,2025-09-11,2025,3,1,46500,7.0,101.7,59.968,0.0
2025000319,인천 힐스테이트 숭의역,28,인천,2025-09-11,2025,3,1,50810,1.5,101.7,59.968,0.0
2025000311,써밋 리미티드 남천,26,부산,2025-07-31,2025,3,33,152240,125.76,101.7,84.9661,0.0
2025000311,써밋 리미티드 남천,26,부산,2025-07-31,2025,3,24,162380,326.67,101.7,84.6335,0.0
2025000307,엘리프 한신더휴 수원 D3블록(본청약),41,경기,2025-10-31,2025,4,10,70900,29.5,101.7,74.92,48.0
2025000307,엘리프 한신더휴 수원 D3블록(본청약),41,경기,2025-10-31,2025,4,13,79500,22.33,101.7,84.99,0.0
2025000307,엘리프 한신더휴 수원 D3블록(본청약),41,경기,2025-10-31,2025,4,34,77600,3.69,101.7,84.99,0.0
2025000307,엘리프 한신더휴 수원 D3블록(본청약),41,경기,2025-10-31,2025,4,31,75800,60.0,101.7,84.99,0.0
2025000307,엘리프 한신더휴 수원 D3블록(본청약),41,경기,2025-10-31,2025,4,33,79500,35.0,101.7,84.99,0.0
2025000307,엘리프 한신더휴 수원 D3블록(본청약),41,경기,2025-10-31,2025,4,18,77600,28.0,101.7,84.99,0.0
2025000307,엘리프 한신더휴 수원 D3블록(본청약),41,경기,2025-10-31,2025,4,8,82300,7.0,101.7,92.99,0.0
2025000307,엘리프 한신더휴 수원 D3블록(본청약),41,경기,2025-10-31,2025,4,8,82300,5.0,101.7,92.99,0.0
2025000307,엘리프 한신더휴 수원 D3블록(본청약),41,경기,2025-10-31,2025,4,2,79800,4.0,101.7,92.99,0.0
2025000307,엘리프 한신더휴 수원 D3블록(본청약),41,경기,2025-10-31,2025,4,22,89100,7.25,101.7,112.81,0.0
2025000306,정읍 상동 예다음2차,52,전북,2025-07-25,2025,3,94,43700,1.1,101.7,84.9445,0.0
2025000305,청주 센텀 푸르지오 자이,43,충북,2025-07-23,2025,3,53,34520,6.77,101.7,59.8365,0.0
2025000305,청주 센텀 푸르지오 자이,43,충북,2025-07-23,2025,3,46,33080,1.63,101.7,59.9698,0.0
2025000305,청주 센텀 푸르지오 자이,43,충북,2025-07-23,2025,3,163,49680,2.02,101.7,84.9951,0.0
2025000305,청주 센텀 푸르지오 자이,43,충북,2025-07-23,2025,3,6,48190,11.33,101.7,84.9989,0.0
2025000302,엘리프 검단 포레듀(AA32블록),28,인천,2025-08-22,2025,3,6,50200,1.75,101.7,64.78,0.0
2025000295,엘리프 한신더휴 수원 C3블록(본청약),41,경기,2025-10-31,2025,4,33,70900,7.22,101.7,74.92,0.0
2025000295,엘리프 한신더휴 수원 C3블록(본청약),41,경기,2025-10-31,2025,4,27,79500,10.5,101.7,84.99,0.0
2025000295,엘리프 한신더휴 수원 C3블록(본청약),41,경기,2025-10-31,2025,4,61,77600,56.0,101.7,84.99,0.0
2025000295,엘리프 한신더휴 수원 C3블록(본청약),41,경기,2025-10-31,2025,4,13,75800,23.0,101.7,84.99,0.0
2025000295,엘리프 한신더휴 수원 C3블록(본청약),41,경기,2025-10-31,2025,4,22,79800,39.0,101.7,84.99,0.0
2025000295,엘리프 한신더휴 수원 C3블록(본청약),41,경기,2025-10-31,2025,4,2,103650,7.0,101.7,84.99,0.0
2025000291,춘천 동문 디 이스트 어반포레,51,강원,2025-07-25,2025,3,15,39470,4.0,101.7,59.8077,0.0
2025000287,대야미역 금강펜테리움 레이크포레(B1BL),41,경기,2025-07-18,2025,3,20,49800,4.35,101.7,61.9921,0.0
2025000287,대야미역 금강펜테리움 레이크포레(B1BL),41,경기,2025-07-18,2025,3,19,50470,13.32,101.7,63.9931,0.0
2025000285,신분평 더웨이시티 제일풍경채,43,충북,2025-07-11,2025,3,102,47900,1.28,101.7,84.8267,0.0
2025000281,전주 라온프라이빗 퍼스티브,52,전북,2025-07-25,2025,3,166,48900,1.67,101.7,84.9974,0.0
2025000275,힐스테이트 신용 더리버(조합원 취소분),29,광주,2025-07-02,2025,3,1,53337,5.0,101.7,74.98,0.0
2025000275,힐스테이트 신용 더리버(조합원 취소분),29,광주,2025-07-02,2025,3,1,67005,5.0,101.7,84.94,0.0
2025000274,해링턴플레이스 풍무(3BL),41,경기,2025-07-04,2025,3,18,59600,10.0,101.7,59.9584,0.0
2025000270,제기동역 아이파크,11,서울,2025-07-25,2025,3,8,77700,60.25,103.2,44.52,0.0
2025000270,제기동역 아이파크,11,서울,2025-07-25,2025,3,4,74980,56.0,103.2,44.52,0.0
2025000270,제기동역 아이파크,11,서울,2025-07-25,2025,3,10,90660,64.6,103.2,51.32,0.0
2025000270,제기동역 아이파크,11,서울,2025-07-25,2025,3,12,110460,99.75,103.2,59.67,0.0
2025000270,제기동역 아이파크,11,서울,2025-07-25,2025,3,4,108890,99.75,103.2,59.92,0.0
2025000267,리버센트 푸르지오 위브,11,서울,2025-06-27,2025,2,10,127080,582.7,103.2,59.99,0.0
2025000267,리버센트 푸르지오 위브,11,서울,2025-06-27,2025,2,19,153930,96.47,103.2,76.74,0.0
2025000267,리버센트 푸르지오 위브,11,서울,2025-06-27,2025,2,6,169130,143.33,103.2,84.98,0.0
2025000267,리버센트 푸르지오 위브,11,서울,2025-06-27,2025,2,41,169130,100.39,103.2,84.98,0.0
2025000267,리버센트 푸르지오 위브,11,서울,2025-06-27,2025,2,7,169740,94.14,103.2,84.99,0.0
2025000255,힐스테이트 회룡역파크뷰,41,경기,2025-07-11,2025,3,26,59490,7.88,101.7,59.9936,0.0
2025000255,힐스테이트 회룡역파크뷰,41,경기,2025-07-11,2025,3,54,58340,1.7,101.7,59.9934,0.0
2025000255,힐스테이트 회룡역파크뷰,41,경기,2025-07-11,2025,3,22,58670,5.2,101.7,59.8626,0.0
2025000254,시흥 은계 에피트,41,경기,2025-06-27,2025,2,15,30977,10.0,101.7,39.157,0.0
2025000253,검단호수공원역 중흥S-클래스,28,인천,2025-07-04,2025,3,185,61700,45.93,101.7,84.9361,56.0
2025000253,검단호수공원역 중흥S-클래스,28,인천,2025-07-04,2025,3,64,59900,33.0,101.7,84.9728,48.0
2025000250,오티에르 포레,11,서울,2025-06-26,2025,2,3,121180,451.67,103.2,39.96,0.0
2025000250,오티에르 포레,11,서울,2025-06-26,2025,2,2,156160,659.0,103.2,49.88,0.0
2025000250,오티에르 포레,11,서울,2025-06-26,2025,2,15,199960,771.67,103.2,59.96,0.0
2025000250,오티에르 포레,11,서울,2025-06-26,2025,2,13,198200,356.31,103.2,59.95,0.0
2025000250,오티에르 포레,11,서울,2025-06-26,2025,2,3,222120,269.33,103.2,74.99,0.0
2025000250,오티에르 포레,11,서울,2025-06-26,2025,2,2,248600,1657.0,103.2,84.99,0.0
2025000250,오티에르 포레,11,서울,2025-06-26,2025,2,1,241260,703.0,103.2,84.94,0.0
2025000249,송도역 한신더휴 프레스턴,28,인천,2025-06-27,2025,2,6,33295,2.5,101.7,40.6711,0.0
2025000249,송도역 한신더휴 프레스턴,28,인천,2025-06-27,2025,2,13,50995,3.0,101.7,59.9698,0.0
2025000246,호현 센트럴 아이파크,41,경기,2025-06-20,2025,2,1,60900,4.0,101.7,55.988,0.0
2025000246,호현 센트럴 아이파크,41,경기,2025-06-20,2025,2,65,76990,1.4,101.7,59.9915,0.0
2025000246,호현 센트럴 아이파크,41,경기,2025-06-20,2025,2,1,111010,19.0,101.7,84.9982,0.0
2025000244,아산탕정자이 센트럴시티(A2BL),44,충남,2025-06-25,2025,2,33,40900,3.55,101.7,59.9941,0.0
2025000244,아산탕정자이 센트럴시티(A2BL),44,충남,2025-06-25,2025,2,33,40500,14.0,101.7,59.9843,0.0
2025000244,아산탕정자이 센트럴시티(A2BL),44,충남,2025-06-25,2025,2,324,53800,4.29,101.7,84.9905,0.0
2025000244,아산탕정자이 센트럴시티(A2BL),44,충남,2025-06-25,2025,2,133,53700,1.54,101.7,84.9923,0.0
2025000244,아산탕정자이 센트럴시티(A2BL),44,충남,2025-06-25,2025,2,46,53900,1.87,101.7,84.9921,0.0
2025000239,대구 범어 2차 아이파크,27,대구,2025-06-27,2025,2,6,115180,142.33,101.7,84.3149,0.0
2025000239,대구 범어 2차 아이파크,27,대구,2025-06-27,2025,2,8,114090,44.25,101.7,84.7365,0.0
2025000239,대구 범어 2차 아이파크,27,대구,2025-06-27,2025,2,18,113960,71.94,101.7,84.9115,0.0
2025000239,대구 범어 2차 아이파크,27,대구,2025-06-27,2025,2,5,115410,81.4,101.7,84.6206,0.0
2025000239,대구 범어 2차 아이파크,27,대구,2025-06-27,2025,2,5,115460,28.83,101.7,84.7573,0.0
2025000237,울산 우정 에피트(조합원 취소분),31,울산,2025-06-27,2025,2,7,53770,11.29,101.7,59.9704,0.0
2025000237,울산 우정 에피트(조합원 취소분),31,울산,2025-06-27,2025,2,12,72300,2.29,101.7,84.8539,0.0
2025000237,울산 우정 에피트(조합원 취소분),31,울산,2025-06-27,2025,2,1,71860,3.0,101.7,84.9,0.0
2025000233,해링턴 스퀘어 리버파크,41,경기,2025-06-20,2025,2,27,58970,9.11,101.7,59.9844,0.0
2025000233,해링턴 스퀘어 리버파크,41,경기,2025-06-20,2025,2,52,58830,4.27,101.7,59.8224,0.0
2025000233,해링턴 스퀘어 리버파크,41,경기,2025-06-20,2025,2,25,79280,1.49,101.7,84.9935,0.0
2025000233,해링턴 스퀘어 리버파크,41,경기,2025-06-20,2025,2,49,78980,10.0,101.7,84.9223,0.0
2025000222,오퍼스 한강 스위첸,41,경기,2025-06-27,2025,2,251,69300,281.0,101.7,84.9804,0.0
2025000222,오퍼스 한강 스위첸,41,경기,2025-06-27,2025,2,34,68900,5.97,101.7,84.985,0.0
2025000205,동백호수공원 두산위브더제니스(조합원 취소분),41,경기,2025-06-20,2025,2,3,57980,39.0,101.7,61.9767,0.0
2025000205,동백호수공원 두산위브더제니스(조합원 취소분),41,경기,2025-06-20,2025,2,4,70560,8.5,101.7,75.9349,0.0
2025000205,동백호수공원 두산위브더제니스(조합원 취소분),41,경기,2025-06-20,2025,2,3,84180,5.0,101.7,77.7303,0.0
2025000205,동백호수공원 두산위브더제니스(조합원 취소분),41,경기,2025-06-20,2025,2,2,75156,28.0,101.7,84.993,0.0
2025000200,평택 고덕국제신도시 A48블록 금성백조 예미지,41,경기,2025-05-30,2025,2,80,54590,11.0,101.7,84.9592,34.0
2025000200,평택 고덕국제신도시 A48블록 금성백조 예미지,41,경기,2025-05-30,2025,2,39,54890,6.5,101.7,84.964,32.0
2025000200,평택 고덕국제신도시 A48블록 금성백조 예미지,41,경기,2025-05-30,2025,2,39,55430,46.0,101.7,84.9668,40.0
2025000199,진위역 서희스타힐스 더 파크뷰(3차),41,경기,2025-06-05,2025,2,11,40900,10.0,101.7,59.7537,0.0
2025000199,진위역 서희스타힐스 더 파크뷰(3차),41,경기,2025-06-05,2025,2,1,54500,2.0,101.7,84.7233,0.0
2025000195,디 아테온(THE ATHEON),11,서울,2025-05-23,2025,2,32,109050,2.0,103.2,59.9982,0.0
2025000194,고덕강일 대성베르힐,11,서울,2025-05-23,2025,2,61,98400,380.87,103.2,84.8857,69.0
2025000194,고덕강일 대성베르힐,11,서울,2025-05-23,2025,2,44,97500,229.86,103.2,84.9595,69.0
2025000194,고덕강일 대성베르힐,11,서울,2025-05-23,2025,2,45,98200,290.77,103.2,84.9353,69.0
2025000194,고덕강일 대성베르힐,11,서울,2025-05-23,2025,2,161,112000,90.63,103.2,101.6696,69.0
2025000186,상무 양우내안애 퍼스트힐(조합원 취소분),29,광주,2025-05-15,2025,2,3,49300,4.0,101.7,59.8784,0.0
2025000177,힐스테이트 메디알레,11,서울,2025-05-09,2025,2,32,97280,4.75,103.2,51.81,0.0
2025000177,힐스테이트 메디알레,11,서울,2025-05-09,2025,2,8,95270,5.75,103.2,51.1,0.0
2025000177,힐스테이트 메디알레,11,서울,2025-05-09,2025,2,85,114140,8.86,103.2,59.91,0.0
2025000177,힐스테이트 메디알레,11,서울,2025-05-09,2025,2,25,111150,5.8,103.2,59.97,0.0
2025000177,힐스테이트 메디알레,11,서울,2025-05-09,2025,2,33,115060,14.36,103.2,59.94,0.0
2025000177,힐스테이트 메디알레,11,서울,2025-05-09,2025,2,24,136290,9.04,103.2,74.9,0.0
2025000177,힐스테이트 메디알레,11,서울,2025-05-09,2025,2,7,134500,4.71,103.2,74.8,0.0
2025000177,힐스테이트 메디알레,11,서울,2025-05-09,2025,2,2,133690,13.0,103.2,74.89,0.0
2025000177,힐스테이트 메디알레,11,서울,2025-05-09,2025,2,2,137820,25.0,103.2,74.84,0.0
2025000168,더파크 수성못,27,대구,2025-04-30,2025,2,16,89800,4.59,101.7,84.8765,0.0
2025000168,더파크 수성못,27,대구,2025-04-30,2025,2,16,89100,1.09,101.7,84.5827,0.0
2025000167,리버센 SK VIEW 롯데캐슬,11,서울,2025-05-22,2025,2,4,50960,106.0,103.2,39.99,0.0
2025000167,리버센 SK VIEW 롯데캐슬,11,서울,2025-05-22,2025,2,1,66080,325.0,103.2,49.97,0.0
2025000167,리버센 SK VIEW 롯데캐슬,11,서울,2025-05-22,2025,2,2,85910,561.5,103.2,59.99,0.0
2025000167,리버센 SK VIEW 롯데캐슬,11,서울,2025-05-22,2025,2,2,88840,670.0,103.2,59.99,0.0
2025000167,리버센 SK VIEW 롯데캐슬,11,서울,2025-05-22,2025,2,1,97290,275.0,103.2,70.98,0.0
2025000167,리버센 SK VIEW 롯데캐슬,11,서울,2025-05-22,2025,2,3,109570,437.33,103.2,84.97,0.0
2025000164,고척 푸르지오 힐스테이트,11,서울,2025-05-08,2025,2,12,99800,26.58,103.2,59.9816,0.0
2025000164,고척 푸르지오 힐스테이트,11,서울,2025-05-08,2025,2,142,97110,7.13,103.2,59.9969,0.0
2025000164,고척 푸르지오 힐스테이트,11,서울,2025-05-08,2025,2,47,96860,5.4,103.2,59.9509,0.0
2025000164,고척 푸르지오 힐스테이트,11,서울,2025-05-08,2025,2,4,100240,15.75,103.2,59.9689,0.0
2025000164,고척 푸르지오 힐스테이트,11,서울,2025-05-08,2025,2,43,124060,17.98,103.2,84.9349,0.0
2025000164,고척 푸르지오 힐스테이트,11,서울,2025-05-08,2025,2,10,121460,10.1,103.2,84.9471,0.0
2025000164,고척 푸르지오 힐스테이트,11,서울,2025-05-08,2025,2,4,120320,9.25,103.2,84.8751,0.0
2025000161,트리븐 안동,47,경북,2025-04-30,2025,2,111,44200,17.0,101.7,84.9934,0.0
2025000157,해운대경동리인뷰,26,부산,2025-04-25,2025,2,12,132580,1.05,101.7,84.914,0.0
2025000154,더샵 송도마리나베이(조합원 자격상실세대 3회차),28,인천,2025-04-22,2025,2,1,78400,126.0,101.7,84.9766,0.0
2025000145,성성자이 레이크파크(2회차),44,충남,2025-04-18,2025,2,44,57600,1.66,101.7,84.9467,0.0
2025000145,성성자이 레이크파크(2회차),44,충남,2025-04-18,2025,2,32,58100,1.52,101.7,84.9448,0.0
2025000139,고양 더샵포레나,41,경기,2025-04-29,2025,2,19,34400,18.0,101.7,39.9476,0.0
2025000139,고양 더샵포레나,41,경기,2025-04-29,2025,2,13,38200,13.92,101.7,46.8485,0.0
2025000139,고양 더샵포레나,41,경기,2025-04-29,2025,2,246,64700,1.02,101.7,59.9921,0.0
2025000139,고양 더샵포레나,41,경기,2025-04-29,2025,2,12,62500,4.67,101.7,59.9874,0.0
2025000139,고양 더샵포레나,41,경기,2025-04-29,2025,2,1,63900,73.0,101.7,74.9917,0.0
2025000135,청계 노르웨이숲,11,서울,2025-04-18,2025,2,28,76112,3.96,103.2,39.695,0.0
2025000135,청계 노르웨이숲,11,서울,2025-04-18,2025,2,7,111395,38.57,103.2,59.986,0.0
2025000135,청계 노르웨이숲,11,서울,2025-04-18,2025,2,2,108595,33.0,103.2,59.985,0.0
2025000135,청계 노르웨이숲,11,서울,2025-04-18,2025,2,3,111395,29.33,103.2,59.799,0.0
2025000135,청계 노르웨이숲,11,서울,2025-04-18,2025,2,3,108595,19.67,103.2,59.842,0.0
2025000134,시티오씨엘 7단지,28,인천,2025-04-18,2025,2,71,45500,11.75,101.7,59.6494,0.0
2025000134,시티오씨엘 7단지,28,인천,2025-04-18,2025,2,35,58290,9.34,101.7,75.9078,0.0
2025000134,시티오씨엘 7단지,28,인천,2025-04-18,2025,2,270,65760,3.85,101.7,84.9771,0.0
2025000134,시티오씨엘 7단지,28,인천,2025-04-18,2025,2,127,64950,42.0,101.7,84.9997,0.0
2025000129,제일풍경채 의왕고천(본청약),41,경기,2025-04-18,2025,2,103,74120,4.37,101.7,84.221,0.0
2025000129,제일풍경채 의왕고천(본청약),41,경기,2025-04-18,2025,2,30,74140,3.27,101.7,84.2033,0.0
2025000129,제일풍경채 의왕고천(본청약),41,경기,2025-04-18,2025,2,32,70810,4.28,101.7,84.2042,0.0
2025000116,회천중앙역 로제비앙 그랜드센텀,41,경기,2025-04-11,2025,2,100,48600,4.45,101.7,84.9231,27.0
2025000114,용인 푸르지오 원클러스터 2단지,41,경기,2025-04-16,2025,2,12,64200,14.0,101.7,84.9901,0.0
2025000113,더샵 당리센트리체,26,부산,2025-04-18,2025,2,32,69950,1.48,101.7,84.8241,0.0
2025000113,더샵 당리센트리체,26,부산,2025-04-18,2025,2,1,69950,21.0,101.7,84.8241,0.0
2025000112,고강역 신원아침도시 퍼스티지,41,경기,2025-04-17,2025,2,11,38820,6.0,101.7,46.3469,0.0
2025000112,고강역 신원아침도시 퍼스티지,41,경기,2025-04-17,2025,2,2,39000,4.5,101.7,48.5258,0.0
2025000112,고강역 신원아침도시 퍼스티지,41,경기,2025-04-17,2025,2,11,48350,31.0,101.7,58.8463,0.0
2025000107,태화강 에피트,31,울산,2025-04-18,2025,2,77,56580,58.73,101.7,84.7646,0.0
2025000105,쌍용 더 플래티넘 동래 아시아드,26,부산,2025-06-27,2025,2,10,59100,4.0,101.7,59.772,0.0
2025000105,쌍용 더 플래티넘 동래 아시아드,26,부산,2025-06-27,2025,2,20,59100,6.8,101.7,59.974,0.0
2025000105,쌍용 더 플래티넘 동래 아시아드,26,부산,2025-06-27,2025,2,1,68000,7.0,101.7,59.9598,0.0
2025000105,쌍용 더 플래티넘 동래 아시아드,26,부산,2025-06-27,2025,2,3,95300,13.67,101.7,84.8955,0.0
2025000104,두산위브더제니스 평내호평역 N49,41,경기,2025-04-04,2025,2,38,70500,2.45,101.7,74.9915,0.0
2025000104,두산위브더제니스 평내호평역 N49,41,경기,2025-04-04,2025,2,103,78800,2.69,101.7,84.9515,0.0
2025000104,두산위브더제니스 평내호평역 N49,41,경기,2025-04-04,2025,2,74,78100,6.17,101.7,84.8748,0.0
2025000104,두산위브더제니스 평내호평역 N49,41,경기,2025-04-04,2025,2,29,75900,2.41,101.7,84.9827,0.0
2025000101,우방아이유쉘 중부센트럴,48,경남,2025-04-18,2025,2,2,30730,2.0,101.7,59.9767,0.0
2025000101,우방아이유쉘 중부센트럴,48,경남,2025-04-18,2025,2,1,39401,2.0,101.7,77.5575,0.0
2025000100,청주테크노폴리스 아테라 2차(A7BL),43,충북,2025-04-04,2025,2,107,48300,105.95,101.7,84.0,0.0
2025000100,청주테크노폴리스 아테라 2차(A7BL),43,충북,2025-04-04,2025,2,20,45300,86.0,101.7,84.6592,0.0
2025000100,청주테크노폴리스 아테라 2차(A7BL),43,충북,2025-04-04,2025,2,25,43300,75.76,101.7,84.9534,0.0
2025000099,구리 한양립스,41,경기,2025-03-31,2025,1,22,84880,13.0,101.7,59.9252,0.0
2025000099,구리 한양립스,41,경기,2025-03-31,2025,1,1,84100,4.0,101.7,59.8302,0.0
2025000099,구리 한양립스,41,경기,2025-03-31,2025,1,10,111200,8.0,101.7,84.8161,0.0
2025000098,해링턴 스퀘어 산곡역,28,인천,2025-04-11,2025,2,10,36800,6.0,101.7,39.6187,0.0
2025000098,해링턴 스퀘어 산곡역,28,인천,2025-04-11,2025,2,22,37900,1.73,101.7,39.9294,0.0
2025000098,해링턴 스퀘어 산곡역,28,인천,2025-04-11,2025,2,144,61100,2.38,101.7,59.8642,0.0
2025000098,해링턴 스퀘어 산곡역,28,인천,2025-04-11,2025,2,176,60800,2.12,101.7,59.7645,0.0
2025000098,해링턴 스퀘어 산곡역,28,인천,2025-04-11,2025,2,37,77200,4.71,101.7,74.706,0.0
2025000098,해링턴 스퀘어 산곡역,28,인천,2025-04-11,2025,2,52,76700,1.01,101.7,74.7067,0.0
2025000098,해링턴 스퀘어 산곡역,28,인천,2025-04-11,2025,2,32,84600,4.92,101.7,84.847,0.0
2025000098,해링턴 스퀘어 산곡역,28,인천,2025-04-11,2025,2,16,85200,5.14,101.7,84.9099,0.0
2025000094,원종 휴먼빌 클라츠,41,경기,2025-04-18,2025,2,18,59190,1.78,101.7,59.8001,0.0
2025000081,양주역 제일풍경채 위너스카이,41,경기,2025-04-04,2025,2,128,46600,54.0,101.7,70.2587,0.0
2025000081,양주역 제일풍경채 위너스카이,41,경기,2025-04-04,2025,2,129,55000,26.0,101.7,84.7979,0.0
2025000076,풍무역 롯데캐슬 시그니처,41,경기,2025-03-21,2025,1,30,71600,39.0,101.7,75.8195,0.0
2025000075,힐스테이트 더샵 상생공원 1단지,47,경북,2025-03-21,2025,1,219,58290,4.38,101.7,84.513,0.0
2025000075,힐스테이트 더샵 상생공원 1단지,47,경북,2025-03-21,2025,1,31,57990,1.0,101.7,84.8908,0.0
2025000075,힐스테이트 더샵 상생공원 1단지,47,경북,2025-03-21,2025,1,66,58290,1.03,101.7,84.1259,0.0
2025000064,원주역 중흥S-클래스,51,강원,2025-03-14,2025,1,192,44800,8.88,101.7,84.94,0.0
2025000064,원주역 중흥S-클래스,51,강원,2025-03-14,2025,1,67,43700,4.49,101.7,84.9805,0.0
2025000053,더샵 금정위버시티(조합원 취소분),26,부산,2025-05-09,2025,2,3,57398,5.33,101.7,59.9902,0.0
2025000053,더샵 금정위버시티(조합원 취소분),26,부산,2025-05-09,2025,2,2,55759,2.0,101.7,59.9838,0.0
2025000053,더샵 금정위버시티(조합원 취소분),26,부산,2025-05-09,2025,2,12,74316,3.0,101.7,84.9938,0.0
2025000052,대전 도마·변동 11구역 호반써밋 그랜드센트럴(조합원 취소분),30,대전,2025-03-21,2025,1,1,29900,14.0,101.7,49.9,0.0
2025000052,대전 도마·변동 11구역 호반써밋 그랜드센트럴(조합원 취소분),30,대전,2025-03-21,2025,1,2,39320,20.0,101.7,59.91,0.0
2025000052,대전 도마·변동 11구역 호반써밋 그랜드센트럴(조합원 취소분),30,대전,2025-03-21,2025,1,1,54810,99.0,101.7,84.99,0.0
2025000048,창원 메가시티 자이앤위브,48,경남,2025-03-21,2025,1,153,35790,2.64,101.7,59.9638,0.0
2025000048,창원 메가시티 자이앤위브,48,경남,2025-03-21,2025,1,62,35750,2.31,101.7,59.9854,0.0
2025000048,창원 메가시티 자이앤위브,48,경남,2025-03-21,2025,1,53,43760,6.45,101.7,74.9041,0.0
2025000048,창원 메가시티 자이앤위브,48,경남,2025-03-21,2025,1,185,49650,5.89,101.7,84.9474,0.0
2025000048,창원 메가시티 자이앤위브,48,경남,2025-03-21,2025,1,148,48970,1.35,101.7,84.9774,0.0
2025000048,창원 메가시티 자이앤위브,48,경남,2025-03-21,2025,1,15,48850,7.2,101.7,84.9128,0.0
2025000047,안동 용상 하늘채 리버스카이,47,경북,2025-02-28,2025,1,5,49171,22.8,101.7,84.9991,0.0
2025000043,부천 JY 포에시아,41,경기,2025-02-28,2025,1,5,37700,5.0,101.7,43.7207,0.0
2025000043,부천 JY 포에시아,41,경기,2025-02-28,2025,1,5,37700,4.0,101.7,43.7207,0.0
2025000043,부천 JY 포에시아,41,경기,2025-02-28,2025,1,5,47900,3.0,101.7,56.2836,0.0
2025000043,부천 JY 포에시아,41,경기,2025-02-28,2025,1,5,53600,2.0,101.7,73.9377,0.0
2025000037,문수로 센트레빌 에듀리체,31,울산,2025-02-21,2025,1,31,79300,2.35,101.7,84.9381,0.0
2025000036,e편한세상 성성호수공원,44,충남,2025-02-20,2025,1,149,58230,36.17,101.7,84.9752,0.0
2025000036,e편한세상 성성호수공원,44,충남,2025-02-20,2025,1,120,56890,1.99,101.7,84.9748,0.0
2025000036,e편한세상 성성호수공원,44,충남,2025-02-20,2025,1,100,57700,16.87,101.7,84.9933,0.0
2025000036,e편한세상 성성호수공원,44,충남,2025-02-20,2025,1,97,57490,3.47,101.7,84.9893,0.0
2025000030,이안 센트럴포레 장유 2단지,48,경남,2025-02-14,2025,1,1,44643,2.0,101.7,84.9638,0.0
2025000029,이안 센트럴포레 장유 1단지,48,경남,2025-02-14,2025,1,3,44484,1.33,101.7,84.9638,0.0
2025000028,e편한세상 동대구역 센텀스퀘어,27,대구,2025-02-21,2025,1,1,64900,8.0,101.7,79.774,0.0
2025000028,e편한세상 동대구역 센텀스퀘어,27,대구,2025-02-21,2025,1,1,66300,6.0,101.7,79.8927,0.0
2025000028,e편한세상 동대구역 센텀스퀘어,27,대구,2025-02-21,2025,1,8,72200,1.14,101.7,84.9463,0.0
2025000021,용현 우방 아이유쉘 센트럴마린,28,인천,2025-03-14,2025,1,15,39810,8.0,101.7,59.9333,0.0
2025000020,e편한세상 제물포역 파크메종(조합원 취소분),28,인천,2025-02-21,2025,1,5,44970,2.6,101.7,59.9393,0.0
2025000020,e편한세상 제물포역 파크메종(조합원 취소분),28,인천,2025-02-21,2025,1,4,56750,2.0,101.7,74.9227,0.0
2025000020,e편한세상 제물포역 파크메종(조합원 취소분),28,인천,2025-02-21,2025,1,2,55170,2.0,101.7,74.9774,0.0
2025000017,두류센트레빌 더 파크,27,대구,2025-02-13,2025,1,8,57989,1.75,101.7,59.957,0.0
2025000017,두류센트레빌 더 파크,27,대구,2025-02-13,2025,1,1,57989,5.0,101.7,59.9859,0.0
2025000014,평택청북 사랑으로 부영 2차 아파트 우선분양 전환 후 잔여세대,41,경기,2025-02-10,2025,1,39,13770,3.0,101.7,59.9605,0.0
2025000001,래미안 원페를라,11,서울,2025-01-17,2025,1,35,172470,305.14,103.2,59.98,0.0
2025000001,래미안 원페를라,11,서울,2025-01-17,2025,1,30,176060,307.43,103.2,59.95,0.0
2025000001,래미안 원페를라,11,서울,2025-01-17,2025,1,14,179650,172.14,103.2,59.78,0.0
2025000001,래미안 원페를라,11,서울,2025-01-17,2025,1,8,235270,106.13,103.2,84.73,0.0
2025000001,래미안 원페를라,11,서울,2025-01-17,2025,1,82,243770,134.28,103.2,84.68,0.0
2025000001,래미안 원페를라,11,서울,2025-01-17,2025,1,8,235270,91.5,103.2,84.92,0.0
2025000001,래미안 원페를라,11,서울,2025-01-17,2025,1,18,245070,76.94,103.2,84.97,0.0
2025000001,래미안 원페를라,11,서울,2025-01-17,2025,1,19,235270,91.58,103.2,84.92,0.0
2025000001,래미안 원페를라,11,서울,2025-01-17,2025,1,8,287550,35.25,103.2,106.97,0.0
2025000001,래미안 원페를라,11,서울,2025-01-17,2025,1,42,299780,49.83,103.2,106.81,0.0
2025000001,래미안 원페를라,11,서울,2025-01-17,2025,1,4,318400,57.5,103.2,120.63,0.0
2024000751,더샵 라비온드,52,전북,2025-01-09,2025,1,8,16300,18.88,101.7,39.7744,0.0
2024000751,더샵 라비온드,52,전북,2025-01-09,2025,1,17,36700,20.24,101.7,59.975,0.0
2024000751,더샵 라비온드,52,전북,2025-01-09,2025,1,12,36710,11.67,101.7,59.9966,0.0
2024000751,더샵 라비온드,52,전북,2025-01-09,2025,1,29,36710,26.69,101.7,59.9908,0.0
2024000751,더샵 라비온드,52,전북,2025-01-09,2025,1,47,36230,14.57,101.7,59.7905,0.0
2024000751,더샵 라비온드,52,전북,2025-01-09,2025,1,65,50450,60.72,101.7,84.9195,0.0
2024000751,더샵 라비온드,52,전북,2025-01-09,2025,1,50,55470,22.72,101.7,84.9492,0.0
2024000751,더샵 라비온드,52,전북,2025-01-09,2025,1,9,50470,35.89,101.7,84.9492,0.0
2024000751,더샵 라비온드,52,전북,2025-01-09,2025,1,365,54940,15.67,101.7,84.9122,0.0
2024000749,본 아르떼 리버뷰,52,전북,2025-03-14,2025,1,126,46600,1.26,101.7,73.1847,0.0
2024000749,본 아르떼 리버뷰,52,전북,2025-03-14,2025,1,16,50950,2.97,101.7,78.8459,0.0
2024000742,한화포레나 부산덕천3차,26,부산,2025-01-09,2025,1,41,53870,1.94,101.7,59.9385,0.0
2024000742,한화포레나 부산덕천3차,26,부산,2025-01-09,2025,1,20,53340,15.0,101.7,59.9385,0.0
2024000730,래미안 센트리폴(2BL),28,인천,2024-12-20,2024,4,135,55900,9.49,101.7,59.92,0.0
2024000730,래미안 센트리폴(2BL),28,인천,2024-12-20,2024,4,20,55200,9.85,101.7,59.89,0.0
2024000730,래미안 센트리폴(2BL),28,인천,2024-12-20,2024,4,2,58400,13.0,101.7,68.37,0.0
2024000730,래미안 센트리폴(2BL),28,인천,2024-12-20,2024,4,94,63900,12.01,101.7,71.85,0.0
2024000730,래미안 센트리폴(2BL),28,인천,2024-12-20,2024,4,16,63200,12.63,101.7,71.81,0.0
2024000730,래미안 센트리폴(2BL),28,인천,2024-12-20,2024,4,106,72500,27.7,101.7,84.91,0.0
2024000730,래미안 센트리폴(2BL),28,인천,2024-12-20,2024,4,38,72000,12.58,101.7,84.84,0.0
2024000729,래미안 센트리폴(1BL),28,인천,2024-12-20,2024,4,60,54800,17.8,101.7,59.98,0.0
2024000729,래미안 센트리폴(1BL),28,인천,2024-12-20,2024,4,39,54100,5.82,101.7,59.96,0.0
2024000729,래미안 센트리폴(1BL),28,인천,2024-12-20,2024,4,39,62800,19.54,101.7,71.79,0.0
2024000729,래미안 센트리폴(1BL),28,인천,2024-12-20,2024,4,11,62100,13.45,101.7,71.68,0.0
2024000729,래미안 센트리폴(1BL),28,인천,2024-12-20,2024,4,99,71000,19.23,101.7,84.91,0.0
2024000729,래미안 센트리폴(1BL),28,인천,2024-12-20,2024,4,41,70500,6.98,101.7,84.82,0.0
2024000729,래미안 센트리폴(1BL),28,인천,2024-12-20,2024,4,30,70800,5.36,101.7,84.97,0.0
2024000729,래미안 센트리폴(1BL),28,인천,2024-12-20,2024,4,18,71100,49.61,101.7,84.96,0.0
2024000729,래미안 센트리폴(1BL),28,인천,2024-12-20,2024,4,20,70900,11.75,101.7,84.98,0.0
2024000727,범어자이르네,27,대구,2024-12-20,2024,4,18,108800,2.08,101.7,84.9688,0.0
2024000725,세종 5-1 양우내안애 아스펜,36,세종,2025-01-10,2025,1,158,60900,8.71,101.7,84.0,44.0
2024000725,세종 5-1 양우내안애 아스펜,36,세종,2025-01-10,2025,1,56,60500,2.51,101.7,84.0,44.0
2024000725,세종 5-1 양우내안애 아스펜,36,세종,2025-01-10,2025,1,43,60900,6.63,101.7,84.0,44.0
2024000725,세종 5-1 양우내안애 아스펜,36,세종,2025-01-10,2025,1,13,61900,9.69,101.7,84.677,54.0
2024000725,세종 5-1 양우내안애 아스펜,36,세종,2025-01-10,2025,1,2,89900,93.0,101.7,84.9695,61.0
2024000725,세종 5-1 양우내안애 아스펜,36,세종,2025-01-10,2025,1,8,66500,32.88,101.7,84.0,44.0
2024000723,트리븐 논산,44,충남,2024-12-13,2024,4,18,33550,11.11,101.7,59.951,0.0
2024000723,트리븐 논산,44,충남,2024-12-13,2024,4,79,47340,3.48,101.7,84.825,0.0
2024000723,트리븐 논산,44,충남,2024-12-13,2024,4,16,46430,1.85,101.7,84.7869,0.0
2024000723,트리븐 논산,44,충남,2024-12-13,2024,4,20,46880,1.86,101.7,84.9814,0.0
2024000723,트리븐 논산,44,충남,2024-12-13,2024,4,10,46170,1.44,101.7,84.648,0.0
2024000723,트리븐 논산,44,충남,2024-12-13,2024,4,2,71780,3.5,101.7,84.9766,0.0
2024000718,더샵 퍼스트월드,11,서울,2024-12-13,2024,4,10,58700,13.2,103.2,39.945,0.0
2024000718,더샵 퍼스트월드,11,서울,2024-12-13,2024,4,15,57500,14.47,103.2,39.9328,0.0
2024000718,더샵 퍼스트월드,11,서울,2024-12-13,2024,4,11,65500,32.91,103.2,44.9648,0.0
2024000718,더샵 퍼스트월드,11,서울,2024-12-13,2024,4,7,65700,29.43,103.2,44.9002,0.0
2024000718,더샵 퍼스트월드,11,서울,2024-12-13,2024,4,21,98000,87.67,103.2,59.9636,0.0
2024000718,더샵 퍼스트월드,11,서울,2024-12-13,2024,4,17,133200,17.29,103.2,84.9464,0.0
2024000718,더샵 퍼스트월드,11,서울,2024-12-13,2024,4,36,132900,7.28,103.2,84.9005,0.0
2024000718,더샵 퍼스트월드,11,서울,2024-12-13,2024,4,38,134900,9.74,103.2,84.9214,0.0
2024000718,더샵 퍼스트월드,11,서울,2024-12-13,2024,4,16,132700,7.81,103.2,84.9723,0.0
2024000718,더샵 퍼스트월드,11,서울,2024-12-13,2024,4,16,136800,10.25,103.2,84.9898,0.0
2024000714,아산탕정자이 퍼스트시티,44,충남,2024-12-12,2024,4,52,39750,5.12,101.7,59.9941,0.0
2024000714,아산탕정자이 퍼스트시티,44,충남,2024-12-12,2024,4,18,39520,2.44,101.7,59.9843,0.0
2024000714,아산탕정자이 퍼스트시티,44,충남,2024-12-12,2024,4,237,52410,16.07,101.7,84.9905,0.0
2024000714,아산탕정자이 퍼스트시티,44,충남,2024-12-12,2024,4,50,52390,14.78,101.7,84.9923,0.0
2024000714,아산탕정자이 퍼스트시티,44,충남,2024-12-12,2024,4,36,52560,13.42,101.7,84.9921,0.0
2024000714,아산탕정자이 퍼스트시티,44,충남,2024-12-12,2024,4,16,52560,8.53,101.7,84.9921,0.0
2024000713,청주테크노폴리스 하트리움 더 메트로(S4블록),43,충북,2024-12-20,2024,4,69,46760,97.81,101.7,84.9323,0.0
2024000713,청주테크노폴리스 하트리움 더 메트로(S4블록),43,충북,2024-12-20,2024,4,42,46760,36.26,101.7,84.9234,0.0
2024000706,의왕 월암지구 대방 디에트르 레이크파크,41,경기,2024-12-20,2024,4,22,66417,13.36,101.7,75.9493,0.0
2024000706,의왕 월암지구 대방 디에트르 레이크파크,41,경기,2024-12-20,2024,4,13,59115,2.08,101.7,75.9347,0.0
2024000706,의왕 월암지구 대방 디에트르 레이크파크,41,경기,2024-12-20,2024,4,13,59106,1.62,101.7,75.9347,0.0
2024000706,의왕 월암지구 대방 디에트르 레이크파크,41,경기,2024-12-20,2024,4,55,73421,17.67,101.7,84.9715,0.0
2024000706,의왕 월암지구 대방 디에트르 레이크파크,41,경기,2024-12-20,2024,4,54,69881,33.75,101.7,84.9413,0.0
2024000706,의왕 월암지구 대방 디에트르 레이크파크,41,경기,2024-12-20,2024,4,57,67441,71.0,101.7,84.9684,0.0
2024000706,의왕 월암지구 대방 디에트르 레이크파크,41,경기,2024-12-20,2024,4,57,67441,109.0,101.7,84.9684,0.0
2024000703,대전 롯데캐슬 더퍼스트,30,대전,2025-02-07,2025,1,12,52030,3.0,101.7,74.9894,0.0
2024000699,e편한세상 송도 더퍼스트비치,26,부산,2024-12-06,2024,4,7,85000,3.0,101.7,84.385,0.0
2024000694,르엘 리버파크 센텀,26,부산,2025-07-11,2025,3,56,139400,106.68,101.7,84.928,0.0
2024000692,창경궁 롯데캐슬 시그니처,11,서울,2024-11-28,2024,4,35,108910,18.86,103.2,59.8424,0.0
2024000692,창경궁 롯데캐슬 시그니처,11,서울,2024-11-28,2024,4,63,109740,15.78,103.2,59.9254,0.0
2024000692,창경궁 롯데캐슬 시그니처,11,서울,2024-11-28,2024,4,90,105770,26.83,103.2,59.9519,0.0
2024000692,창경궁 롯데캐슬 시그니처,11,서울,2024-11-28,2024,4,72,139000,22.6,103.2,84.9828,0.0
2024000688,힐스테이트 등촌역,11,서울,2024-11-25,2024,4,45,114000,51.53,103.2,59.57,0.0
2024000688,힐스테이트 등촌역,11,서울,2024-11-25,2024,4,8,112400,41.13,103.2,59.54,0.0
2024000688,힐스테이트 등촌역,11,서울,2024-11-25,2024,4,45,142200,18.69,103.2,84.94,0.0
2024000688,힐스테이트 등촌역,11,서울,2024-11-25,2024,4,15,145400,13.13,103.2,84.71,0.0
2024000688,힐스테이트 등촌역,11,서울,2024-11-25,2024,4,26,144500,15.27,103.2,84.98,0.0
2024000679,e편한세상 당산 리버파크,11,서울,2024-11-14,2024,4,28,108450,294.11,103.2,51.406,0.0
2024000679,e편한세상 당산 리버파크,11,서울,2024-11-14,2024,4,22,106290,175.23,103.2,51.592,0.0
2024000679,e편한세상 당산 리버파크,11,서울,2024-11-14,2024,4,1,144230,1440.0,103.2,59.839,0.0
2024000679,e편한세상 당산 리버파크,11,서울,2024-11-14,2024,4,6,140980,500.17,103.2,59.832,0.0
2024000675,인하대역 푸르지오 에듀포레,28,인천,2024-11-22,2024,4,27,58390,1.32,101.7,74.99,0.0
2024000675,인하대역 푸르지오 에듀포레,28,인천,2024-11-22,2024,4,1,62480,12.0,101.7,84.96,0.0
2024000675,인하대역 푸르지오 에듀포레,28,인천,2024-11-22,2024,4,3,61650,3.0,101.7,84.96,0.0
2024000675,인하대역 푸르지오 에듀포레,28,인천,2024-11-22,2024,4,42,63460,43.0,101.7,84.96,0.0
2024000672,아크로 리츠카운티,11,서울,2024-11-26,2024,4,9,140370,175.78,103.2,44.94,0.0
2024000672,아크로 리츠카운티,11,서울,2024-11-26,2024,4,34,167630,686.91,103.2,59.98,0.0
2024000672,아크로 리츠카운티,11,서울,2024-11-26,2024,4,11,206600,183.82,103.2,75.98,0.0
2024000672,아크로 리츠카운티,11,서울,2024-11-26,2024,4,8,202430,161.38,103.2,75.92,0.0
2024000672,아크로 리츠카운티,11,서울,2024-11-26,2024,4,7,217120,825.57,103.2,84.95,0.0
2024000672,아크로 리츠카운티,11,서울,2024-11-26,2024,4,2,384170,125.0,103.2,144.66,0.0
2024000668,평촌자이 퍼스니티,41,경기,2024-11-14,2024,4,14,87890,5.0,101.7,53.9578,0.0
2024000668,평촌자이 퍼스니티,41,경기,2024-11-14,2024,4,112,98810,8.07,101.7,59.9833,0.0
2024000668,평촌자이 퍼스니티,41,경기,2024-11-14,2024,4,90,124700,7.58,101.7,77.9155,0.0
2024000668,평촌자이 퍼스니티,41,경기,2024-11-14,2024,4,25,135700,14.6,101.7,84.8435,0.0
2024000668,평촌자이 퍼스니티,41,경기,2024-11-14,2024,4,5,137960,20.2,101.7,84.8447,0.0
2024000668,평촌자이 퍼스니티,41,경기,2024-11-14,2024,4,29,133770,7.14,101.7,84.8969,0.0
2024000668,평촌자이 퍼스니티,41,경기,2024-11-14,2024,4,6,133560,3.7,101.7,84.9133,0.0
2024000664,평택 고덕국제신도시 A50블록 미래도 파밀리에(본청약),41,경기,2024-12-06,2024,4,80,53690,32.5,101.7,84.9508,39.0
2024000664,평택 고덕국제신도시 A50블록 미래도 파밀리에(본청약),41,경기,2024-12-06,2024,4,40,53120,3.81,101.7,84.9927,27.0
2024000661,인천강화서희스타힐스 1단지(조합원 취소세대),28,인천,2024-12-30,2024,4,1,48954,3.0,101.7,84.9495,0.0
2024000660,덕소역 라온프라이빗 리버포레,41,경기,2024-12-06,2024,4,9,59960,3.0,101.7,59.9076,0.0
2024000660,덕소역 라온프라이빗 리버포레,41,경기,2024-12-06,2024,4,39,59870,1.82,101.7,59.8741,0.0
2024000660,덕소역 라온프라이빗 리버포레,41,경기,2024-12-06,2024,4,17,59890,1.24,101.7,59.9657,0.0
2024000660,덕소역 라온프라이빗 리버포레,41,경기,2024-12-06,2024,4,25,82350,8.4,101.7,84.9894,0.0
2024000659,서울원 아이파크,11,서울,2024-11-15,2024,4,19,103800,213.37,103.2,59.8281,0.0
2024000659,서울원 아이파크,11,서울,2024-11-15,2024,4,19,116500,19.84,103.2,72.1489,0.0
2024000659,서울원 아이파크,11,서울,2024-11-15,2024,4,3,113100,23.67,103.2,72.1489,0.0
2024000659,서울원 아이파크,11,서울,2024-11-15,2024,4,5,113100,14.0,103.2,72.1489,0.0
2024000659,서울원 아이파크,11,서울,2024-11-15,2024,4,20,121400,22.45,103.2,74.9528,0.0
2024000659,서울원 아이파크,11,서울,2024-11-15,2024,4,7,119000,15.29,103.2,74.9528,0.0
2024000659,서울원 아이파크,11,서울,2024-11-15,2024,4,3,118400,19.0,103.2,74.9528,0.0
2024000659,서울원 아이파크,11,서울,2024-11-15,2024,4,132,139000,16.16,103.2,84.3174,0.0
2024000659,서울원 아이파크,11,서울,2024-11-15,2024,4,132,141400,36.76,103.2,84.6615,0.0
2024000659,서울원 아이파크,11,서울,2024-11-15,2024,4,20,136300,9.4,103.2,84.3174,0.0
2024000659,서울원 아이파크,11,서울,2024-11-15,2024,4,21,136300,6.1,103.2,84.3174,0.0
2024000659,서울원 아이파크,11,서울,2024-11-15,2024,4,20,138600,12.2,103.2,84.6615,0.0
2024000659,서울원 아이파크,11,서울,2024-11-15,2024,4,21,138600,12.14,103.2,84.6615,0.0
2024000658,전주 인후동 마루힐 센트럴,52,전북,2024-11-15,2024,4,62,49583,5.91,101.7,84.9946,0.0
2024000658,전주 인후동 마루힐 센트럴,52,전북,2024-11-15,2024,4,36,49583,11.56,101.7,84.9992,0.0
2024000657,둔산 엘리프 더센트럴,30,대전,2024-11-08,2024,4,174,63480,1.3,101.7,84.9521,0.0
2024000657,둔산 엘리프 더센트럴,30,대전,2024-11-08,2024,4,26,62610,28.0,101.7,84.9521,0.0
2024000655,힐스테이트 도안리버파크 5단지,30,대전,2024-11-08,2024,4,7,75430,215.57,101.7,84.9923,0.0
2024000655,힐스테이트 도안리버파크 5단지,30,대전,2024-11-08,2024,4,11,75190,21.09,101.7,84.961,0.0
2024000654,힐스테이트 도안리버파크 3단지,30,대전,2024-11-08,2024,4,104,76500,20.65,101.7,84.9923,0.0
2024000654,힐스테이트 도안리버파크 3단지,30,대전,2024-11-08,2024,4,9,74770,9.78,101.7,84.9606,0.0
2024000654,힐스테이트 도안리버파크 3단지,30,대전,2024-11-08,2024,4,58,73340,1.8,101.7,84.9539,0.0
2024000654,힐스테이트 도안리버파크 3단지,30,대전,2024-11-08,2024,4,129,75120,1.65,101.7,84.9861,0.0
2024000649,화성 비봉지구 B1블록 금성백조 예미지2차,41,경기,2024-11-15,2024,4,69,43945,4.11,101.7,84.9804,0.0
2024000649,화성 비봉지구 B1블록 금성백조 예미지2차,41,경기,2024-11-15,2024,4,26,44196,6.67,101.7,84.9998,16.0
2024000644,청주테크노폴리스 힐데스하임 더원(S3블록),43,충북,2024-11-08,2024,4,75,46230,104.97,101.7,84.99,0.0
2024000644,청주테크노폴리스 힐데스하임 더원(S3블록),43,충북,2024-11-08,2024,4,29,45630,38.76,101.7,84.96,0.0
2024000644,청주테크노폴리스 힐데스하임 더원(S3블록),43,충북,2024-11-08,2024,4,12,44070,72.08,101.7,84.94,0.0
2024000643,태화강 유보라 팰라티움(조합원 취소분),31,울산,2024-11-01,2024,4,7,72500,3.0,101.7,84.8627,0.0
2024000643,태화강 유보라 팰라티움(조합원 취소분),31,울산,2024-11-01,2024,4,2,65900,1.5,101.7,84.5436,0.0
2024000642,성성자이 레이크파크,44,충남,2024-11-15,2024,4,184,57600,4.55,101.7,84.9467,0.0
2024000642,성성자이 레이크파크,44,충남,2024-11-15,2024,4,132,58100,6.73,101.7,84.9448,0.0
2024000642,성성자이 레이크파크,44,충남,2024-11-15,2024,4,132,57200,54.0,101.7,84.948,0.0
2024000637,곤지암역 제일풍경채,41,경기,2024-10-31,2024,4,78,44900,5.13,101.7,59.8372,0.0
2024000637,곤지암역 제일풍경채,41,경기,2024-10-31,2024,4,44,60500,1.01,101.7,84.9876,0.0
2024000633,더샵 탕정인피니티시티 3차,44,충남,2024-10-25,2024,4,241,42700,3.79,101.7,70.8617,0.0
2024000633,더샵 탕정인피니티시티 3차,44,충남,2024-10-25,2024,4,77,42900,2.06,101.7,70.8318,0.0
2024000633,더샵 탕정인피니티시티 3차,44,충남,2024-10-25,2024,4,48,42600,1.23,101.7,70.9782,0.0
2024000633,더샵 탕정인피니티시티 3차,44,충남,2024-10-25,2024,4,50,52200,79.34,101.7,84.8324,0.0
2024000633,더샵 탕정인피니티시티 3차,44,충남,2024-10-25,2024,4,37,52900,45.46,101.7,84.7945,0.0
2024000633,더샵 탕정인피니티시티 3차,44,충남,2024-10-25,2024,4,37,52000,27.05,101.7,84.9331,0.0
2024000631,검단신도시 푸르지오 더 파크,28,인천,2024-10-31,2024,4,81,59500,5.13,101.7,84.9277,37.0
2024000631,검단신도시 푸르지오 더 파크,28,인천,2024-10-31,2024,4,54,56800,2.3,101.7,84.9501,30.0
2024000631,검단신도시 푸르지오 더 파크,28,인천,2024-10-31,2024,4,88,59100,13.64,101.7,84.9069,44.0
2024000631,검단신도시 푸르지오 더 파크,28,인천,2024-10-31,2024,4,37,59100,3.36,101.7,84.9339,31.0
2024000628,천안 아이파크 시티,44,충남,2024-11-01,2024,4,133,55000,28.89,101.7,84.98,0.0
2024000628,천안 아이파크 시티,44,충남,2024-11-01,2024,4,99,53900,5.3,101.7,84.97,0.0
2024000624,더샵 시에르네,31,울산,2024-11-01,2024,4,15,69200,16.07,101.7,74.9469,0.0
2024000624,더샵 시에르네,31,울산,2024-11-01,2024,4,3,69000,7.2,101.7,75.9849,0.0
2024000624,더샵 시에르네,31,울산,2024-11-01,2024,4,23,73900,43.7,101.7,84.963,0.0
2024000624,더샵 시에르네,31,울산,2024-11-01,2024,4,15,74100,13.11,101.7,84.965,0.0
2024000624,더샵 시에르네,31,울산,2024-11-01,2024,4,18,73000,9.74,101.7,84.8968,0.0
2024000622,오산세교 우미 린 센트럴시티(A-14블록)(본청약),41,경기,2024-10-18,2024,4,74,35980,9.31,101.7,59.9884,27.0
2024000622,오산세교 우미 린 센트럴시티(A-14블록)(본청약),41,경기,2024-10-18,2024,4,86,35980,10.29,101.7,59.9595,28.0
2024000622,오산세교 우미 린 센트럴시티(A-14블록)(본청약),41,경기,2024-10-18,2024,4,84,35980,7.82,101.7,59.9938,28.0
2024000622,오산세교 우미 린 센트럴시티(A-14블록)(본청약),41,경기,2024-10-18,2024,4,29,35980,5.67,101.7,59.983,0.0
2024000622,오산세교 우미 린 센트럴시티(A-14블록)(본청약),41,경기,2024-10-18,2024,4,73,43100,5.42,101.7,72.9573,0.0
2024000622,오산세교 우미 린 센트럴시티(A-14블록)(본청약),41,경기,2024-10-18,2024,4,122,49450,13.83,101.7,84.9732,37.0
2024000608,번영로 롯데캐슬 센트럴스카이,31,울산,2024-11-01,2024,4,42,74300,1.18,101.7,84.9838,0.0
2024000604,e편한세상 일산 메이포레 3단지,41,경기,2024-11-07,2024,4,15,56170,7.53,101.7,59.7591,0.0
2024000604,e편한세상 일산 메이포레 3단지,41,경기,2024-11-07,2024,4,2,79780,15.0,101.7,84.522,0.0
2024000604,e편한세상 일산 메이포레 3단지,41,경기,2024-11-07,2024,4,2,80220,6.5,101.7,84.4895,0.0
2024000603,e편한세상 일산 메이포레 1단지,41,경기,2024-11-07,2024,4,57,79560,2.14,101.7,84.522,0.0
2024000602,광명 유승한내들 라포레,41,경기,2024-10-31,2024,4,14,97800,13.0,101.7,83.7468,0.0
2024000601,군포대야미 대방 디에트르 시그니처(B3BL),41,경기,2024-11-08,2024,4,159,64165,4.71,101.7,84.9982,0.0
2024000601,군포대야미 대방 디에트르 시그니처(B3BL),41,경기,2024-11-08,2024,4,160,58923,2.96,101.7,84.946,0.0
2024000600,VIORR(비오르),11,서울,2024-10-24,2024,4,5,129500,16.4,103.2,59.3518,0.0
2024000600,VIORR(비오르),11,서울,2024-10-24,2024,4,5,128000,9.0,103.2,59.1113,0.0
2024000600,VIORR(비오르),11,서울,2024-10-24,2024,4,7,154800,3.86,103.2,75.7637,0.0
2024000600,VIORR(비오르),11,서울,2024-10-24,2024,4,1,157800,11.0,103.2,75.7637,0.0
2024000600,VIORR(비오르),11,서울,2024-10-24,2024,4,7,176800,7.29,103.2,84.6231,0.0
2024000600,VIORR(비오르),11,서울,2024-10-24,2024,4,1,215000,15.0,103.2,84.6536,0.0
2024000600,VIORR(비오르),11,서울,2024-10-24,2024,4,1,210000,17.0,103.2,84.9274,0.0
2024000600,VIORR(비오르),11,서울,2024-10-24,2024,4,1,220000,15.0,103.2,84.4324,0.0
2024000600,VIORR(비오르),11,서울,2024-10-24,2024,4,1,220000,16.0,103.2,84.893,0.0
2024000597,수원 비셀토64,41,경기,2024-10-11,2024,4,3,50750,1.2,101.7,60.959,0.0
2024000597,수원 비셀토64,41,경기,2024-10-11,2024,4,16,61390,14.0,101.7,71.524,0.0
2024000597,수원 비셀토64,41,경기,2024-10-11,2024,4,2,65574,2.0,101.7,75.191,0.0
2024000595,평택 브레인시티 한신더휴,41,경기,2024-11-01,2024,4,71,38000,5.1,101.7,59.8712,27.0
2024000594,래미안 센트리폴(3BL),28,인천,2024-10-11,2024,4,47,55500,43.94,101.7,59.92,0.0
2024000594,래미안 센트리폴(3BL),28,인천,2024-10-11,2024,4,18,54800,11.78,101.7,59.89,0.0
2024000594,래미안 센트리폴(3BL),28,인천,2024-10-11,2024,4,97,63900,23.18,101.7,71.85,0.0
2024000594,래미안 센트리폴(3BL),28,인천,2024-10-11,2024,4,139,63200,9.35,101.7,71.81,0.0
2024000594,래미안 센트리폴(3BL),28,인천,2024-10-11,2024,4,110,72500,51.99,101.7,84.91,0.0
2024000594,래미안 센트리폴(3BL),28,인천,2024-10-11,2024,4,54,72000,12.35,101.7,84.84,0.0
2024000594,래미안 센트리폴(3BL),28,인천,2024-10-11,2024,4,109,72300,13.48,101.7,84.94,0.0
2024000593,양주역 푸르지오 센터파크,41,경기,2024-10-18,2024,4,257,35900,2.54,101.7,59.4915,0.0
2024000593,양주역 푸르지오 센터파크,41,경기,2024-10-18,2024,4,61,35500,44.0,101.7,59.3157,0.0
2024000593,양주역 푸르지오 센터파크,41,경기,2024-10-18,2024,4,58,35600,30.0,101.7,59.3529,0.0
2024000593,양주역 푸르지오 센터파크,41,경기,2024-10-18,2024,4,54,53900,4.87,101.7,84.2467,0.0
2024000593,양주역 푸르지오 센터파크,41,경기,2024-10-18,2024,4,59,53300,2.81,101.7,84.8838,0.0
2024000593,양주역 푸르지오 센터파크,41,경기,2024-10-18,2024,4,30,52900,1.94,101.7,84.3148,0.0
2024000590,잠실 래미안아이파크,11,서울,2024-10-11,2024,4,70,111520,144.3,103.2,43.73,0.0
2024000590,잠실 래미안아이파크,11,서울,2024-10-11,2024,4,24,152260,591.25,103.2,59.47,0.0
2024000590,잠실 래미안아이파크,11,서울,2024-10-11,2024,4,8,150200,260.5,103.2,59.45,0.0
2024000590,잠실 래미안아이파크,11,서울,2024-10-11,2024,4,24,151800,415.63,103.2,59.46,0.0
2024000590,잠실 래미안아이파크,11,서울,2024-10-11,2024,4,5,174320,120.6,103.2,74.96,0.0
2024000590,잠실 래미안아이파크,11,서울,2024-10-11,2024,4,4,177050,109.0,103.2,74.94,0.0
2024000590,잠실 래미안아이파크,11,서울,2024-10-11,2024,4,7,179600,125.86,103.2,74.92,0.0
2024000590,잠실 래미안아이파크,11,서울,2024-10-11,2024,4,36,190370,293.47,103.2,84.88,0.0
2024000590,잠실 래미안아이파크,11,서울,2024-10-11,2024,4,2,190870,342.0,103.2,84.99,0.0
2024000590,잠실 래미안아이파크,11,서울,2024-10-11,2024,4,9,186400,163.11,103.2,84.99,0.0
2024000590,잠실 래미안아이파크,11,서울,2024-10-11,2024,4,87,189010,313.64,103.2,84.96,0.0
2024000590,잠실 래미안아이파크,11,서울,2024-10-11,2024,4,8,184560,135.5,103.2,84.99,0.0
2024000590,잠실 래미안아이파크,11,서울,2024-10-11,2024,4,5,224640,130.8,103.2,104.32,0.0
2024000590,잠실 래미안아이파크,11,서울,2024-10-11,2024,4,4,224910,76.25,103.2,104.32,0.0
2024000590,잠실 래미안아이파크,11,서울,2024-10-11,2024,4,11,225180,170.55,103.2,104.32,0.0
2024000590,잠실 래미안아이파크,11,서울,2024-10-11,2024,4,3,224360,98.0,103.2,104.24,0.0
2024000589,직산역 서희스타힐스(조합원 취소분),44,충남,2024-10-07,2024,4,1,28864,5.0,101.7,59.8854,0.0
2024000589,직산역 서희스타힐스(조합원 취소분),44,충남,2024-10-07,2024,4,2,37660,7.0,101.7,84.2645,0.0
2024000585,두산위브 더센트럴 부평,28,인천,2024-10-11,2024,4,10,47270,1.5,101.7,50.6837,0.0
2024000585,두산위브 더센트럴 부평,28,인천,2024-10-11,2024,4,13,49670,1.54,101.7,52.185,0.0
2024000585,두산위브 더센트럴 부평,28,인천,2024-10-11,2024,4,52,59980,13.0,101.7,63.8777,0.0
2024000573,대전 르에브 스위첸 2단지,30,대전,2024-10-11,2024,4,125,42900,1.12,101.7,59.9968,0.0
2024000573,대전 르에브 스위첸 2단지,30,대전,2024-10-11,2024,4,75,58200,7.19,101.7,84.8543,0.0
2024000573,대전 르에브 스위첸 2단지,30,대전,2024-10-11,2024,4,65,57400,2.22,101.7,84.827,0.0
2024000572,대전 르에브 스위첸 1단지,30,대전,2024-10-11,2024,4,22,58200,30.82,101.7,84.8543,0.0
2024000571,센텀파크 SK VIEW,26,부산,2024-10-11,2024,4,52,66012,1.0,101.7,74.9898,0.0
2024000566,부천아테라자이(부천괴안지구 B-2블록),41,경기,2024-09-27,2024,3,45,57900,1.42,101.7,50.9584,0.0
2024000566,부천아테라자이(부천괴안지구 B-2블록),41,경기,2024-09-27,2024,3,7,58900,7.0,101.7,50.9289,0.0
2024000566,부천아테라자이(부천괴안지구 B-2블록),41,경기,2024-09-27,2024,3,28,67200,4.11,101.7,59.9975,0.0
2024000563,아크로 베스티뉴,41,경기,2024-11-07,2024,4,9,58860,4.7,101.7,39.5844,0.0
2024000563,아크로 베스티뉴,41,경기,2024-11-07,2024,4,171,108950,1.75,101.7,59.9787,0.0
2024000563,아크로 베스티뉴,41,경기,2024-11-07,2024,4,7,108520,8.86,101.7,59.7652,0.0
2024000563,아크로 베스티뉴,41,경기,2024-11-07,2024,4,6,140290,2.8,101.7,74.3619,0.0
2024000563,아크로 베스티뉴,41,경기,2024-11-07,2024,4,19,157440,5.53,101.7,84.79,0.0
2024000562,하당 르파르크 시그니처,46,전남,2024-10-04,2024,4,2,44300,6.5,101.7,84.9965,0.0
2024000559,공도 서희스타힐스(조합원 자격상실 세대),41,경기,2024-09-30,2024,3,3,36200,1.33,101.7,74.779,0.0
2024000551,광안센텀 비스타동원,26,부산,2024-09-26,2024,3,33,62200,2.67,101.7,59.9823,0.0
2024000551,광안센텀 비스타동원,26,부산,2024-09-26,2024,3,15,62400,2.2,101.7,59.9782,0.0
2024000551,광안센텀 비스타동원,26,부산,2024-09-26,2024,3,37,84100,2.38,101.7,84.962,0.0
2024000551,광안센텀 비스타동원,26,부산,2024-09-26,2024,3,6,82000,1.5,101.7,84.9413,0.0
2024000547,디에이치 대치 에델루이,11,서울,2024-09-26,2024,3,10,164340,1910.4,103.2,59.99,0.0
2024000547,디에이치 대치 에델루이,11,서울,2024-09-26,2024,3,3,162700,292.33,103.2,59.99,0.0
2024000547,디에이치 대치 에델루이,11,서울,2024-09-26,2024,3,2,162700,427.5,103.2,59.99,0.0
2024000547,디에이치 대치 에델루이,11,서울,2024-09-26,2024,3,3,164340,286.33,103.2,59.9,0.0
2024000547,디에이치 대치 에델루이,11,서울,2024-09-26,2024,3,3,192450,213.33,103.2,72.99,0.0
2024000547,디에이치 대치 에델루이,11,서울,2024-09-26,2024,3,14,223080,1042.07,103.2,84.99,0.0
2024000547,디에이치 대치 에델루이,11,서울,2024-09-26,2024,3,2,241840,511.0,103.2,94.99,0.0
2024000546,한신더휴 하이엔에듀포레,11,서울,2024-11-22,2024,4,8,54190,6.88,103.2,45.99,0.0
2024000546,한신더휴 하이엔에듀포레,11,서울,2024-11-22,2024,4,21,68950,10.43,103.2,59.96,0.0
2024000546,한신더휴 하이엔에듀포레,11,서울,2024-11-22,2024,4,6,67390,7.5,103.2,59.96,0.0
2024000546,한신더휴 하이엔에듀포레,11,서울,2024-11-22,2024,4,4,67600,6.5,103.2,59.9,0.0
2024000534,마포 에피트 어바닉,11,서울,2024-09-27,2024,3,3,72760,25.33,103.2,34.013,0.0
2024000534,마포 에피트 어바닉,11,서울,2024-09-27,2024,3,22,102500,5.45,103.2,42.069,0.0
2024000534,마포 에피트 어바닉,11,서울,2024-09-27,2024,3,3,100530,8.0,103.2,42.069,0.0
2024000534,마포 에피트 어바닉,11,서울,2024-09-27,2024,3,10,109130,3.9,103.2,43.606,0.0
2024000534,마포 에피트 어바닉,11,서울,2024-09-27,2024,3,50,114880,8.86,103.2,46.243,0.0
2024000534,마포 에피트 어바닉,11,서울,2024-09-27,2024,3,6,110540,13.5,103.2,46.243,0.0
2024000526,힐스테이트 평택역센트럴시티,41,경기,2024-10-24,2024,4,22,57700,7.0,101.7,74.99,0.0
2024000526,힐스테이트 평택역센트럴시티,41,경기,2024-10-24,2024,4,9,59820,2.11,101.7,84.99,0.0
2024000526,힐스테이트 평택역센트럴시티,41,경기,2024-10-24,2024,4,7,59690,1.86,101.7,84.93,0.0
2024000526,힐스테이트 평택역센트럴시티,41,경기,2024-10-24,2024,4,41,64650,7.0,101.7,84.13,0.0
2024000520,동래 롯데캐슬 시그니처(조합원 취소분),26,부산,2024-09-13,2024,3,3,74000,23.67,101.7,69.9393,0.0
2024000520,동래 롯데캐슬 시그니처(조합원 취소분),26,부산,2024-09-13,2024,3,3,90910,50.0,101.7,84.9189,0.0
2024000520,동래 롯데캐슬 시그니처(조합원 취소분),26,부산,2024-09-13,2024,3,2,89610,13.5,101.7,84.6128,0.0
2024000517,원주역 우미 린 더 스카이,51,강원,2024-09-20,2024,3,274,46140,16.31,101.7,84.9537,0.0
2024000517,원주역 우미 린 더 스카이,51,강원,2024-09-20,2024,3,100,46140,4.24,101.7,84.943,0.0
2024000517,원주역 우미 린 더 스카이,51,강원,2024-09-20,2024,3,76,44580,3.75,101.7,84.9808,0.0
2024000516,북수원이목지구 대방 디에트르 더 리체Ⅰ,41,경기,2024-09-06,2024,3,151,149673,1.34,101.7,84.3693,0.0
2024000513,청담 르엘,11,서울,2024-09-06,2024,3,18,201980,723.06,103.2,59.7785,0.0
2024000513,청담 르엘,11,서울,2024-09-06,2024,3,22,201350,769.32,103.2,59.9089,0.0
2024000513,청담 르엘,11,서울,2024-09-06,2024,3,15,251120,717.93,103.2,84.7467,0.0
2024000513,청담 르엘,11,서울,2024-09-06,2024,3,22,254570,584.27,103.2,84.9194,0.0
2024000513,청담 르엘,11,서울,2024-09-06,2024,3,8,241770,394.25,103.2,84.504,0.0
2024000507,시티오씨엘 6단지,28,인천,2024-09-27,2024,3,60,44430,13.52,101.7,59.6989,0.0
2024000507,시티오씨엘 6단지,28,인천,2024-09-27,2024,3,122,57920,6.93,101.7,75.8038,0.0
2024000507,시티오씨엘 6단지,28,인천,2024-09-27,2024,3,246,65000,8.77,101.7,84.8248,0.0
2024000507,시티오씨엘 6단지,28,인천,2024-09-27,2024,3,191,63920,1.32,101.7,84.8637,0.0
2024000507,시티오씨엘 6단지,28,인천,2024-09-27,2024,3,125,62330,2.03,101.7,84.8004,0.0
2024000502,프레스티어자이,41,경기,2024-09-27,2024,3,27,136290,8.74,101.7,49.9972,0.0
2024000502,프레스티어자이,41,경기,2024-09-27,2024,3,10,138760,8.9,101.7,49.9899,0.0
2024000502,프레스티어자이,41,경기,2024-09-27,2024,3,2,148890,7.0,101.7,49.9972,0.0
2024000502,프레스티어자이,41,경기,2024-09-27,2024,3,1,150030,6.0,101.7,49.9899,0.0
2024000502,프레스티어자이,41,경기,2024-09-27,2024,3,18,160540,25.22,101.7,59.9608,0.0
2024000502,프레스티어자이,41,경기,2024-09-27,2024,3,19,162380,15.74,101.7,59.9933,0.0
2024000502,프레스티어자이,41,경기,2024-09-27,2024,3,5,164220,19.4,101.7,59.9913,0.0
2024000502,프레스티어자이,41,경기,2024-09-27,2024,3,1,172670,19.0,101.7,59.9933,0.0
2024000502,프레스티어자이,41,경기,2024-09-27,2024,3,40,199760,13.58,101.7,74.9852,0.0
2024000502,프레스티어자이,41,경기,2024-09-27,2024,3,11,201080,7.09,101.7,74.9942,0.0
2024000502,프레스티어자이,41,경기,2024-09-27,2024,3,4,204410,11.0,101.7,74.9947,0.0
2024000502,프레스티어자이,41,경기,2024-09-27,2024,3,1,218380,11.0,101.7,74.8487,0.0
2024000502,프레스티어자이,41,경기,2024-09-27,2024,3,10,222320,22.3,101.7,84.9966,0.0
2024000502,프레스티어자이,41,경기,2024-09-27,2024,3,2,209830,12.0,101.7,84.9973,0.0
2024000502,프레스티어자이,41,경기,2024-09-27,2024,3,3,224200,17.67,101.7,84.9939,0.0
2024000502,프레스티어자이,41,경기,2024-09-27,2024,3,2,210550,9.0,101.7,84.9493,0.0
2024000502,프레스티어자이,41,경기,2024-09-27,2024,3,7,227230,26.14,101.7,84.999,0.0
2024000502,프레스티어자이,41,경기,2024-09-27,2024,3,4,225680,14.5,101.7,84.9953,0.0
2024000502,프레스티어자이,41,경기,2024-09-27,2024,3,1,220750,5.0,101.7,84.9955,0.0
2024000502,프레스티어자이,41,경기,2024-09-27,2024,3,2,241600,17.0,101.7,84.9962,0.0
2024000484,올림픽파크 서한포레스트,11,서울,2024-08-30,2024,3,9,82300,14.22,103.2,49.451,0.0
2024000484,올림픽파크 서한포레스트,11,서울,2024-08-30,2024,3,14,82600,17.79,103.2,49.092,0.0
2024000484,올림픽파크 서한포레스트,11,서울,2024-08-30,2024,3,19,99700,36.11,103.2,59.0,0.0
2024000484,올림픽파크 서한포레스트,11,서울,2024-08-30,2024,3,7,121900,31.14,103.2,69.282,0.0
2024000484,올림픽파크 서한포레스트,11,서울,2024-08-30,2024,3,7,121900,37.86,103.2,69.282,0.0
2024000479,김해 대청천 에피트,48,경남,2024-08-30,2024,3,22,52100,39.0,101.7,84.8251,0.0
2024000479,김해 대청천 에피트,48,경남,2024-08-30,2024,3,1,52100,3.0,101.7,84.8251,0.0
2024000473,e편한세상 명덕역 퍼스트마크,27,대구,2024-09-26,2024,3,243,46109,7.9,101.7,59.814,0.0
2024000473,e편한세상 명덕역 퍼스트마크,27,대구,2024-09-26,2024,3,113,68156,31.58,101.7,84.711,0.0
2024000473,e편한세상 명덕역 퍼스트마크,27,대구,2024-09-26,2024,3,200,65163,4.57,101.7,84.847,0.0
2024000473,e편한세상 명덕역 퍼스트마크,27,대구,2024-09-26,2024,3,4,67035,13.0,101.7,84.898,0.0
2024000472,라체르보 푸르지오 써밋,11,서울,2024-08-23,2024,3,47,90360,159.87,103.2,45.7233,0.0
2024000472,라체르보 푸르지오 써밋,11,서울,2024-08-23,2024,3,3,141090,363.0,103.2,59.9398,0.0
2024000472,라체르보 푸르지오 써밋,11,서울,2024-08-23,2024,3,2,145400,373.0,103.2,59.766,0.0
2024000472,라체르보 푸르지오 써밋,11,서울,2024-08-23,2024,3,3,141270,218.67,103.2,59.7267,0.0
2024000472,라체르보 푸르지오 써밋,11,서울,2024-08-23,2024,3,18,164680,290.78,103.2,65.9129,0.0
2024000471,연신내 양우내안애 퍼스티지,11,서울,2024-08-30,2024,3,10,76936,2.7,103.2,53.168,0.0
2024000471,연신내 양우내안애 퍼스티지,11,서울,2024-08-30,2024,3,29,86985,2.07,103.2,59.276,0.0
2024000471,연신내 양우내안애 퍼스티지,11,서울,2024-08-30,2024,3,29,86968,5.0,103.2,59.173,0.0
2024000471,연신내 양우내안애 퍼스티지,11,서울,2024-08-30,2024,3,21,106058,1.34,103.2,74.606,0.0
2024000468,광주태전 경남아너스빌 리미티드,41,경기,2024-08-29,2024,3,97,63750,1.88,101.7,84.9969,0.0
2024000457,한강 수자인 오브센트,41,경기,2024-09-06,2024,3,32,39300,2.28,101.7,50.3901,0.0
2024000457,한강 수자인 오브센트,41,경기,2024-09-06,2024,3,86,52930,4.23,101.7,59.8425,0.0
2024000457,한강 수자인 오브센트,41,경기,2024-09-06,2024,3,239,52630,1.73,101.7,59.5096,0.0
2024000457,한강 수자인 오브센트,41,경기,2024-09-06,2024,3,71,53460,1.82,101.7,59.9777,0.0
2024000457,한강 수자인 오브센트,41,경기,2024-09-06,2024,3,179,53150,69.0,101.7,59.9984,0.0
2024000457,한강 수자인 오브센트,41,경기,2024-09-06,2024,3,46,62440,10.11,101.7,76.8794,0.0
2024000457,한강 수자인 오브센트,41,경기,2024-09-06,2024,3,113,63620,1.9,101.7,76.8667,0.0
2024000457,한강 수자인 오브센트,41,경기,2024-09-06,2024,3,59,63080,5.51,101.7,76.9549,0.0
2024000457,한강 수자인 오브센트,41,경기,2024-09-06,2024,3,29,68930,15.1,101.7,84.8725,0.0
2024000457,한강 수자인 오브센트,41,경기,2024-09-06,2024,3,92,69390,7.08,101.7,84.5749,0.0
2024000457,한강 수자인 오브센트,41,경기,2024-09-06,2024,3,40,69390,7.45,101.7,84.9724,0.0
2024000442,하남시청역 하우스원,41,경기,2024-08-21,2024,3,10,54200,1.0,101.7,57.52,0.0
2024000442,하남시청역 하우스원,41,경기,2024-08-21,2024,3,6,54200,1.5,101.7,58.48,0.0
2024000442,하남시청역 하우스원,41,경기,2024-08-21,2024,3,8,54200,2.13,101.7,59.58,0.0
2024000427,번영로 하늘채 라크뷰,31,울산,2024-08-23,2024,3,18,53400,7.22,101.7,59.9851,0.0
2024000427,번영로 하늘채 라크뷰,31,울산,2024-08-23,2024,3,167,72000,1.51,101.7,84.9938,0.0
2024000412,디에이치 방배,11,서울,2024-08-16,2024,3,33,165680,182.3,103.2,59.86,0.0
2024000412,디에이치 방배,11,서울,2024-08-16,2024,3,63,170790,233.08,103.2,59.53,0.0
2024000412,디에이치 방배,11,서울,2024-08-16,2024,3,12,172580,199.5,103.2,59.8,0.0
2024000412,디에이치 방배,11,서울,2024-08-16,2024,3,329,224450,77.59,103.2,84.98,0.0
2024000412,디에이치 방배,11,서울,2024-08-16,2024,3,92,224350,46.16,103.2,84.95,0.0
2024000412,디에이치 방배,11,서울,2024-08-16,2024,3,56,221960,38.66,103.2,84.98,0.0
2024000412,디에이치 방배,11,서울,2024-08-16,2024,3,39,246280,53.9,103.2,101.9,0.0
2024000412,디에이치 방배,11,서울,2024-08-16,2024,3,11,250360,32.27,103.2,101.87,0.0
2024000412,디에이치 방배,11,서울,2024-08-16,2024,3,6,276250,124.17,103.2,114.92,0.0
2024000412,디에이치 방배,11,서울,2024-08-16,2024,3,9,269280,49.89,103.2,114.85,0.0
2024000407,의왕고천지구 대방 디에트르 센트럴(B1BL),41,경기,2024-10-24,2024,4,39,79325,3.18,101.7,84.9705,0.0
2024000407,의왕고천지구 대방 디에트르 센트럴(B1BL),41,경기,2024-10-24,2024,4,95,72700,2.28,101.7,84.9898,0.0
2024000405,아산배방(2-A13BL) 금강펜테리움 센트럴파크,44,충남,2024-08-09,2024,3,52,39800,6.72,101.7,74.9804,0.0
2024000405,아산배방(2-A13BL) 금강펜테리움 센트럴파크,44,충남,2024-08-09,2024,3,17,47550,21.41,101.7,84.6475,0.0
2024000405,아산배방(2-A13BL) 금강펜테리움 센트럴파크,44,충남,2024-08-09,2024,3,28,47430,16.89,101.7,84.9316,0.0
2024000405,아산배방(2-A13BL) 금강펜테리움 센트럴파크,44,충남,2024-08-09,2024,3,42,46530,15.86,101.7,84.906,0.0
2024000396,부천 중앙하이츠 심곡 102동,41,경기,2025-01-17,2025,1,4,49480,2.0,101.7,58.3229,0.0
2024000396,부천 중앙하이츠 심곡 102동,41,경기,2025-01-17,2025,1,10,51157,9.0,101.7,61.1859,0.0
2024000396,부천 중앙하이츠 심곡 102동,41,경기,2025-01-17,2025,1,1,55043,9.0,101.7,69.192,0.0
2024000396,부천 중앙하이츠 심곡 102동,41,경기,2025-01-17,2025,1,10,64575,7.0,101.7,76.6642,0.0
2024000390,더 트루엘 마곡 HQ,11,서울,2024-08-01,2024,3,8,54600,14.13,103.2,36.6756,0.0
2024000390,더 트루엘 마곡 HQ,11,서울,2024-08-01,2024,3,6,71300,11.33,103.2,48.3293,0.0
2024000390,더 트루엘 마곡 HQ,11,서울,2024-08-01,2024,3,55,71300,3.15,103.2,48.3293,0.0
2024000390,더 트루엘 마곡 HQ,11,서울,2024-08-01,2024,3,3,71300,22.33,103.2,48.3293,0.0
2024000389,용인 둔전역 에피트,41,경기,2024-08-19,2024,3,76,43100,1.07,101.7,68.9571,0.0
2024000389,용인 둔전역 에피트,41,경기,2024-08-19,2024,3,183,48800,49.0,101.7,84.9856,0.0
2024000388,사직 하늘채 리센티아(조합원 취소분),26,부산,2024-08-07,2024,3,1,75325,43.0,101.7,84.8908,0.0
2024000388,사직 하늘채 리센티아(조합원 취소분),26,부산,2024-08-07,2024,3,3,77050,5.67,101.7,84.8978,0.0
2024000388,사직 하늘채 리센티아(조합원 취소분),26,부산,2024-08-07,2024,3,5,77740,5.8,101.7,84.9102,0.0
2024000387,드파인 광안,26,부산,2024-09-20,2024,3,47,86110,14.09,101.7,59.8951,0.0
2024000387,드파인 광안,26,부산,2024-09-20,2024,3,36,107220,5.91,101.7,78.8636,0.0
2024000387,드파인 광안,26,부산,2024-09-20,2024,3,52,107060,2.18,101.7,78.2765,0.0
2024000387,드파인 광안,26,부산,2024-09-20,2024,3,36,123020,43.92,101.7,84.9514,0.0
2024000387,드파인 광안,26,부산,2024-09-20,2024,3,114,122000,11.59,101.7,84.8923,0.0
2024000383,위파크 제주 2단지,50,제주,2024-08-30,2024,3,215,89800,6.51,101.7,84.8567,0.0
2024000383,위파크 제주 2단지,50,제주,2024-08-30,2024,3,121,89800,3.1,101.7,84.7784,0.0
2024000382,위파크 제주 1단지,50,제주,2024-08-30,2024,3,156,89800,7.6,101.7,84.8567,0.0
2024000382,위파크 제주 1단지,50,제주,2024-08-30,2024,3,143,89800,4.56,101.7,84.7784,0.0
2024000376,도안 푸르지오 디아델 31블록,30,대전,2024-07-26,2024,3,10,53500,65.3,101.7,59.98,0.0
2024000376,도안 푸르지오 디아델 31블록,30,대전,2024-07-26,2024,3,23,74400,115.74,101.7,84.94,0.0
2024000376,도안 푸르지오 디아델 31블록,30,대전,2024-07-26,2024,3,4,74600,156.25,101.7,84.95,0.0
2024000375,도안 푸르지오 디아델 29블록,30,대전,2024-07-26,2024,3,10,53500,79.5,101.7,59.98,0.0
2024000375,도안 푸르지오 디아델 29블록,30,대전,2024-07-26,2024,3,8,74400,337.88,101.7,84.94,0.0
2024000375,도안 푸르지오 디아델 29블록,30,대전,2024-07-26,2024,3,4,74600,123.5,101.7,84.95,0.0
2024000375,도안 푸르지오 디아델 29블록,30,대전,2024-07-26,2024,3,1,74600,487.0,101.7,84.97,0.0
2024000373,힐스테이트 레이크 송도 5차,28,인천,2024-08-09,2024,3,66,91820,11.67,101.7,84.94,43.0
2024000373,힐스테이트 레이크 송도 5차,28,인천,2024-08-09,2024,3,26,91860,5.89,101.7,84.94,43.0
2024000372,용인 푸르지오 원클러스터 1단지,41,경기,2024-08-02,2024,3,282,59980,199.0,101.7,84.9993,0.0
2024000371,래미안 레벤투스,11,서울,2024-07-26,2024,3,11,129990,164.64,103.2,45.98,0.0
2024000371,래미안 레벤투스,11,서울,2024-07-26,2024,3,4,133440,149.0,103.2,45.98,0.0
2024000371,래미안 레벤투스,11,서울,2024-07-26,2024,3,8,171990,372.63,103.2,58.78,0.0
2024000371,래미안 레벤투스,11,서울,2024-07-26,2024,3,32,169990,456.59,103.2,58.78,0.0
2024000371,래미안 레벤투스,11,서울,2024-07-26,2024,3,7,209490,210.86,103.2,74.93,0.0
2024000371,래미안 레벤투스,11,서울,2024-07-26,2024,3,4,227680,1034.75,103.2,84.92,0.0
2024000371,래미안 레벤투스,11,서울,2024-07-26,2024,3,5,222210,599.4,103.2,84.98,0.0
2024000365,힐스테이트 광주곤지암역,41,경기,2024-08-02,2024,3,222,60900,26.63,101.7,84.8237,0.0
2024000364,계양 롯데캐슬 파크시티 1단지,28,인천,2024-07-29,2024,3,118,51712,2.14,101.7,59.9639,0.0
2024000364,계양 롯데캐슬 파크시티 1단지,28,인천,2024-07-29,2024,3,46,50282,9.0,101.7,59.8682,0.0
2024000356,춘천 아테라 에듀파크,51,강원,2024-07-19,2024,3,41,45700,2.24,101.7,72.9532,0.0
2024000356,춘천 아테라 에듀파크,51,강원,2024-07-19,2024,3,117,53100,2.38,101.7,84.9463,0.0
2024000355,래미안 원펜타스,11,서울,2024-07-19,2024,3,5,170740,1364.0,103.2,59.7832,0.0
2024000355,래미안 원펜타스,11,서울,2024-07-19,2024,3,16,174610,1604.88,103.2,59.8,0.0
2024000355,래미안 원펜타스,11,서울,2024-07-19,2024,3,2,170800,1552.0,103.2,59.794,0.0
2024000355,래미안 원펜타스,11,서울,2024-07-19,2024,3,55,233310,699.47,103.2,84.728,0.0
2024000355,래미안 원펜타스,11,서울,2024-07-19,2024,3,30,228670,284.5,103.2,84.8077,0.0
2024000355,래미안 원펜타스,11,서울,2024-07-19,2024,3,16,226510,179.81,103.2,84.7259,0.0
2024000355,래미안 원펜타스,11,서울,2024-07-19,2024,3,16,226160,205.88,103.2,84.7442,0.0
2024000355,래미안 원펜타스,11,서울,2024-07-19,2024,3,5,286100,233.6,103.2,107.6378,0.0
2024000355,래미안 원펜타스,11,서울,2024-07-19,2024,3,14,297590,184.43,103.2,107.8965,0.0
2024000355,래미안 원펜타스,11,서울,2024-07-19,2024,3,8,378870,81.0,103.2,137.6504,0.0
2024000355,래미안 원펜타스,11,서울,2024-07-19,2024,3,3,368420,37.33,103.2,137.9925,0.0
2024000355,래미안 원펜타스,11,서울,2024-07-19,2024,3,4,424477,65.0,103.2,155.8754,0.0
2024000355,래미안 원펜타스,11,서울,2024-07-19,2024,3,4,519990,78.75,103.2,191.859,0.0
2024000354,검단아테라자이,28,인천,2024-07-26,2024,3,57,43100,26.18,101.7,59.9958,36.0
2024000354,검단아테라자이,28,인천,2024-07-26,2024,3,11,43100,26.6,101.7,59.9958,36.0
2024000354,검단아테라자이,28,인천,2024-07-26,2024,3,107,41400,18.02,101.7,59.9864,37.0
2024000354,검단아테라자이,28,인천,2024-07-26,2024,3,11,41400,13.0,101.7,59.9864,37.0
2024000354,검단아테라자이,28,인천,2024-07-26,2024,3,11,43100,22.6,101.7,59.9507,34.0
2024000354,검단아테라자이,28,인천,2024-07-26,2024,3,44,49900,53.32,101.7,74.9694,53.0
2024000354,검단아테라자이,28,인천,2024-07-26,2024,3,59,56100,60.86,101.7,84.9857,56.0
2024000351,고양 장항 아테라,41,경기,2024-07-25,2024,3,211,67629,128.88,101.7,84.9958,63.0
2024000351,고양 장항 아테라,41,경기,2024-07-25,2024,3,64,67355,80.38,101.7,84.9478,59.0
2024000351,고양 장항 아테라,41,경기,2024-07-25,2024,3,31,66691,148.33,101.7,84.9973,64.0
2024000349,명남더블레스,41,경기,2024-07-05,2024,3,8,53370,4.0,101.7,59.1247,0.0
2024000347,힐스테이트 도안리버파크 2단지,30,대전,2024-07-12,2024,3,155,73594,5.42,101.7,84.9923,0.0
2024000347,힐스테이트 도안리버파크 2단지,30,대전,2024-07-12,2024,3,12,72061,3.75,101.7,84.9539,0.0
2024000346,힐스테이트 도안리버파크 1단지,30,대전,2024-07-12,2024,3,192,74778,5.77,101.7,84.9923,0.0
2024000346,힐스테이트 도안리버파크 1단지,30,대전,2024-07-12,2024,3,106,76974,1.62,101.7,84.9364,0.0
2024000333,하우스토리 센트럴포레,11,서울,2024-09-27,2024,3,10,73855,15.4,103.2,59.995,0.0
2024000333,하우스토리 센트럴포레,11,서울,2024-09-27,2024,3,11,73487,33.73,103.2,59.993,0.0
2024000333,하우스토리 센트럴포레,11,서울,2024-09-27,2024,3,5,72933,11.8,103.2,59.8873,0.0
2024000333,하우스토리 센트럴포레,11,서울,2024-09-27,2024,3,1,89430,83.0,103.2,74.976,0.0
2024000330,진위역 서희스타힐스 더 파크뷰,41,경기,2024-07-19,2024,3,18,35500,10.0,101.7,59.7537,0.0
2024000330,진위역 서희스타힐스 더 파크뷰,41,경기,2024-07-19,2024,3,16,35500,13.0,101.7,59.7718,0.0
2024000330,진위역 서희스타힐스 더 파크뷰,41,경기,2024-07-19,2024,3,8,40100,1.5,101.7,71.7007,0.0
2024000330,진위역 서희스타힐스 더 파크뷰,41,경기,2024-07-19,2024,3,2,41000,4.5,101.7,71.82,0.0
2024000330,진위역 서희스타힐스 더 파크뷰,41,경기,2024-07-19,2024,3,10,41600,26.0,101.7,71.4998,0.0
2024000304,힐스테이트 구미더퍼스트,47,경북,2024-07-12,2024,3,136,51000,1.35,101.7,84.8,0.0
2024000291,힐스테이트 이천역 2단지,41,경기,2024-08-30,2024,3,18,44500,2.25,101.7,60.8271,0.0
2024000291,힐스테이트 이천역 2단지,41,경기,2024-08-30,2024,3,18,46000,2.68,101.7,60.9516,0.0
2024000291,힐스테이트 이천역 2단지,41,경기,2024-08-30,2024,3,11,64200,4.0,101.7,84.9291,0.0
2024000290,힐스테이트 이천역 1단지,41,경기,2024-08-30,2024,3,18,54900,3.18,101.7,74.1702,0.0
2024000290,힐스테이트 이천역 1단지,41,경기,2024-08-30,2024,3,33,65500,2.3,101.7,84.9291,0.0
2024000286,더샵 리오몬트,26,부산,2024-06-28,2024,2,158,59988,2.58,101.7,84.9872,0.0
2024000286,더샵 리오몬트,26,부산,2024-06-28,2024,2,17,59867,4.96,101.7,84.9922,0.0
2024000284,푸르지오 라디우스 파크,11,서울,2024-07-05,2024,3,70,94200,30.84,103.2,59.96,0.0
2024000284,푸르지오 라디우스 파크,11,서울,2024-07-05,2024,3,52,96500,44.71,103.2,59.97,0.0
2024000284,푸르지오 라디우스 파크,11,서울,2024-07-05,2024,3,44,93600,13.07,103.2,59.96,0.0
2024000284,푸르지오 라디우스 파크,11,서울,2024-07-05,2024,3,19,96700,29.84,103.2,59.93,0.0
2024000284,푸르지오 라디우스 파크,11,서울,2024-07-05,2024,3,10,118400,42.0,103.2,84.99,0.0
2024000284,푸르지오 라디우스 파크,11,서울,2024-07-05,2024,3,46,120100,22.57,103.2,84.91,0.0
2024000284,푸르지오 라디우스 파크,11,서울,2024-07-05,2024,3,47,118800,14.26,103.2,84.95,0.0
2024000284,푸르지오 라디우스 파크,11,서울,2024-07-05,2024,3,77,121100,25.29,103.2,84.98,0.0
2024000282,성남 금토지구 A-3블록 판교테크노밸리 중흥S-클래스(본청약),41,경기,2024-06-28,2024,2,13,86200,542.23,101.7,84.1043,0.0
2024000282,성남 금토지구 A-3블록 판교테크노밸리 중흥S-클래스(본청약),41,경기,2024-06-28,2024,2,7,85000,234.29,101.7,84.1202,0.0
2024000282,성남 금토지구 A-3블록 판교테크노밸리 중흥S-클래스(본청약),41,경기,2024-06-28,2024,2,5,83800,197.8,101.7,84.154,0.0
2024000282,성남 금토지구 A-3블록 판교테크노밸리 중흥S-클래스(본청약),41,경기,2024-06-28,2024,2,1,97800,281.0,101.7,84.143,0.0
2024000279,마포자이힐스테이트 라첼스,11,서울,2024-06-21,2024,2,64,134070,236.56,103.2,59.986,0.0
2024000279,마포자이힐스테이트 라첼스,11,서울,2024-06-21,2024,2,14,132880,153.93,103.2,59.9963,0.0
2024000279,마포자이힐스테이트 라첼스,11,서울,2024-06-21,2024,2,10,169470,223.9,103.2,84.9867,0.0
2024000279,마포자이힐스테이트 라첼스,11,서울,2024-06-21,2024,2,12,169910,56.67,103.2,84.9881,0.0
2024000279,마포자이힐스테이트 라첼스,11,서울,2024-06-21,2024,2,21,171630,72.76,103.2,84.9802,0.0
2024000279,마포자이힐스테이트 라첼스,11,서울,2024-06-21,2024,2,118,174510,106.43,103.2,84.994,0.0
2024000279,마포자이힐스테이트 라첼스,11,서울,2024-06-21,2024,2,7,174500,99.86,103.2,84.9861,0.0
2024000278,제일풍경채 운정,41,경기,2024-07-12,2024,3,24,48200,346.2,101.7,74.8584,69.0
2024000278,제일풍경채 운정,41,경기,2024-07-12,2024,3,46,47100,301.89,101.7,74.873,65.0
2024000278,제일풍경채 운정,41,경기,2024-07-12,2024,3,9,43700,194.5,101.7,74.8659,64.0
2024000278,제일풍경채 운정,41,경기,2024-07-12,2024,3,6,43700,248.0,101.7,74.8448,64.0
2024000278,제일풍경채 운정,41,경기,2024-07-12,2024,3,4,43200,196.0,101.7,74.8783,63.0
2024000278,제일풍경채 운정,41,경기,2024-07-12,2024,3,27,55200,1313.8,101.7,84.9659,70.0
2024000278,제일풍경채 운정,41,경기,2024-07-12,2024,3,5,53200,495.0,101.7,84.9702,64.0
2024000278,제일풍경채 운정,41,경기,2024-07-12,2024,3,42,53700,629.75,101.7,84.9829,69.0
2024000278,제일풍경채 운정,41,경기,2024-07-12,2024,3,24,51400,242.6,101.7,84.9243,65.0
2024000278,제일풍경채 운정,41,경기,2024-07-12,2024,3,22,51400,283.5,101.7,84.9511,67.0
2024000277,고양 장항 카이브 유보라,41,경기,2024-06-20,2024,2,134,78500,173.33,101.7,84.7888,65.0
2024000277,고양 장항 카이브 유보라,41,경기,2024-06-20,2024,2,114,78400,79.61,101.7,84.665,58.0
2024000276,대상 웰라움 홍천,51,강원,2024-06-21,2024,2,14,47980,1.96,101.7,84.9173,0.0
2024000265,산성역 헤리스톤,41,경기,2024-06-21,2024,2,109,64840,4.84,101.7,46.74,0.0
2024000265,산성역 헤리스톤,41,경기,2024-06-21,2024,2,38,65050,6.26,101.7,46.81,0.0
2024000265,산성역 헤리스톤,41,경기,2024-06-21,2024,2,295,95640,7.66,101.7,59.83,0.0
2024000265,산성역 헤리스톤,41,경기,2024-06-21,2024,2,91,94160,4.86,101.7,59.85,0.0
2024000265,산성역 헤리스톤,41,경기,2024-06-21,2024,2,14,107850,21.5,101.7,74.57,0.0
2024000265,산성역 헤리스톤,41,경기,2024-06-21,2024,2,3,106740,26.67,101.7,74.96,0.0
2024000265,산성역 헤리스톤,41,경기,2024-06-21,2024,2,41,118940,27.41,101.7,84.95,0.0
2024000265,산성역 헤리스톤,41,경기,2024-06-21,2024,2,18,116840,11.56,101.7,84.97,0.0
2024000264,청주테크노폴리스 아테라(A8블록),43,충북,2024-06-21,2024,2,119,45900,95.03,101.7,84.0,0.0
2024000264,청주테크노폴리스 아테라(A8블록),43,충북,2024-06-21,2024,2,38,43800,55.03,101.7,84.6592,0.0
2024000264,청주테크노폴리스 아테라(A8블록),43,충북,2024-06-21,2024,2,43,41200,30.81,101.7,84.0,0.0
2024000261,더샵 송도마리나베이 입주자모집공고 (조합원 자격상실세대 2회차),28,인천,2024-06-27,2024,2,5,64000,68.0,101.7,74.9894,49.0
2024000261,더샵 송도마리나베이 입주자모집공고 (조합원 자격상실세대 2회차),28,인천,2024-06-27,2024,2,5,77500,274.0,101.7,84.9738,59.0
2024000261,더샵 송도마리나베이 입주자모집공고 (조합원 자격상실세대 2회차),28,인천,2024-06-27,2024,2,7,77900,103.67,101.7,84.916,53.0
2024000261,더샵 송도마리나베이 입주자모집공고 (조합원 자격상실세대 2회차),28,인천,2024-06-27,2024,2,4,76900,154.0,101.7,84.9766,63.0
2024000261,더샵 송도마리나베이 입주자모집공고 (조합원 자격상실세대 2회차),28,인천,2024-06-27,2024,2,5,75600,40.0,101.7,84.2262,55.0
2024000261,더샵 송도마리나베이 입주자모집공고 (조합원 자격상실세대 2회차),28,인천,2024-06-27,2024,2,2,71000,55.0,101.7,84.202,45.0
2024000261,더샵 송도마리나베이 입주자모집공고 (조합원 자격상실세대 2회차),28,인천,2024-06-27,2024,2,2,75700,41.0,101.7,84.4546,44.0
2024000261,더샵 송도마리나베이 입주자모집공고 (조합원 자격상실세대 2회차),28,인천,2024-06-27,2024,2,2,72900,95.0,101.7,84.7583,59.0
2024000260,롯데캐슬 위너스포레,41,경기,2024-06-14,2024,2,3,41300,3.33,101.7,59.9446,0.0
2024000254,동탄2신도시 동탄역 대방 엘리움 더 시그니처(C18BL),41,경기,2024-06-28,2024,2,24,55660,2110.2,101.7,63.518,69.0
2024000254,동탄2신도시 동탄역 대방 엘리움 더 시그니처(C18BL),41,경기,2024-06-28,2024,2,24,47893,2109.8,101.7,63.4775,69.0
2024000254,동탄2신도시 동탄역 대방 엘리움 더 시그니처(C18BL),41,경기,2024-06-28,2024,2,69,68237,3395.43,101.7,82.6437,74.0
2024000254,동탄2신도시 동탄역 대방 엘리움 더 시그니처(C18BL),41,경기,2024-06-28,2024,2,69,65003,1947.07,101.7,82.9709,69.0
2024000249,과천 디에트르 퍼스티지(S2BL),41,경기,2024-06-20,2024,2,453,87035,706.48,101.7,59.9955,69.0
2024000245,동작 보라매역 프리센트,11,서울,2024-06-14,2024,2,15,67400,8.13,103.2,42.76,0.0
2024000245,동작 보라매역 프리센트,11,서울,2024-06-14,2024,2,17,68500,10.76,103.2,43.2117,0.0
2024000245,동작 보라매역 프리센트,11,서울,2024-06-14,2024,2,13,68900,10.31,103.2,43.2117,0.0
2024000245,동작 보라매역 프리센트,11,서울,2024-06-14,2024,2,2,68700,18.0,103.2,43.2117,0.0
2024000244,순천그랜드파크자이,46,전남,2024-06-14,2024,2,222,51100,18.02,101.7,84.9518,0.0
2024000244,순천그랜드파크자이,46,전남,2024-06-14,2024,2,66,51100,6.14,101.7,84.9077,0.0
2024000242,힐스테이트 청주센트럴 2차,43,충북,2024-06-14,2024,2,85,65300,25.04,101.7,84.8534,0.0
2024000242,힐스테이트 청주센트럴 2차,43,충북,2024-06-14,2024,2,22,64700,21.82,101.7,84.9134,0.0
2024000241,그란츠 리버파크,11,서울,2024-07-25,2024,3,8,76000,21.38,103.2,36.9919,0.0
2024000241,그란츠 리버파크,11,서울,2024-07-25,2024,3,4,78500,30.5,103.2,44.8835,0.0
2024000241,그란츠 리버파크,11,서울,2024-07-25,2024,3,4,89900,74.25,103.2,44.9889,0.0
2024000241,그란츠 리버파크,11,서울,2024-07-25,2024,3,36,149900,16.83,103.2,59.9759,0.0
2024000241,그란츠 리버파크,11,서울,2024-07-25,2024,3,29,149900,5.21,103.2,59.8256,0.0
2024000241,그란츠 리버파크,11,서울,2024-07-25,2024,3,22,149900,5.77,103.2,59.98,0.0
2024000241,그란츠 리버파크,11,서울,2024-07-25,2024,3,17,149900,8.65,103.2,59.8964,0.0
2024000241,그란츠 리버파크,11,서울,2024-07-25,2024,3,32,194900,19.03,103.2,84.9994,0.0
2024000241,그란츠 리버파크,11,서울,2024-07-25,2024,3,25,187200,8.76,103.2,84.9869,0.0
2024000240,e편한세상 범일 국제금융시티,26,부산,2024-05-31,2024,2,11,62170,3.91,101.7,59.966,0.0
2024000240,e편한세상 범일 국제금융시티,26,부산,2024-05-31,2024,2,11,80916,5.14,101.7,84.982,0.0
2024000237,아너스 웰가 진주,48,경남,2024-05-31,2024,2,140,56600,43.49,101.7,84.8916,0.0
2024000237,아너스 웰가 진주,48,경남,2024-05-31,2024,2,141,55100,8.01,101.7,84.8132,0.0
2024000234,양정 롯데캐슬 프론티엘,26,부산,2024-05-31,2024,2,107,66300,9.27,101.7,59.9301,0.0
2024000234,양정 롯데캐슬 프론티엘,26,부산,2024-05-31,2024,2,9,64500,7.89,101.7,59.8724,0.0
2024000234,양정 롯데캐슬 프론티엘,26,부산,2024-05-31,2024,2,36,92600,17.44,101.7,84.9821,0.0
2024000234,양정 롯데캐슬 프론티엘,26,부산,2024-05-31,2024,2,82,89000,3.75,101.7,84.9732,0.0
2024000229,동래사적공원 대광로제비앙,26,부산,2024-05-31,2024,2,100,79400,1.33,101.7,84.9983,0.0
2024000229,동래사적공원 대광로제비앙,26,부산,2024-05-31,2024,2,155,79400,1.51,101.7,84.9936,0.0
2024000226,강변역 센트럴 아이파크,11,서울,2024-05-31,2024,2,5,127480,523.4,103.2,84.9863,0.0
2024000226,강변역 센트럴 아이파크,11,서울,2024-05-31,2024,2,4,127480,370.5,103.2,84.9997,0.0
2024000226,강변역 센트럴 아이파크,11,서울,2024-05-31,2024,2,26,127202,520.96,103.2,84.9811,0.0
2024000222,효성해링턴 플레이스 동수원,41,경기,2024-05-16,2024,2,28,67370,6.0,101.7,74.7362,0.0
2024000222,효성해링턴 플레이스 동수원,41,경기,2024-05-16,2024,2,14,77260,1.43,101.7,84.8465,0.0
2024000221,탕정 푸르지오 센터파크,44,충남,2024-12-20,2024,4,73,30600,3.92,101.7,59.9913,0.0
2024000221,탕정 푸르지오 센터파크,44,충남,2024-12-20,2024,4,21,28600,3.08,101.7,59.9949,0.0
2024000221,탕정 푸르지오 센터파크,44,충남,2024-12-20,2024,4,196,45900,5.85,101.7,84.9742,0.0
2024000221,탕정 푸르지오 센터파크,44,충남,2024-12-20,2024,4,107,44900,1.08,101.7,84.9884,0.0
2024000221,탕정 푸르지오 센터파크,44,충남,2024-12-20,2024,4,22,43900,1.62,101.7,84.9932,0.0
2024000218,에코시티 더샵4차,52,전북,2024-05-24,2024,2,124,43790,220.16,101.7,84.7803,0.0
2024000218,에코시티 더샵4차,52,전북,2024-05-24,2024,2,7,43100,230.43,101.7,84.3869,0.0
2024000217,고덕국제신도시 서한이다음 그레이튼,41,경기,2024-05-31,2024,2,47,55236,78.56,101.7,84.9937,50.0
2024000217,고덕국제신도시 서한이다음 그레이튼,41,경기,2024-05-31,2024,2,289,55236,52.12,101.7,84.998,47.0
2024000217,고덕국제신도시 서한이다음 그레이튼,41,경기,2024-05-31,2024,2,119,54829,10.61,101.7,84.9176,33.0
2024000214,파주 운정3 이지더원(A44BL),41,경기,2024-06-28,2024,2,36,58180,598.43,101.7,84.8772,67.0
2024000214,파주 운정3 이지더원(A44BL),41,경기,2024-06-28,2024,2,33,58180,570.57,101.7,84.9689,69.0
2024000213,e편한세상 시티 원당,41,경기,2024-06-07,2024,2,9,36700,5.0,101.7,49.1871,0.0
2024000213,e편한세상 시티 원당,41,경기,2024-06-07,2024,2,18,34100,5.61,101.7,49.5141,0.0
2024000213,e편한세상 시티 원당,41,경기,2024-06-07,2024,2,9,37000,6.44,101.7,49.3895,0.0
2024000213,e편한세상 시티 원당,41,경기,2024-06-07,2024,2,10,34500,5.4,101.7,49.56,0.0
2024000213,e편한세상 시티 원당,41,경기,2024-06-07,2024,2,10,37700,6.5,101.7,49.439,0.0
2024000211,더샵 속초프라임뷰,51,강원,2024-05-31,2024,2,275,58880,3.5,101.7,84.85,0.0
2024000210,해링턴 스퀘어 신흥역,41,경기,2024-09-13,2024,3,188,94890,13.1,101.7,59.9234,0.0
2024000210,해링턴 스퀘어 신흥역,41,경기,2024-09-13,2024,3,227,93800,7.13,101.7,59.9474,0.0
2024000210,해링턴 스퀘어 신흥역,41,경기,2024-09-13,2024,3,68,95350,5.53,101.7,59.9692,0.0
2024000210,해링턴 스퀘어 신흥역,41,경기,2024-09-13,2024,3,33,95930,11.42,101.7,59.9268,0.0
2024000210,해링턴 스퀘어 신흥역,41,경기,2024-09-13,2024,3,16,110600,26.06,101.7,74.9472,0.0
2024000210,해링턴 스퀘어 신흥역,41,경기,2024-09-13,2024,3,17,110730,10.35,101.7,74.9788,0.0
2024000210,해링턴 스퀘어 신흥역,41,경기,2024-09-13,2024,3,16,111400,7.94,101.7,74.9367,0.0
2024000210,해링턴 스퀘어 신흥역,41,경기,2024-09-13,2024,3,32,120280,40.88,101.7,84.9852,0.0
2024000210,해링턴 스퀘어 신흥역,41,경기,2024-09-13,2024,3,57,120140,11.47,101.7,84.9152,0.0
2024000210,해링턴 스퀘어 신흥역,41,경기,2024-09-13,2024,3,30,120920,9.57,101.7,84.9343,0.0
2024000209,오산세교2 한신더휴(A16블록),41,경기,2024-05-10,2024,2,92,42580,5.0,101.7,74.9383,0.0
2024000209,오산세교2 한신더휴(A16블록),41,경기,2024-05-10,2024,2,12,42580,4.75,101.7,74.9464,0.0
2024000209,오산세교2 한신더휴(A16블록),41,경기,2024-05-10,2024,2,60,46900,20.47,101.7,84.9746,37.0
2024000209,오산세교2 한신더휴(A16블록),41,경기,2024-05-10,2024,2,32,46900,7.46,101.7,84.9317,29.0
2024000208,서대문 센트럴 아이파크,11,서울,2024-05-17,2024,2,1,71720,59.0,103.2,49.98,0.0
2024000208,서대문 센트럴 아이파크,11,서울,2024-05-17,2024,2,5,71720,8.83,103.2,49.98,0.0
2024000208,서대문 센트럴 아이파크,11,서울,2024-05-17,2024,2,94,86030,5.06,103.2,59.99,0.0
2024000208,서대문 센트럴 아이파크,11,서울,2024-05-17,2024,2,21,84270,3.33,103.2,59.99,0.0
2024000208,서대문 센트럴 아이파크,11,서울,2024-05-17,2024,2,12,102470,3.33,103.2,75.49,0.0
2024000208,서대문 센트럴 아이파크,11,서울,2024-05-17,2024,2,51,112100,7.2,103.2,84.94,0.0
2024000208,서대문 센트럴 아이파크,11,서울,2024-05-17,2024,2,4,109730,6.5,103.2,84.9,0.0
2024000208,서대문 센트럴 아이파크,11,서울,2024-05-17,2024,2,4,122220,9.5,103.2,84.89,0.0
2024000208,서대문 센트럴 아이파크,11,서울,2024-05-17,2024,2,2,117390,10.5,103.2,84.87,0.0
2024000208,서대문 센트럴 아이파크,11,서울,2024-05-17,2024,2,1,116940,30.0,103.2,84.95,0.0
2024000208,서대문 센트럴 아이파크,11,서울,2024-05-17,2024,2,12,122110,2.83,103.2,84.87,0.0
2024000207,양평 하늘채 센트로힐스,41,경기,2024-05-10,2024,2,3,37988,2.0,101.7,59.8275,0.0
2024000194,더샵 탕정인피니티시티 2차,44,충남,2024-04-26,2024,2,243,41100,8.59,101.7,70.8617,0.0
2024000194,더샵 탕정인피니티시티 2차,44,충남,2024-04-26,2024,2,67,41200,2.69,101.7,70.8318,0.0
2024000194,더샵 탕정인피니티시티 2차,44,충남,2024-04-26,2024,2,27,40900,3.38,101.7,70.9782,0.0
2024000194,더샵 탕정인피니티시티 2차,44,충남,2024-04-26,2024,2,83,48230,78.94,101.7,84.8324,0.0
2024000194,더샵 탕정인피니티시티 2차,44,충남,2024-04-26,2024,2,55,49000,47.56,101.7,84.7945,0.0
2024000194,더샵 탕정인피니티시티 2차,44,충남,2024-04-26,2024,2,55,48110,27.49,101.7,84.9331,0.0
2024000189,여주역자이 헤리티지,41,경기,2024-05-03,2024,2,45,37200,6.58,101.7,59.9557,0.0
2024000189,여주역자이 헤리티지,41,경기,2024-05-03,2024,2,42,37800,13.55,101.7,59.9485,0.0
2024000189,여주역자이 헤리티지,41,경기,2024-05-03,2024,2,128,52243,3.75,101.7,84.9455,0.0
2024000189,여주역자이 헤리티지,41,경기,2024-05-03,2024,2,127,53070,1.67,101.7,84.9893,0.0
2024000187,힐스테이트 황금역 리저브 1단지,27,대구,2024-04-30,2024,2,8,95300,1.21,101.7,82.3049,0.0
2024000187,힐스테이트 황금역 리저브 1단지,27,대구,2024-04-30,2024,2,31,95900,4.0,101.7,83.3299,0.0
2024000182,배방 필하우스 리버시티,44,충남,2024-04-26,2024,2,134,44750,2.12,101.7,84.9844,0.0
2024000182,배방 필하우스 리버시티,44,충남,2024-04-26,2024,2,208,45580,1.68,101.7,84.7866,0.0
2024000181,라엘에스,31,울산,2024-04-30,2024,2,9,44196,2.0,101.7,42.6248,0.0
2024000181,라엘에스,31,울산,2024-04-30,2024,2,125,62310,5.49,101.7,59.9834,0.0
2024000181,라엘에스,31,울산,2024-04-30,2024,2,48,76754,12.46,101.7,73.8283,0.0
2024000181,라엘에스,31,울산,2024-04-30,2024,2,63,75492,2.98,101.7,73.8295,0.0
2024000181,라엘에스,31,울산,2024-04-30,2024,2,1,82380,147.0,101.7,84.9869,0.0
2024000181,라엘에스,31,울산,2024-04-30,2024,2,216,88587,3.83,101.7,84.9475,0.0
2024000181,라엘에스,31,울산,2024-04-30,2024,2,37,88799,53.14,101.7,84.97,0.0
2024000179,익산 부송 아이파크,52,전북,2024-04-18,2024,2,98,42450,7.0,101.7,84.99,0.0
2024000176,오산역 금강펜테리움 센트럴파크(A8블록),41,경기,2024-04-26,2024,2,209,46650,24.5,101.7,84.6844,36.0
2024000176,오산역 금강펜테리움 센트럴파크(A8블록),41,경기,2024-04-26,2024,2,17,46560,15.5,101.7,84.4783,32.0
2024000176,오산역 금강펜테리움 센트럴파크(A8블록),41,경기,2024-04-26,2024,2,33,46760,71.86,101.7,84.7238,51.0
2024000176,오산역 금강펜테리움 센트럴파크(A8블록),41,경기,2024-04-26,2024,2,41,46410,20.07,101.7,84.5188,33.0
2024000174,래미안 원베일리(조합원 취소분),11,서울,2024-05-10,2024,2,1,195638,35076.0,103.2,84.95,0.0
2024000173,e편한세상 부평 그랑힐스(보류지),28,인천,2024-04-19,2024,2,2,37280,2.5,101.7,37.7425,0.0
2024000173,e편한세상 부평 그랑힐스(보류지),28,인천,2024-04-19,2024,2,19,50380,6.0,101.7,59.8924,0.0
2024000173,e편한세상 부평 그랑힐스(보류지),28,인천,2024-04-19,2024,2,8,50380,1.38,101.7,59.8924,0.0
2024000173,e편한세상 부평 그랑힐스(보류지),28,인천,2024-04-19,2024,2,5,51840,3.0,101.7,59.5839,0.0
2024000173,e편한세상 부평 그랑힐스(보류지),28,인천,2024-04-19,2024,2,4,56200,2.75,101.7,67.8698,0.0
2024000173,e편한세상 부평 그랑힐스(보류지),28,인천,2024-04-19,2024,2,2,66950,6.5,101.7,84.5725,0.0
2024000173,e편한세상 부평 그랑힐스(보류지),28,인천,2024-04-19,2024,2,4,66950,4.0,101.7,84.5725,0.0
2024000171,문화자이SKVIEW,30,대전,2024-04-18,2024,2,70,59641,1.37,101.7,84.0,0.0
2024000168,금정역 푸르지오 그랑블,41,경기,2024-06-07,2024,2,36,76450,8.0,101.7,59.8658,0.0
2024000168,금정역 푸르지오 그랑블,41,경기,2024-06-07,2024,2,73,75750,41.0,101.7,59.8685,0.0
2024000166,김포 북변 우미 린 파크리브,41,경기,2024-05-09,2024,2,142,47500,23.0,101.7,59.9524,0.0
2024000166,김포 북변 우미 린 파크리브,41,경기,2024-05-09,2024,2,57,57700,2.47,101.7,74.8835,0.0
2024000166,김포 북변 우미 린 파크리브,41,경기,2024-05-09,2024,2,80,65000,1.54,101.7,84.9976,0.0
2024000166,김포 북변 우미 린 파크리브,41,경기,2024-05-09,2024,2,14,65200,1.75,101.7,84.9829,0.0
2024000166,김포 북변 우미 린 파크리브,41,경기,2024-05-09,2024,2,47,64500,46.0,101.7,84.9963,0.0
2024000164,광명 롯데캐슬 시그니처,41,경기,2024-04-25,2024,2,98,68500,87.0,101.7,49.9994,0.0
2024000164,광명 롯데캐슬 시그니처,41,경기,2024-04-25,2024,2,63,89900,47.0,101.7,59.9984,0.0
2024000164,광명 롯데캐슬 시그니처,41,경기,2024-04-25,2024,2,27,86900,211.0,101.7,59.9978,0.0
2024000164,광명 롯데캐슬 시그니처,41,경기,2024-04-25,2024,2,16,86600,10.0,101.7,59.9985,0.0
2024000156,계양 롯데캐슬 파크시티 2단지(공 4블럭),28,인천,2024-04-19,2024,2,26,67866,1.47,101.7,84.9904,0.0
2024000154,성남 복정1지구 B3블록 엘리프 남위례역 에듀포레(본청약),41,경기,2024-04-05,2024,2,128,109720,19.33,101.7,84.91,0.0
2024000154,성남 복정1지구 B3블록 엘리프 남위례역 에듀포레(본청약),41,경기,2024-04-05,2024,2,15,108390,18.13,101.7,84.93,0.0
2024000151,운암자이포레나 퍼스티체 3단지,29,광주,2024-04-05,2024,2,17,76100,6.58,101.7,84.993,0.0
2024000150,운암자이포레나 퍼스티체 2단지,29,광주,2024-04-05,2024,2,23,75500,10.54,101.7,84.993,0.0
2024000150,운암자이포레나 퍼스티체 2단지,29,광주,2024-04-05,2024,2,24,73300,1.98,101.7,84.9934,0.0
2024000150,운암자이포레나 퍼스티체 2단지,29,광주,2024-04-05,2024,2,59,75200,1.16,101.7,84.9889,0.0
2024000149,운암자이포레나 퍼스티체 1단지,29,광주,2024-04-05,2024,2,6,75900,32.0,101.7,84.993,0.0
2024000129,중앙공원 롯데캐슬 시그니처 2-2BL,29,광주,2024-04-05,2024,2,88,80530,20.51,101.7,84.9437,0.0
2024000129,중앙공원 롯데캐슬 시그니처 2-2BL,29,광주,2024-04-05,2024,2,16,79340,6.45,101.7,84.9841,0.0
2024000124,일광 노르웨이숲 오션포레,26,부산,2024-04-12,2024,2,192,57880,1.5,101.7,84.8897,0.0
2024000124,일광 노르웨이숲 오션포레,26,부산,2024-04-12,2024,2,137,58290,1.04,101.7,84.7705,0.0
2024000124,일광 노르웨이숲 오션포레,26,부산,2024-04-12,2024,2,5,54910,3.14,101.7,84.8897,0.0
2024000124,일광 노르웨이숲 오션포레,26,부산,2024-04-12,2024,2,3,55290,2.0,101.7,84.7705,0.0
2024000112,e편한세상 금정 메종카운티,26,부산,2024-04-05,2024,2,16,52910,4.0,101.7,59.943,0.0
2024000112,e편한세상 금정 메종카운티,26,부산,2024-04-05,2024,2,4,53420,3.5,101.7,59.9973,0.0
2024000112,e편한세상 금정 메종카운티,26,부산,2024-04-05,2024,2,2,74370,13.0,101.7,84.9245,0.0
2024000112,e편한세상 금정 메종카운티,26,부산,2024-04-05,2024,2,25,72680,1.51,101.7,84.9829,0.0
2024000111,대구 범어 아이파크,27,대구,2024-03-29,2024,1,8,100574,31.63,101.7,84.9752,0.0
2024000111,대구 범어 아이파크,27,대구,2024-03-29,2024,1,37,106511,19.97,101.7,84.7575,0.0
2024000111,대구 범어 아이파크,27,대구,2024-03-29,2024,1,26,105118,5.3,101.7,84.9111,0.0
2024000110,e편한세상 서대전역 센트로,30,대전,2024-03-26,2024,1,78,43460,1.05,101.7,59.907,0.0
2024000110,e편한세상 서대전역 센트로,30,대전,2024-03-26,2024,1,103,52839,1.07,101.7,73.336,0.0
2024000107,개봉 루브루,11,서울,2024-04-19,2024,2,1,44600,7.0,103.2,37.3483,0.0
2024000107,개봉 루브루,11,서울,2024-04-19,2024,2,16,54000,2.19,103.2,42.5476,0.0
2024000107,개봉 루브루,11,서울,2024-04-19,2024,2,35,52500,1.23,103.2,42.1014,0.0
2024000106,검단 스타힐스 가현숲,28,인천,2024-04-26,2024,2,17,39200,5.0,101.7,59.8974,0.0
2024000106,검단 스타힐스 가현숲,28,인천,2024-04-26,2024,2,1,47000,4.0,101.7,59.8974,0.0
2024000106,검단 스타힐스 가현숲,28,인천,2024-04-26,2024,2,11,52000,8.0,101.7,84.9882,0.0
2024000106,검단 스타힐스 가현숲,28,인천,2024-04-26,2024,2,3,62400,1.33,101.7,84.9882,0.0
2024000102,아산 탕정 삼성트라팰리스,44,충남,2024-03-29,2024,1,3,22569,100.33,101.7,73.9348,0.0
2024000102,아산 탕정 삼성트라팰리스,44,충남,2024-03-29,2024,1,9,26119,169.44,101.7,83.4986,0.0
2024000102,아산 탕정 삼성트라팰리스,44,충남,2024-03-29,2024,1,5,23827,204.0,101.7,84.68,0.0
2024000091,송도자이풍경채 그라노블 5단지,28,인천,2024-02-29,2024,1,51,87600,8.2,101.7,84.9985,32.0
2024000091,송도자이풍경채 그라노블 5단지,28,인천,2024-02-29,2024,1,51,88300,3.75,101.7,84.9048,28.0
2024000088,송도자이풍경채 그라노블 2단지,28,인천,2024-02-29,2024,1,87,86400,1.91,101.7,84.9885,27.0
2024000088,송도자이풍경채 그라노블 2단지,28,인천,2024-02-29,2024,1,19,87000,1.76,101.7,84.8338,29.0
2024000088,송도자이풍경채 그라노블 2단지,28,인천,2024-02-29,2024,1,15,85700,2.0,101.7,84.8942,19.0
2024000088,송도자이풍경채 그라노블 2단지,28,인천,2024-02-29,2024,1,12,88500,22.83,101.7,84.0,50.0
2024000087,송도자이풍경채 그라노블 1단지,28,인천,2024-02-29,2024,1,72,86400,11.44,101.7,84.9885,39.0
2024000087,송도자이풍경채 그라노블 1단지,28,인천,2024-02-29,2024,1,10,85800,8.4,101.7,84.8338,37.0
2024000087,송도자이풍경채 그라노블 1단지,28,인천,2024-02-29,2024,1,21,87200,5.0,101.7,84.9285,37.0
2024000087,송도자이풍경채 그라노블 1단지,28,인천,2024-02-29,2024,1,1,80200,11.0,101.7,84.9695,0.0
2024000087,송도자이풍경채 그라노블 1단지,28,인천,2024-02-29,2024,1,1,80600,4.0,101.7,84.8866,0.0
2024000087,송도자이풍경채 그라노블 1단지,28,인천,2024-02-29,2024,1,6,88500,64.67,101.7,84.0,57.0
2024000086,대전 성남 우미린 뉴시티,30,대전,2024-02-29,2024,1,5,22920,3.4,101.7,39.9672,0.0
2024000086,대전 성남 우미린 뉴시티,30,대전,2024-02-29,2024,1,24,58210,1.5,101.7,84.9912,0.0
2024000083,한화포레나 안산고잔2차,41,경기,2024-02-29,2024,1,47,49970,2.66,101.7,53.9927,0.0
2024000083,한화포레나 안산고잔2차,41,경기,2024-02-29,2024,1,41,54760,10.59,101.7,59.9765,0.0
2024000083,한화포레나 안산고잔2차,41,경기,2024-02-29,2024,1,1,68300,60.0,101.7,74.995,0.0
2024000083,한화포레나 안산고잔2차,41,경기,2024-02-29,2024,1,1,66500,13.0,101.7,74.9709,0.0
2024000083,한화포레나 안산고잔2차,41,경기,2024-02-29,2024,1,1,79900,60.0,101.7,84.9224,0.0
2024000083,한화포레나 안산고잔2차,41,경기,2024-02-29,2024,1,1,79210,26.0,101.7,84.9225,0.0
2024000081,e편한세상 평촌 어반밸리,41,경기,2024-02-29,2024,1,97,73000,1.01,101.7,59.8496,0.0
2024000081,e편한세상 평촌 어반밸리,41,경기,2024-02-29,2024,1,17,90000,9.0,101.7,74.9708,0.0
2024000081,e편한세상 평촌 어반밸리,41,경기,2024-02-29,2024,1,12,90000,7.33,101.7,74.9619,0.0
2024000081,e편한세상 평촌 어반밸리,41,경기,2024-02-29,2024,1,31,98900,1.27,101.7,84.8352,0.0
2024000081,e편한세상 평촌 어반밸리,41,경기,2024-02-29,2024,1,11,98900,7.0,101.7,84.8352,0.0
2024000080,두산위브더제니스 센트럴 용인,41,경기,2024-02-29,2024,1,187,49490,13.83,101.7,59.9773,0.0
2024000080,두산위브더제니스 센트럴 용인,41,경기,2024-02-29,2024,1,26,59480,4.38,101.7,74.9583,0.0
2024000080,두산위브더제니스 센트럴 용인,41,경기,2024-02-29,2024,1,14,57910,1.21,101.7,74.9537,0.0
2024000075,냉정역 비스타동원,26,부산,2024-02-23,2024,1,19,62750,23.0,101.7,76.2871,0.0
2024000075,냉정역 비스타동원,26,부산,2024-02-23,2024,1,1,54440,5.0,101.7,76.2871,0.0
2024000074,경희궁 유보라,11,서울,2024-02-22,2024,1,22,104875,130.86,103.2,59.9494,0.0
2024000074,경희궁 유보라,11,서울,2024-02-22,2024,1,3,134075,105.33,103.2,84.3669,0.0
2024000074,경희궁 유보라,11,서울,2024-02-22,2024,1,25,134875,77.2,103.2,84.9994,0.0
2024000074,경희궁 유보라,11,서울,2024-02-22,2024,1,7,134675,62.57,103.2,84.3669,0.0
2024000063,삼문 시그니처 웰가,48,경남,2024-02-23,2024,1,8,50510,2.45,101.7,84.9949,0.0
2024000061,에스아이팰리스 올림픽공원,11,서울,2024-02-23,2024,1,31,120000,6.06,103.2,52.5256,0.0
2024000061,에스아이팰리스 올림픽공원,11,서울,2024-02-23,2024,1,4,137000,14.75,103.2,52.5256,0.0
2024000061,에스아이팰리스 올림픽공원,11,서울,2024-02-23,2024,1,2,114000,16.5,103.2,52.5256,0.0
2024000059,봉산공원 첨단 제일풍경채,29,광주,2024-02-23,2024,1,195,54900,2.25,101.7,84.8208,0.0
2024000058,힐스테이트 어울림 청주사직,43,충북,2024-02-28,2024,1,35,34100,5.94,101.7,59.84,0.0
2024000058,힐스테이트 어울림 청주사직,43,충북,2024-02-28,2024,1,66,33900,2.77,101.7,59.84,0.0
2024000058,힐스테이트 어울림 청주사직,43,충북,2024-02-28,2024,1,55,34100,2.73,101.7,59.83,0.0
2024000058,힐스테이트 어울림 청주사직,43,충북,2024-02-28,2024,1,29,43900,2.58,101.7,79.59,0.0
2024000058,힐스테이트 어울림 청주사직,43,충북,2024-02-28,2024,1,359,45200,1.35,101.7,79.74,0.0
2024000058,힐스테이트 어울림 청주사직,43,충북,2024-02-28,2024,1,53,48100,16.96,101.7,84.96,0.0
2024000058,힐스테이트 어울림 청주사직,43,충북,2024-02-28,2024,1,117,48800,5.13,101.7,84.96,0.0
2024000058,힐스테이트 어울림 청주사직,43,충북,2024-02-28,2024,1,6,47500,16.83,101.7,84.99,0.0
2024000052,광주 탄벌 서희스타힐스 2단지,41,경기,2024-02-20,2024,1,6,44600,10.0,101.7,59.9681,0.0
2024000051,광주 탄벌 서희스타힐스 1단지,41,경기,2024-02-20,2024,1,4,46240,1.0,101.7,59.9557,0.0
2024000051,광주 탄벌 서희스타힐스 1단지,41,경기,2024-02-20,2024,1,9,52150,16.0,101.7,72.9042,0.0
2024000051,광주 탄벌 서희스타힐스 1단지,41,경기,2024-02-20,2024,1,5,51900,2.0,101.7,72.9545,0.0
2024000048,힐스테이트 가장더퍼스트,30,대전,2024-05-03,2024,2,39,44000,3.15,101.7,59.76,0.0
2024000048,힐스테이트 가장더퍼스트,30,대전,2024-05-03,2024,2,14,67000,6.29,101.7,84.92,0.0
2024000048,힐스테이트 가장더퍼스트,30,대전,2024-05-03,2024,2,71,67200,1.29,101.7,84.6,0.0
2024000044,서신 더샵 비발디,52,전북,2024-02-16,2024,1,37,37100,27.62,101.7,59.94,0.0
2024000044,서신 더샵 비발디,52,전북,2024-02-16,2024,1,54,37150,9.85,101.7,59.47,0.0
2024000044,서신 더샵 비발디,52,전북,2024-02-16,2024,1,43,43940,27.14,101.7,73.31,0.0
2024000044,서신 더샵 비발디,52,전북,2024-02-16,2024,1,65,44860,16.82,101.7,73.87,0.0
2024000044,서신 더샵 비발디,52,전북,2024-02-16,2024,1,22,42880,15.73,101.7,73.21,0.0
2024000044,서신 더샵 비발디,52,전북,2024-02-16,2024,1,277,50640,61.58,101.7,84.61,0.0
2024000044,서신 더샵 비발디,52,전북,2024-02-16,2024,1,72,50630,37.88,101.7,84.85,0.0
2024000044,서신 더샵 비발디,52,전북,2024-02-16,2024,1,7,50670,260.29,101.7,84.61,0.0
2024000042,광주 송암공원 중흥S-클래스 SK VIEW,29,광주,2024-02-16,2024,1,292,55450,1.3,101.7,84.9499,0.0
2024000033,메이플자이,11,서울,2024-01-26,2024,1,19,120500,165.58,103.2,43.0502,0.0
2024000033,메이플자이,11,서울,2024-01-26,2024,1,5,124300,152.6,103.2,43.443,0.0
2024000033,메이플자이,11,서울,2024-01-26,2024,1,28,153000,569.79,103.2,49.2874,0.0
2024000033,메이플자이,11,서울,2024-01-26,2024,1,13,151700,292.46,103.2,49.6998,0.0
2024000033,메이플자이,11,서울,2024-01-26,2024,1,6,150300,124.17,103.2,49.7803,0.0
2024000033,메이플자이,11,서울,2024-01-26,2024,1,7,151500,172.71,103.2,49.6415,0.0
2024000033,메이플자이,11,서울,2024-01-26,2024,1,1,174200,3574.0,103.2,59.1662,0.0
2024000033,메이플자이,11,서울,2024-01-26,2024,1,2,173300,3317.5,103.2,59.5368,0.0
2024000031,두산위브더제니스 센트럴 양정,26,부산,2024-01-26,2024,1,10,53900,1.7,101.7,59.8912,0.0
2024000029,힐스테이트 중외공원 3블록,29,광주,2024-01-26,2024,1,108,61900,1.98,101.7,84.7008,0.0
2024000029,힐스테이트 중외공원 3블록,29,광주,2024-01-26,2024,1,110,61900,96.0,101.7,84.2784,0.0
2024000029,힐스테이트 중외공원 3블록,29,광주,2024-01-26,2024,1,3,70600,5.33,101.7,84.7008,0.0
2024000029,힐스테이트 중외공원 3블록,29,광주,2024-01-26,2024,1,3,70600,2.33,101.7,84.2784,0.0
2024000028,힐스테이트 중외공원 2블록,29,광주,2024-01-26,2024,1,61,61900,4.22,101.7,84.7008,0.0
2024000028,힐스테이트 중외공원 2블록,29,광주,2024-01-26,2024,1,136,61900,97.0,101.7,84.2784,0.0
2024000028,힐스테이트 중외공원 2블록,29,광주,2024-01-26,2024,1,2,70600,9.0,101.7,84.7008,0.0
2024000028,힐스테이트 중외공원 2블록,29,광주,2024-01-26,2024,1,2,70600,1.5,101.7,84.2784,0.0
2024000024,공주월송지구 경남아너스빌,44,충남,2024-01-26,2024,1,150,35800,6.61,101.7,84.4182,0.0
2024000016,힐스테이트 더샵 상생공원 2단지,47,경북,2024-01-26,2024,1,488,56390,8.89,101.7,84.513,0.0
2024000016,힐스테이트 더샵 상생공원 2단지,47,경북,2024-01-26,2024,1,66,56090,2.97,101.7,84.8908,0.0
2024000016,힐스테이트 더샵 상생공원 2단지,47,경북,2024-01-26,2024,1,94,56390,5.2,101.7,84.1259,0.0
2024000012,영통자이 센트럴파크,41,경기,2024-02-07,2024,1,159,101990,7.28,101.7,84.9243,0.0
2024000012,영통자이 센트럴파크,41,경기,2024-02-07,2024,1,46,104030,19.43,101.7,84.9268,0.0
2024000012,영통자이 센트럴파크,41,경기,2024-02-07,2024,1,48,101540,3.19,101.7,84.9961,0.0
2024000012,영통자이 센트럴파크,41,경기,2024-02-07,2024,1,37,102230,5.21,101.7,84.9757,0.0
2024000007,송내역 푸르지오 센트비엔,41,경기,2024-01-26,2024,1,12,53210,2.0,101.7,49.473,0.0
2024000007,송내역 푸르지오 센트비엔,41,경기,2024-01-26,2024,1,18,52640,1.67,101.7,49.473,0.0
2024000007,송내역 푸르지오 센트비엔,41,경기,2024-01-26,2024,1,47,69440,1.64,101.7,59.959,0.0
2024000007,송내역 푸르지오 센트비엔,41,경기,2024-01-26,2024,1,47,69230,1.02,101.7,59.959,0.0
2024000004,e편한세상 검단 에코비스타,28,인천,2024-02-22,2024,1,122,52500,10.06,101.7,84.9996,39.0
2024000004,e편한세상 검단 에코비스타,28,인천,2024-02-22,2024,1,48,52200,3.67,101.7,84.9654,28.0
2024000004,e편한세상 검단 에코비스타,28,인천,2024-02-22,2024,1,31,51000,1.23,101.7,84.9392,23.0
2024000004,e편한세상 검단 에코비스타,28,인천,2024-02-22,2024,1,17,52200,3.29,101.7,84.9746,27.0
2024000001,더샵 둔촌포레,11,서울,2024-02-29,2024,1,13,136800,81.31,103.2,84.9756,0.0
2024000001,더샵 둔촌포레,11,서울,2024-02-29,2024,1,15,139300,110.8,103.2,84.9818,0.0
2023000720,서광교 한라비발디 레이크포레,41,경기,2024-01-18,2024,1,23,73000,11.8,101.7,84.9332,0.0
2023000720,서광교 한라비발디 레이크포레,41,경기,2024-01-18,2024,1,48,72050,45.0,101.7,84.8255,0.0
2023000710,영통역자이 프라시엘,41,경기,2023-12-29,2023,4,101,86300,37.0,101.7,84.3907,0.0
2023000710,영통역자이 프라시엘,41,경기,2023-12-29,2023,4,58,86300,34.0,101.7,84.6563,0.0
2023000710,영통역자이 프라시엘,41,경기,2023-12-29,2023,4,56,86300,57.0,101.7,84.4375,0.0
2023000710,영통역자이 프라시엘,41,경기,2023-12-29,2023,4,19,86300,18.0,101.7,84.907,0.0
2023000708,더샵 금정위버시티,26,부산,2024-02-23,2024,1,8,58546,14.88,101.7,59.9902,0.0
2023000708,더샵 금정위버시티,26,부산,2024-02-23,2024,1,16,75802,4.32,101.7,84.9938,0.0
2023000707,제일풍경채 검단Ⅲ 본청약,28,인천,2024-01-10,2024,1,74,52200,169.11,101.7,84.9815,58.0
2023000707,제일풍경채 검단Ⅲ 본청약,28,인천,2024-01-10,2024,1,28,52000,86.0,101.7,84.9718,55.0
2023000707,제일풍경채 검단Ⅲ 본청약,28,인천,2024-01-10,2024,1,11,51600,102.0,101.7,84.8495,53.0
2023000706,더샵 탕정인피니티시티,44,충남,2023-12-22,2023,4,286,47280,31.97,101.7,84.8324,0.0
2023000706,더샵 탕정인피니티시티,44,충남,2023-12-22,2023,4,133,48010,21.54,101.7,84.7945,0.0
2023000706,더샵 탕정인피니티시티,44,충남,2023-12-22,2023,4,68,47010,16.56,101.7,84.9331,0.0
2023000700,e편한세상 신곡 시그니처뷰,41,경기,2024-01-11,2024,1,35,49420,1.09,101.7,59.9166,0.0
2023000691,인천 검단신도시 AB20-2블록 중흥S-클래스 에듀파크(본청약),28,인천,2023-12-29,2023,4,23,43500,95.27,101.7,72.9531,58.0
2023000691,인천 검단신도시 AB20-2블록 중흥S-클래스 에듀파크(본청약),28,인천,2023-12-29,2023,4,24,42100,65.25,101.7,72.9511,55.0
2023000691,인천 검단신도시 AB20-2블록 중흥S-클래스 에듀파크(본청약),28,인천,2023-12-29,2023,4,107,49800,107.36,101.7,84.5032,61.0
2023000691,인천 검단신도시 AB20-2블록 중흥S-클래스 에듀파크(본청약),28,인천,2023-12-29,2023,4,51,48400,69.84,101.7,84.8058,58.0
2023000688,광명자이힐스테이트SKVIEW,41,경기,2023-12-22,2023,4,15,46000,13.0,101.7,34.2694,0.0
2023000688,광명자이힐스테이트SKVIEW,41,경기,2023-12-22,2023,4,16,54100,8.0,101.7,39.053,0.0
2023000688,광명자이힐스테이트SKVIEW,41,경기,2023-12-22,2023,4,59,80200,31.0,101.7,51.4442,0.0
2023000688,광명자이힐스테이트SKVIEW,41,경기,2023-12-22,2023,4,37,90200,26.13,101.7,59.2728,0.0
2023000688,광명자이힐스테이트SKVIEW,41,경기,2023-12-22,2023,4,23,89200,17.0,101.7,59.3865,0.0
2023000688,광명자이힐스테이트SKVIEW,41,경기,2023-12-22,2023,4,14,103900,19.4,101.7,71.8387,0.0
2023000688,광명자이힐스테이트SKVIEW,41,경기,2023-12-22,2023,4,8,102400,12.0,101.7,71.3606,0.0
2023000688,광명자이힐스테이트SKVIEW,41,경기,2023-12-22,2023,4,21,123500,1.19,101.7,84.4118,0.0
2023000688,광명자이힐스테이트SKVIEW,41,경기,2023-12-22,2023,4,7,121900,10.0,101.7,84.6735,0.0
2023000685,쌍용 더 플래티넘 스카이,51,강원,2023-12-22,2023,4,14,61420,8.48,101.7,84.9406,0.0
2023000685,쌍용 더 플래티넘 스카이,51,강원,2023-12-22,2023,4,14,63680,4.11,101.7,84.9067,0.0
2023000685,쌍용 더 플래티넘 스카이,51,강원,2023-12-22,2023,4,16,63190,13.11,101.7,84.9798,0.0
2023000685,쌍용 더 플래티넘 스카이,51,강원,2023-12-22,2023,4,18,62860,7.78,101.7,84.9865,0.0
2023000685,쌍용 더 플래티넘 스카이,51,강원,2023-12-22,2023,4,18,61910,1.27,101.7,84.9307,0.0
2023000684,역곡역 아테움 스위첸,41,경기,2023-12-22,2023,4,17,45890,13.0,101.7,51.9716,0.0
2023000684,역곡역 아테움 스위첸,41,경기,2023-12-22,2023,4,9,45790,1.11,101.7,51.9623,0.0
2023000682,포제스 한강,11,서울,2024-01-12,2024,1,20,440000,18.4,103.2,84.9318,0.0
2023000676,에스아이팰리스 강동 센텀Ⅱ,11,서울,2023-12-15,2023,4,8,36900,2.0,103.2,27.2967,0.0
2023000676,에스아이팰리스 강동 센텀Ⅱ,11,서울,2023-12-15,2023,4,9,43500,1.44,103.2,29.6544,0.0
2023000676,에스아이팰리스 강동 센텀Ⅱ,11,서울,2023-12-15,2023,4,8,53200,4.0,103.2,39.521,0.0
2023000676,에스아이팰리스 강동 센텀Ⅱ,11,서울,2023-12-15,2023,4,7,62900,4.57,103.2,42.4793,0.0
2023000676,에스아이팰리스 강동 센텀Ⅱ,11,서울,2023-12-15,2023,4,8,63900,2.38,103.2,42.3953,0.0
2023000676,에스아이팰리스 강동 센텀Ⅱ,11,서울,2023-12-15,2023,4,9,64900,2.89,103.2,42.0337,0.0
2023000672,어반클라쎄목동,11,서울,2023-12-19,2023,4,10,60390,4.8,103.2,37.42,0.0
2023000672,어반클라쎄목동,11,서울,2023-12-19,2023,4,2,73100,7.5,103.2,37.41,0.0
2023000672,어반클라쎄목동,11,서울,2023-12-19,2023,4,4,85210,2.0,103.2,54.64,0.0
2023000672,어반클라쎄목동,11,서울,2023-12-19,2023,4,1,101020,2.0,103.2,54.64,0.0
2023000672,어반클라쎄목동,11,서울,2023-12-19,2023,4,12,97640,2.75,103.2,59.86,0.0
2023000672,어반클라쎄목동,11,서울,2023-12-19,2023,4,12,96900,2.67,103.2,59.97,0.0
2023000672,어반클라쎄목동,11,서울,2023-12-19,2023,4,2,117710,5.5,103.2,59.57,0.0
2023000672,어반클라쎄목동,11,서울,2023-12-19,2023,4,2,116780,6.5,103.2,59.65,0.0
2023000670,김해 삼계 푸르지오 센트럴파크,48,경남,2023-12-15,2023,4,58,49430,8.0,101.7,84.9966,0.0
2023000669,동래 롯데캐슬 시그니처,26,부산,2023-12-15,2023,4,35,71750,1.2,101.7,65.9839,0.0
2023000669,동래 롯데캐슬 시그니처,26,부산,2023-12-15,2023,4,20,75810,1.38,101.7,69.9393,0.0
2023000669,동래 롯데캐슬 시그니처,26,부산,2023-12-15,2023,4,14,93100,16.5,101.7,84.9189,0.0
2023000669,동래 롯데캐슬 시그니처,26,부산,2023-12-15,2023,4,13,91790,1.89,101.7,84.6128,0.0
2023000668,제주 중부공원 제일풍경채 센트럴파크,50,제주,2024-02-16,2024,1,130,79900,2.52,101.7,84.997,0.0
2023000666,청주 동일하이빌 파크레인 2단지,43,충북,2023-12-08,2023,4,101,44200,6.6,101.7,84.9974,0.0
2023000666,청주 동일하이빌 파크레인 2단지,43,충북,2023-12-08,2023,4,101,44200,10.98,101.7,84.9996,0.0
2023000666,청주 동일하이빌 파크레인 2단지,43,충북,2023-12-08,2023,4,32,44400,7.33,101.7,84.9961,0.0
2023000657,힐스테이트 가양 더와이즈,30,대전,2023-12-08,2023,4,80,55300,1.79,101.7,84.0,0.0
2023000656,힐스테이트 더 운정,41,경기,2023-12-08,2023,4,101,79990,3.33,101.7,84.9888,26.0
2023000654,파주 운정신도시 우미 린 파크힐스(본청약),41,경기,2023-12-08,2023,4,105,47810,184.33,101.7,84.9939,59.0
2023000654,파주 운정신도시 우미 린 파크힐스(본청약),41,경기,2023-12-08,2023,4,14,46340,137.67,101.7,84.9957,56.0
2023000652,롯데캐슬 시그니처 중앙,41,경기,2023-12-08,2023,4,94,64060,15.47,101.7,59.9935,0.0
2023000652,롯데캐슬 시그니처 중앙,41,경기,2023-12-08,2023,4,70,64240,8.27,101.7,59.9971,0.0
2023000652,롯데캐슬 시그니처 중앙,41,경기,2023-12-08,2023,4,91,62880,4.88,101.7,59.9807,0.0
2023000647,삼익 더 랩소디,11,서울,2023-11-27,2023,4,30,110000,6.0,103.2,44.27,0.0
2023000647,삼익 더 랩소디,11,서울,2023-11-27,2023,4,15,105000,1.53,103.2,44.81,0.0
2023000641,매교역 팰루시드,41,경기,2023-12-15,2023,4,11,61600,3.82,101.7,48.35,0.0
2023000641,매교역 팰루시드,41,경기,2023-12-15,2023,4,5,62500,2.8,101.7,48.56,0.0
2023000641,매교역 팰루시드,41,경기,2023-12-15,2023,4,35,73600,2.74,101.7,59.75,0.0
2023000641,매교역 팰루시드,41,경기,2023-12-15,2023,4,62,73800,2.35,101.7,59.98,0.0
2023000641,매교역 팰루시드,41,경기,2023-12-15,2023,4,108,82000,1.07,101.7,71.92,0.0
2023000641,매교역 팰루시드,41,경기,2023-12-15,2023,4,26,81000,24.0,101.7,71.89,0.0
2023000641,매교역 팰루시드,41,경기,2023-12-15,2023,4,379,89900,1.72,101.7,84.14,0.0
2023000641,매교역 팰루시드,41,경기,2023-12-15,2023,4,33,89700,1.45,101.7,84.86,0.0
2023000638,아산 탕정지구 2-A12BL 대광로제비앙(본청약),44,충남,2023-12-04,2023,4,42,45600,53.71,101.7,84.9233,0.0
2023000638,아산 탕정지구 2-A12BL 대광로제비앙(본청약),44,충남,2023-12-04,2023,4,21,45600,38.38,101.7,84.6883,0.0
2023000637,이천중리B1-BL 우미린 어반퍼스트,41,경기,2023-11-30,2023,4,294,52130,1.43,101.7,84.9827,0.0
2023000637,이천중리B1-BL 우미린 어반퍼스트,41,경기,2023-11-30,2023,4,22,51580,5.0,101.7,84.9948,0.0
2023000635,영주자이 시그니처,47,경북,2023-12-06,2023,4,210,43700,1.57,101.7,84.9584,0.0
2023000635,영주자이 시그니처,47,경북,2023-12-06,2023,4,23,43800,9.91,101.7,84.9797,0.0
2023000635,영주자이 시그니처,47,경북,2023-12-06,2023,4,87,43400,1.92,101.7,84.9917,0.0
2023000633,원봉공원 힐데스하임,43,충북,2023-11-24,2023,4,241,41720,66.78,101.7,84.7754,0.0
2023000633,원봉공원 힐데스하임,43,충북,2023-11-24,2023,4,82,41580,29.56,101.7,84.9369,0.0
2023000633,원봉공원 힐데스하임,43,충북,2023-11-24,2023,4,22,41280,49.23,101.7,84.8177,0.0
2023000628,부산에코델타시티 디에트르 그랑루체(13BL),26,부산,2023-11-24,2023,4,66,43289,2.76,101.7,59.9924,0.0
2023000628,부산에코델타시티 디에트르 그랑루체(13BL),26,부산,2023-11-24,2023,4,182,59245,26.0,101.7,84.9948,0.0
2023000625,해링턴 마레,26,부산,2023-11-16,2023,4,9,62400,5.33,101.7,59.9875,0.0
2023000625,해링턴 마레,26,부산,2023-11-16,2023,4,17,76700,2.9,101.7,84.059,0.0
2023000625,해링턴 마레,26,부산,2023-11-16,2023,4,8,85600,18.38,101.7,84.977,0.0
2023000624,서산 센트럴 아이파크,44,충남,2023-12-01,2023,4,28,41090,47.07,101.7,84.99,0.0
2023000624,서산 센트럴 아이파크,44,충남,2023-12-01,2023,4,57,41010,15.98,101.7,84.98,0.0
2023000624,서산 센트럴 아이파크,44,충남,2023-12-01,2023,4,26,41120,14.08,101.7,84.99,0.0
2023000623,고양 장항 제일풍경채,41,경기,2023-12-08,2023,4,270,73100,50.78,101.7,84.989,55.0
2023000623,고양 장항 제일풍경채,41,경기,2023-12-08,2023,4,133,72300,10.63,101.7,84.9276,37.0
2023000623,고양 장항 제일풍경채,41,경기,2023-12-08,2023,4,71,72000,23.83,101.7,84.8718,44.0
2023000621,청주 가경 아이파크 6단지,43,충북,2023-11-24,2023,4,104,43700,250.74,101.7,84.9967,0.0
2023000620,문수로 아르티스,31,울산,2023-12-29,2023,4,61,91500,4.89,101.7,84.9471,0.0
2023000609,위파크 안동 호반,47,경북,2023-11-09,2023,4,155,45020,6.68,101.7,84.9713,0.0
2023000609,위파크 안동 호반,47,경북,2023-11-09,2023,4,55,43920,1.61,101.7,84.9726,0.0
2023000608,마포 푸르지오 어반피스,11,서울,2023-11-24,2023,4,24,89290,32.38,103.2,49.136,0.0
2023000608,마포 푸르지오 어반피스,11,서울,2023-11-24,2023,4,4,114330,158.5,103.2,59.989,0.0
2023000608,마포 푸르지오 어반피스,11,서울,2023-11-24,2023,4,22,139210,39.55,103.2,74.6605,0.0
2023000608,마포 푸르지오 어반피스,11,서울,2023-11-24,2023,4,7,159500,50.71,103.2,84.8306,0.0
2023000608,마포 푸르지오 어반피스,11,서울,2023-11-24,2023,4,7,154510,38.71,103.2,84.681,0.0
2023000607,시청역 해모로 센티아,26,부산,2023-11-03,2023,4,6,28940,4.17,101.7,39.89,0.0
2023000607,시청역 해모로 센티아,26,부산,2023-11-03,2023,4,67,52100,1.45,101.7,59.77,0.0
2023000607,시청역 해모로 센티아,26,부산,2023-11-03,2023,4,17,52370,1.0,101.7,59.84,0.0
2023000607,시청역 해모로 센티아,26,부산,2023-11-03,2023,4,8,63310,1.25,101.7,74.84,0.0
2023000607,시청역 해모로 센티아,26,부산,2023-11-03,2023,4,4,63950,8.5,101.7,84.87,0.0
2023000607,시청역 해모로 센티아,26,부산,2023-11-03,2023,4,4,67880,3.25,101.7,84.88,0.0
2023000607,시청역 해모로 센티아,26,부산,2023-11-03,2023,4,2,69550,2.0,101.7,84.85,0.0
2023000601,도마 포레나해모로,30,대전,2023-11-17,2023,4,42,64500,1.92,101.7,84.93,0.0
2023000593,힐스테이트 금오 더퍼스트,41,경기,2023-10-31,2023,4,35,19970,12.0,101.7,36.1818,0.0
2023000593,힐스테이트 금오 더퍼스트,41,경기,2023-10-31,2023,4,12,53110,3.33,101.7,75.9085,0.0
2023000593,힐스테이트 금오 더퍼스트,41,경기,2023-10-31,2023,4,27,58950,22.0,101.7,84.9616,0.0
2023000589,소사역 롯데캐슬 더 뉴엘,41,경기,2023-11-27,2023,4,91,66400,6.38,101.7,59.8212,0.0
2023000589,소사역 롯데캐슬 더 뉴엘,41,경기,2023-11-27,2023,4,134,82300,5.79,101.7,84.6246,0.0
2023000589,소사역 롯데캐슬 더 뉴엘,41,경기,2023-11-27,2023,4,167,80300,1.0,101.7,84.7392,0.0
2023000589,소사역 롯데캐슬 더 뉴엘,41,경기,2023-11-27,2023,4,67,81000,8.25,101.7,84.7606,0.0
2023000585,파주 운정신도시 우미 린 더 센텀,41,경기,2023-11-03,2023,4,122,55360,457.42,101.7,84.9891,68.0
2023000585,파주 운정신도시 우미 린 더 센텀,41,경기,2023-11-03,2023,4,48,53450,339.6,101.7,84.9867,64.0
2023000583,운정3 제일풍경채(A46BL) (본청약),41,경기,2023-11-10,2023,4,17,55640,2396.67,101.7,84.9394,69.0
2023000583,운정3 제일풍경채(A46BL) (본청약),41,경기,2023-11-10,2023,4,18,55690,816.25,101.7,84.9206,67.0
2023000583,운정3 제일풍경채(A46BL) (본청약),41,경기,2023-11-10,2023,4,7,56100,1528.0,101.7,84.9304,65.0
2023000579,고촌센트럴자이,41,경기,2023-10-26,2023,4,40,57850,3.8,101.7,63.9602,0.0
2023000579,고촌센트럴자이,41,경기,2023-10-26,2023,4,16,69150,2.38,101.7,76.9937,0.0
2023000579,고촌센트럴자이,41,경기,2023-10-26,2023,4,60,68790,9.5,101.7,76.9622,0.0
2023000579,고촌센트럴자이,41,경기,2023-10-26,2023,4,260,75840,1.26,101.7,84.9109,0.0
2023000570,용인 에버랜드역 칸타빌,41,경기,2023-11-06,2023,4,8,57620,6.0,101.7,84.9162,0.0
2023000568,춘천 금호어울림 더 퍼스트,51,강원,2023-11-03,2023,4,25,38499,19.32,101.7,59.9666,0.0
2023000568,춘천 금호어울림 더 퍼스트,51,강원,2023-11-03,2023,4,185,51199,21.89,101.7,84.942,0.0
2023000568,춘천 금호어울림 더 퍼스트,51,강원,2023-11-03,2023,4,47,50999,6.17,101.7,84.8711,0.0
2023000567,위파크 일곡공원,29,광주,2024-02-06,2024,1,143,56900,7.43,101.7,84.9808,0.0
2023000567,위파크 일곡공원,29,광주,2024-02-06,2024,1,160,56800,1.23,101.7,84.839,0.0
2023000562,힐스테이트 e편한세상 문정,11,서울,2023-11-03,2023,4,38,76580,63.21,103.2,49.92,0.0
2023000562,힐스테이트 e편한세상 문정,11,서울,2023-11-03,2023,4,57,75380,71.07,103.2,49.4,0.0
2023000562,힐스테이트 e편한세상 문정,11,서울,2023-11-03,2023,4,13,88870,220.77,103.2,59.94,0.0
2023000562,힐스테이트 e편한세상 문정,11,서울,2023-11-03,2023,4,24,88460,354.25,103.2,59.87,0.0
2023000562,힐스테이트 e편한세상 문정,11,서울,2023-11-03,2023,4,5,105820,196.6,103.2,74.95,0.0
2023000562,힐스테이트 e편한세상 문정,11,서울,2023-11-03,2023,4,5,108600,86.4,103.2,74.43,0.0
2023000562,힐스테이트 e편한세상 문정,11,서울,2023-11-03,2023,4,13,109100,250.46,103.2,74.43,0.0
2023000562,힐스테이트 e편한세상 문정,11,서울,2023-11-03,2023,4,11,108410,253.18,103.2,74.96,0.0
2023000562,힐스테이트 e편한세상 문정,11,서울,2023-11-03,2023,4,3,108440,167.33,103.2,74.96,0.0
2023000558,제일풍경채 검단Ⅳ,28,인천,2023-11-27,2023,4,194,54900,4.01,101.7,84.9343,32.0
2023000558,제일풍경채 검단Ⅳ,28,인천,2023-11-27,2023,4,43,53600,1.44,101.7,84.8731,25.0
2023000557,두산위브더제니스 센트럴 계양,28,인천,2023-12-22,2023,4,186,49730,2.62,101.7,59.9389,0.0
2023000557,두산위브더제니스 센트럴 계양,28,인천,2023-12-22,2023,4,56,50470,3.25,101.7,59.8521,0.0
2023000557,두산위브더제니스 센트럴 계양,28,인천,2023-12-22,2023,4,7,47050,2.13,101.7,59.9389,0.0
2023000557,두산위브더제니스 센트럴 계양,28,인천,2023-12-22,2023,4,8,59790,35.5,101.7,74.2142,0.0
2023000555,도봉 금호어울림 리버파크,11,서울,2023-10-27,2023,4,2,69790,55.5,103.2,59.8916,0.0
2023000555,도봉 금호어울림 리버파크,11,서울,2023-10-27,2023,4,13,81550,5.85,103.2,75.8256,0.0
2023000555,도봉 금호어울림 리버파크,11,서울,2023-10-27,2023,4,2,85520,24.5,103.2,84.8658,0.0
2023000555,도봉 금호어울림 리버파크,11,서울,2023-10-27,2023,4,32,90330,3.94,103.2,84.9602,0.0
2023000555,도봉 금호어울림 리버파크,11,서울,2023-10-27,2023,4,15,90590,1.32,103.2,84.8897,0.0
2023000552,군산 레이크시티 아이파크,52,전북,2023-10-20,2023,4,55,41190,2.78,101.7,84.3966,0.0
2023000549,탕정 푸르지오 리버파크,44,충남,2023-10-25,2023,4,69,31000,1.47,101.7,59.9901,0.0
2023000549,탕정 푸르지오 리버파크,44,충남,2023-10-25,2023,4,78,38500,23.83,101.7,74.8177,0.0
2023000549,탕정 푸르지오 리버파크,44,충남,2023-10-25,2023,4,24,43800,6.65,101.7,84.8833,0.0
2023000549,탕정 푸르지오 리버파크,44,충남,2023-10-25,2023,4,62,42900,1.36,101.7,84.4231,0.0
2023000549,탕정 푸르지오 리버파크,44,충남,2023-10-25,2023,4,36,43500,1.61,101.7,84.8179,0.0
2023000549,탕정 푸르지오 리버파크,44,충남,2023-10-25,2023,4,54,43800,6.53,101.7,84.9008,0.0
2023000548,이문 아이파크 자이,11,서울,2023-10-20,2023,4,49,30851,4.82,103.2,20.8,0.0
2023000548,이문 아이파크 자이,11,서울,2023-10-20,2023,4,8,58909,87.38,103.2,41.6,0.0
2023000548,이문 아이파크 자이,11,서울,2023-10-20,2023,4,184,93571,15.17,103.2,59.91,0.0
2023000548,이문 아이파크 자이,11,서울,2023-10-20,2023,4,187,94888,9.82,103.2,59.95,0.0
2023000548,이문 아이파크 자이,11,서울,2023-10-20,2023,4,122,94004,11.24,103.2,59.96,0.0
2023000548,이문 아이파크 자이,11,서울,2023-10-20,2023,4,2,100062,20.0,103.2,59.96,0.0
2023000548,이문 아이파크 자이,11,서울,2023-10-20,2023,4,16,99662,3.0,103.2,59.67,0.0
2023000548,이문 아이파크 자이,11,서울,2023-10-20,2023,4,7,100892,6.0,103.2,59.95,0.0
2023000548,이문 아이파크 자이,11,서울,2023-10-20,2023,4,75,120599,25.39,103.2,84.95,0.0
2023000548,이문 아이파크 자이,11,서울,2023-10-20,2023,4,27,120804,22.22,103.2,84.95,0.0
2023000548,이문 아이파크 자이,11,서울,2023-10-20,2023,4,44,121284,14.41,103.2,84.92,0.0
2023000548,이문 아이파크 자이,11,서울,2023-10-20,2023,4,20,130229,2.44,103.2,84.92,0.0
2023000548,이문 아이파크 자이,11,서울,2023-10-20,2023,4,6,129436,4.17,103.2,84.6,0.0
2023000548,이문 아이파크 자이,11,서울,2023-10-20,2023,4,4,130291,9.75,103.2,84.84,0.0
2023000548,이문 아이파크 자이,11,서울,2023-10-20,2023,4,9,144026,5.67,103.2,84.77,0.0
2023000545,관저 푸르지오 센트럴파크 2단지,30,대전,2023-10-20,2023,4,65,58080,7.29,101.7,84.9879,0.0
2023000545,관저 푸르지오 센트럴파크 2단지,30,대전,2023-10-20,2023,4,33,57110,2.26,101.7,84.9983,0.0
2023000545,관저 푸르지오 센트럴파크 2단지,30,대전,2023-10-20,2023,4,34,57600,3.69,101.7,84.9939,0.0
2023000544,관저 푸르지오 센트럴파크 1단지,30,대전,2023-10-20,2023,4,63,58080,13.44,101.7,84.9879,0.0
2023000544,관저 푸르지오 센트럴파크 1단지,30,대전,2023-10-20,2023,4,32,57110,3.21,101.7,84.9983,0.0
2023000544,관저 푸르지오 센트럴파크 1단지,30,대전,2023-10-20,2023,4,37,57600,5.19,101.7,84.9939,0.0
2023000540,철산자이 브리에르,41,경기,2023-10-20,2023,4,57,84900,1.79,101.7,59.9979,0.0
2023000540,철산자이 브리에르,41,경기,2023-10-20,2023,4,40,88000,2.45,101.7,59.996,0.0
2023000540,철산자이 브리에르,41,경기,2023-10-20,2023,4,65,87600,2.51,101.7,59.9467,0.0
2023000540,철산자이 브리에르,41,경기,2023-10-20,2023,4,9,84500,5.67,101.7,59.9155,0.0
2023000540,철산자이 브리에르,41,경기,2023-10-20,2023,4,28,87200,35.67,101.7,59.5081,0.0
2023000537,동탄신도시 금강펜테리움 7차 센트럴파크,41,경기,2023-10-20,2023,4,53,50320,16.44,101.7,74.8949,37.0
2023000537,동탄신도시 금강펜테리움 7차 센트럴파크,41,경기,2023-10-20,2023,4,88,55320,28.38,101.7,84.9676,41.0
2023000537,동탄신도시 금강펜테리움 7차 센트럴파크,41,경기,2023-10-20,2023,4,126,55810,23.74,101.7,84.9264,41.0
2023000535,이천자이 더 리체,41,경기,2023-10-20,2023,4,111,53990,3.69,101.7,84.91,0.0
2023000535,이천자이 더 리체,41,경기,2023-10-20,2023,4,48,53090,1.13,101.7,84.94,0.0
2023000535,이천자이 더 리체,41,경기,2023-10-20,2023,4,46,54390,3.37,101.7,84.94,0.0
2023000535,이천자이 더 리체,41,경기,2023-10-20,2023,4,19,54190,1.41,101.7,84.94,0.0
2023000534,부산 에코델타시티 16블록 중흥S-클래스,26,부산,2023-10-13,2023,4,231,50200,9.43,101.7,84.9678,0.0
2023000534,부산 에코델타시티 16블록 중흥S-클래스,26,부산,2023-10-13,2023,4,30,49300,2.75,101.7,84.9405,0.0
2023000532,청계리버뷰자이,11,서울,2023-12-01,2023,4,128,103440,34.59,103.2,59.897,0.0
2023000532,청계리버뷰자이,11,서울,2023-12-01,2023,4,32,104420,42.69,103.2,59.902,0.0
2023000532,청계리버뷰자이,11,서울,2023-12-01,2023,4,17,104290,26.41,103.2,59.891,0.0
2023000532,청계리버뷰자이,11,서울,2023-12-01,2023,4,146,120050,29.74,103.2,73.549,0.0
2023000532,청계리버뷰자이,11,서울,2023-12-01,2023,4,71,126730,52.86,103.2,78.935,0.0
2023000532,청계리버뷰자이,11,서울,2023-12-01,2023,4,3,127710,276.33,103.2,84.943,0.0
2023000530,의왕 센트라인 데시앙,41,경기,2023-10-30,2023,4,46,39100,16.0,101.7,37.81,0.0
2023000530,의왕 센트라인 데시앙,41,경기,2023-10-30,2023,4,11,39900,14.0,101.7,37.91,0.0
2023000530,의왕 센트라인 데시앙,41,경기,2023-10-30,2023,4,10,67500,3.5,101.7,59.88,0.0
2023000530,의왕 센트라인 데시앙,41,경기,2023-10-30,2023,4,89,68500,1.91,101.7,59.52,0.0
2023000530,의왕 센트라인 데시앙,41,경기,2023-10-30,2023,4,91,93700,67.0,101.7,84.43,0.0
2023000530,의왕 센트라인 데시앙,41,경기,2023-10-30,2023,4,10,92500,1.2,101.7,84.63,0.0
2023000528,의정부 푸르지오 클라시엘,41,경기,2023-10-27,2023,4,125,70600,1.74,101.7,84.9616,0.0
2023000528,의정부 푸르지오 클라시엘,41,경기,2023-10-27,2023,4,22,70600,1.55,101.7,84.9774,0.0
2023000527,힐스테이트 더웨이브시티,41,경기,2023-10-13,2023,4,134,42064,6.11,101.7,60.93,32.0
2023000524,더샵 소양스타리버,51,강원,2023-10-06,2023,4,26,27900,4.39,101.7,39.91,0.0
2023000524,더샵 소양스타리버,51,강원,2023-10-06,2023,4,182,39300,12.67,101.7,59.99,0.0
2023000524,더샵 소양스타리버,51,강원,2023-10-06,2023,4,38,48800,23.63,101.7,75.7,0.0
2023000524,더샵 소양스타리버,51,강원,2023-10-06,2023,4,76,48300,11.6,101.7,75.79,0.0
2023000524,더샵 소양스타리버,51,강원,2023-10-06,2023,4,58,52600,93.36,101.7,84.79,0.0
2023000524,더샵 소양스타리버,51,강원,2023-10-06,2023,4,47,52900,37.28,101.7,84.93,0.0
2023000524,더샵 소양스타리버,51,강원,2023-10-06,2023,4,12,51800,43.0,101.7,84.85,0.0
2023000502,힐스테이트 수원파크포레,41,경기,2023-10-05,2023,4,34,89900,8.0,101.7,84.9541,0.0
2023000499,디오르나인 안양역,41,경기,2023-10-06,2023,4,10,79200,1.67,101.7,74.9673,0.0
2023000499,디오르나인 안양역,41,경기,2023-10-06,2023,4,11,78200,10.0,101.7,74.9031,0.0
2023000499,디오르나인 안양역,41,경기,2023-10-06,2023,4,10,89600,1.2,101.7,84.957,0.0
2023000499,디오르나인 안양역,41,경기,2023-10-06,2023,4,1,120000,3.0,101.7,84.9599,0.0
2023000482,일루미스테이트(보류지),41,경기,2023-09-22,2023,3,1,29900,15.0,101.7,39.89,0.0
2023000482,일루미스테이트(보류지),41,경기,2023-09-22,2023,3,26,55300,4.5,101.7,59.96,0.0
2023000482,일루미스테이트(보류지),41,경기,2023-09-22,2023,3,9,55300,3.44,101.7,59.99,0.0
2023000482,일루미스테이트(보류지),41,경기,2023-09-22,2023,3,1,64900,14.0,101.7,74.96,0.0
2023000482,일루미스테이트(보류지),41,경기,2023-09-22,2023,3,17,72900,10.41,101.7,84.97,0.0
2023000482,일루미스테이트(보류지),41,경기,2023-09-22,2023,3,2,72900,18.0,101.7,84.56,0.0
2023000482,일루미스테이트(보류지),41,경기,2023-09-22,2023,3,3,72900,5.0,101.7,84.74,0.0
2023000481,오산세교2지구 A-13블록 호반써밋 본청약,41,경기,2023-09-22,2023,3,10,35670,4.0,101.7,59.8303,0.0
2023000481,오산세교2지구 A-13블록 호반써밋 본청약,41,경기,2023-09-22,2023,3,125,36470,3.81,101.7,59.8303,0.0
2023000481,오산세교2지구 A-13블록 호반써밋 본청약,41,경기,2023-09-22,2023,3,99,47400,3.56,101.7,84.98,26.0
2023000481,오산세교2지구 A-13블록 호반써밋 본청약,41,경기,2023-09-22,2023,3,21,48400,9.0,101.7,84.98,26.0
2023000480,트리우스 광명,41,경기,2023-10-06,2023,4,73,43380,31.0,101.7,36.73,0.0
2023000480,트리우스 광명,41,경기,2023-10-06,2023,4,31,89710,2.48,101.7,59.98,0.0
2023000480,트리우스 광명,41,경기,2023-10-06,2023,4,10,79830,1.9,101.7,59.92,0.0
2023000480,트리우스 광명,41,경기,2023-10-06,2023,4,25,118600,3.08,101.7,84.94,0.0
2023000480,트리우스 광명,41,경기,2023-10-06,2023,4,139,115380,96.0,101.7,84.93,0.0
2023000480,트리우스 광명,41,경기,2023-10-06,2023,4,62,115260,90.0,101.7,84.84,0.0
2023000479,인천검단신도시 디에트르 더 에듀(AA20BL),28,인천,2023-10-06,2023,4,35,47052,8.71,101.7,59.8554,35.0
2023000479,인천검단신도시 디에트르 더 에듀(AA20BL),28,인천,2023-10-06,2023,4,74,45227,5.39,101.7,59.8701,31.0
2023000479,인천검단신도시 디에트르 더 에듀(AA20BL),28,인천,2023-10-06,2023,4,118,42171,4.86,101.7,59.8448,31.0
2023000479,인천검단신도시 디에트르 더 에듀(AA20BL),28,인천,2023-10-06,2023,4,9,58781,112.0,101.7,84.6852,53.0
2023000479,인천검단신도시 디에트르 더 에듀(AA20BL),28,인천,2023-10-06,2023,4,45,56221,28.82,101.7,84.9159,43.0
2023000479,인천검단신도시 디에트르 더 에듀(AA20BL),28,인천,2023-10-06,2023,4,50,54316,16.55,101.7,84.9974,38.0
2023000478,더샵 의정부역 링크시티,41,경기,2023-10-27,2023,4,86,73720,14.84,101.7,84.8671,0.0
2023000478,더샵 의정부역 링크시티,41,경기,2023-10-27,2023,4,193,73040,2.61,101.7,84.9972,0.0
2023000478,더샵 의정부역 링크시티,41,경기,2023-10-27,2023,4,129,73430,7.69,101.7,84.4572,0.0
2023000478,더샵 의정부역 링크시티,41,경기,2023-10-27,2023,4,112,72430,1.59,101.7,84.995,0.0
2023000478,더샵 의정부역 링크시티,41,경기,2023-10-27,2023,4,19,71980,1.97,101.7,84.809,0.0
2023000477,강릉 오션시티 아이파크,51,강원,2023-10-06,2023,4,67,55610,2.34,101.7,75.2578,0.0
2023000477,강릉 오션시티 아이파크,51,강원,2023-10-06,2023,4,43,60370,26.21,101.7,84.9688,0.0
2023000477,강릉 오션시티 아이파크,51,강원,2023-10-06,2023,4,159,60370,25.67,101.7,84.9837,0.0
2023000477,강릉 오션시티 아이파크,51,강원,2023-10-06,2023,4,44,56780,3.39,101.7,84.9883,0.0
2023000477,강릉 오션시티 아이파크,51,강원,2023-10-06,2023,4,35,56030,10.49,101.7,84.9825,0.0
2023000474,일도이동 유피테르 6차,50,제주,2023-09-18,2023,3,3,32000,1.33,101.7,55.79,0.0
2023000473,오산세교2지구 A-3블록 파라곤,41,경기,2023-11-24,2023,4,89,37200,49.39,101.7,68.9425,52.0
2023000473,오산세교2지구 A-3블록 파라곤,41,경기,2023-11-24,2023,4,173,45300,61.29,101.7,84.9899,49.0
2023000473,오산세교2지구 A-3블록 파라곤,41,경기,2023-11-24,2023,4,170,45300,16.93,101.7,84.8976,34.0
2023000472,천호역 마에스트로,11,서울,2023-10-12,2023,4,11,73200,3.18,103.2,30.1316,0.0
2023000472,천호역 마에스트로,11,서울,2023-10-12,2023,4,1,87400,6.0,103.2,30.1316,0.0
2023000472,천호역 마에스트로,11,서울,2023-10-12,2023,4,7,73500,1.29,103.2,33.2328,0.0
2023000472,천호역 마에스트로,11,서울,2023-10-12,2023,4,1,85300,3.0,103.2,33.2328,0.0
2023000472,천호역 마에스트로,11,서울,2023-10-12,2023,4,11,71600,3.27,103.2,38.1851,0.0
2023000472,천호역 마에스트로,11,서울,2023-10-12,2023,4,1,86500,6.0,103.2,38.1851,0.0
2023000472,천호역 마에스트로,11,서울,2023-10-12,2023,4,6,91200,8.33,103.2,43.3253,0.0
2023000472,천호역 마에스트로,11,서울,2023-10-12,2023,4,1,129800,40.0,103.2,55.4227,0.0
2023000465,힐스테이트 관악센트씨엘,11,서울,2023-09-15,2023,3,2,87920,37.0,103.2,58.92,0.0
2023000465,힐스테이트 관악센트씨엘,11,서울,2023-09-15,2023,3,7,90080,28.0,103.2,58.9,0.0
2023000465,힐스테이트 관악센트씨엘,11,서울,2023-09-15,2023,3,1,88640,155.0,103.2,59.96,0.0
2023000465,힐스테이트 관악센트씨엘,11,서울,2023-09-15,2023,3,22,90610,67.0,103.2,59.98,0.0
2023000465,힐스테이트 관악센트씨엘,11,서울,2023-09-15,2023,3,19,90080,39.95,103.2,59.97,0.0
2023000463,월드메르디앙 송도,28,인천,2023-09-25,2023,3,13,83083,10.0,101.7,84.602,0.0
2023000463,월드메르디앙 송도,28,인천,2023-09-25,2023,3,1,83882,5.0,101.7,84.602,0.0
2023000461,광주 선운2지구 예다음(B-2블록)(본청약),29,광주,2023-09-15,2023,3,143,48144,1.33,101.7,84.9516,0.0
2023000457,보문 센트럴 아이파크,11,서울,2023-09-15,2023,3,40,111500,47.9,103.2,76.16,0.0
2023000457,보문 센트럴 아이파크,11,서울,2023-09-15,2023,3,2,99400,387.5,103.2,81.79,0.0
2023000451,더 비치 푸르지오 써밋,26,부산,2023-09-08,2023,3,19,87000,19.68,101.7,59.8917,0.0
2023000451,더 비치 푸르지오 써밋,26,부산,2023-09-08,2023,3,47,85600,13.74,101.7,59.9372,0.0
2023000451,더 비치 푸르지오 써밋,26,부산,2023-09-08,2023,3,39,87600,13.1,101.7,59.8515,0.0
2023000451,더 비치 푸르지오 써밋,26,부산,2023-09-08,2023,3,26,117100,84.15,101.7,84.9866,0.0
2023000450,문수로 금호어울림 더 퍼스트,31,울산,2023-09-08,2023,3,61,76000,1.02,101.7,84.8356,0.0
2023000445,다산 유보라 마크뷰,41,경기,2023-09-07,2023,3,12,44400,3.25,101.7,47.99,0.0
2023000445,다산 유보라 마크뷰,41,경기,2023-09-07,2023,3,15,44400,1.87,101.7,47.99,0.0
2023000445,다산 유보라 마크뷰,41,경기,2023-09-07,2023,3,30,59900,3.47,101.7,59.98,0.0
2023000445,다산 유보라 마크뷰,41,경기,2023-09-07,2023,3,23,59700,2.43,101.7,59.75,0.0
2023000445,다산 유보라 마크뷰,41,경기,2023-09-07,2023,3,7,71000,7.86,101.7,67.99,0.0
2023000444,강릉자이르네 디오션,51,강원,2023-09-22,2023,3,26,57590,22.73,101.7,84.8855,0.0
2023000444,강릉자이르네 디오션,51,강원,2023-09-22,2023,3,11,56360,39.09,101.7,84.9897,0.0
2023000444,강릉자이르네 디오션,51,강원,2023-09-22,2023,3,19,53700,5.44,101.7,84.9287,0.0
2023000444,강릉자이르네 디오션,51,강원,2023-09-22,2023,3,10,50260,5.47,101.7,84.9815,0.0
2023000443,더샵 강동센트럴시티,11,서울,2023-10-06,2023,4,14,102600,84.79,103.2,59.9958,0.0
2023000443,더샵 강동센트럴시티,11,서울,2023-10-06,2023,4,23,102600,76.91,103.2,59.994,0.0
2023000443,더샵 강동센트럴시티,11,서울,2023-10-06,2023,4,15,142640,47.67,103.2,84.9891,0.0
2023000443,더샵 강동센트럴시티,11,서울,2023-10-06,2023,4,13,142060,12.92,103.2,84.9875,0.0
2023000443,더샵 강동센트럴시티,11,서울,2023-10-06,2023,4,32,141500,21.34,103.2,84.9494,0.0
2023000441,첨단 제일풍경채 A2블록,46,전남,2023-09-15,2023,3,334,35900,1.96,101.7,59.8471,0.0
2023000441,첨단 제일풍경채 A2블록,46,전남,2023-09-15,2023,3,257,48800,11.47,101.7,84.9192,0.0
2023000441,첨단 제일풍경채 A2블록,46,전남,2023-09-15,2023,3,40,48300,4.0,101.7,84.9252,0.0
2023000433,운암산공원 우미린 리버포레,29,광주,2023-09-01,2023,3,72,47900,13.65,101.7,84.997,0.0
2023000433,운암산공원 우미린 리버포레,29,광주,2023-09-01,2023,3,32,47900,3.61,101.7,84.9976,0.0
2023000433,운암산공원 우미린 리버포레,29,광주,2023-09-01,2023,3,17,46700,2.33,101.7,84.9947,0.0
2023000433,운암산공원 우미린 리버포레,29,광주,2023-09-01,2023,3,42,46300,2.3,101.7,84.9997,0.0
2023000431,안양자이 더 포레스트,41,경기,2023-10-13,2023,4,7,54060,1.71,101.7,49.9619,0.0
2023000431,안양자이 더 포레스트,41,경기,2023-10-13,2023,4,9,53870,1.89,101.7,49.9834,0.0
2023000431,안양자이 더 포레스트,41,경기,2023-10-13,2023,4,9,54360,2.11,101.7,49.9795,0.0
2023000431,안양자이 더 포레스트,41,경기,2023-10-13,2023,4,49,69160,3.35,101.7,59.9871,0.0
2023000431,안양자이 더 포레스트,41,경기,2023-10-13,2023,4,29,69550,2.72,101.7,59.9775,0.0
2023000431,안양자이 더 포레스트,41,경기,2023-10-13,2023,4,11,68210,2.09,101.7,59.9707,0.0
2023000431,안양자이 더 포레스트,41,경기,2023-10-13,2023,4,1,74850,54.0,101.7,73.9527,0.0
2023000421,월드메르디앙 소사역 아파트,41,경기,2023-08-30,2023,3,20,41600,14.0,101.7,59.924,0.0
2023000421,월드메르디앙 소사역 아파트,41,경기,2023-08-30,2023,3,20,41600,18.0,101.7,59.924,0.0
2023000421,월드메르디앙 소사역 아파트,41,경기,2023-08-30,2023,3,20,42300,15.0,101.7,63.449,0.0
2023000415,e편한세상 강동 프레스티지원,11,서울,2023-10-13,2023,4,12,69670,17.92,103.2,44.99,0.0
2023000415,e편한세상 강동 프레스티지원,11,서울,2023-10-13,2023,4,23,72760,25.04,103.2,47.98,0.0
2023000415,e편한세상 강동 프레스티지원,11,서울,2023-10-13,2023,4,16,72880,39.44,103.2,47.98,0.0
2023000415,e편한세상 강동 프레스티지원,11,서울,2023-10-13,2023,4,1,94380,437.0,103.2,59.81,0.0
2023000415,e편한세상 강동 프레스티지원,11,서울,2023-10-13,2023,4,25,98100,112.04,103.2,59.94,0.0
2023000415,e편한세상 강동 프레스티지원,11,서울,2023-10-13,2023,4,14,98380,80.14,103.2,59.94,0.0
2023000415,e편한세상 강동 프레스티지원,11,서울,2023-10-13,2023,4,1,119700,43.0,103.2,74.8,0.0
2023000415,e편한세상 강동 프레스티지원,11,서울,2023-10-13,2023,4,7,117460,29.43,103.2,74.71,0.0
2023000415,e편한세상 강동 프레스티지원,11,서울,2023-10-13,2023,4,2,121470,73.5,103.2,74.95,0.0
2023000415,e편한세상 강동 프레스티지원,11,서울,2023-10-13,2023,4,11,119200,68.64,103.2,74.84,0.0
2023000415,e편한세상 강동 프레스티지원,11,서울,2023-10-13,2023,4,10,118300,47.1,103.2,74.96,0.0
2023000415,e편한세상 강동 프레스티지원,11,서울,2023-10-13,2023,4,1,133790,156.0,103.2,84.93,0.0
2023000415,e편한세상 강동 프레스티지원,11,서울,2023-10-13,2023,4,1,132570,44.0,103.2,84.66,0.0
2023000415,e편한세상 강동 프레스티지원,11,서울,2023-10-13,2023,4,7,136440,165.57,103.2,84.75,0.0
2023000415,e편한세상 강동 프레스티지원,11,서울,2023-10-13,2023,4,2,135200,121.5,103.2,84.96,0.0
2023000414,호반써밋 개봉,11,서울,2023-08-25,2023,3,10,59900,22.4,103.2,49.913,0.0
2023000414,호반써밋 개봉,11,서울,2023-08-25,2023,3,22,76610,27.91,103.2,59.927,0.0
2023000414,호반써밋 개봉,11,서울,2023-08-25,2023,3,19,77130,19.26,103.2,59.611,0.0
2023000414,호반써밋 개봉,11,서울,2023-08-25,2023,3,22,99860,20.77,103.2,84.787,0.0
2023000414,호반써밋 개봉,11,서울,2023-08-25,2023,3,23,99350,9.57,103.2,84.614,0.0
2023000414,호반써밋 개봉,11,서울,2023-08-25,2023,3,11,99860,4.55,103.2,84.879,0.0
2023000414,호반써밋 개봉,11,서울,2023-08-25,2023,3,2,139000,24.5,103.2,84.73,0.0
2023000409,이룸 더 시티,26,부산,2023-09-08,2023,3,7,41375,1.18,101.7,69.8372,0.0
2023000408,용인 센트레빌 그리니에,41,경기,2023-08-17,2023,3,7,76150,5.0,101.7,84.8243,0.0
2023000408,용인 센트레빌 그리니에,41,경기,2023-08-17,2023,3,10,76103,11.0,101.7,84.8951,0.0
2023000408,용인 센트레빌 그리니에,41,경기,2023-08-17,2023,3,1,93264,3.0,101.7,84.8951,0.0
2023000408,용인 센트레빌 그리니에,41,경기,2023-08-17,2023,3,5,76068,3.0,101.7,84.8243,0.0
2023000408,용인 센트레빌 그리니에,41,경기,2023-08-17,2023,3,1,93221,5.0,101.7,84.8243,0.0
2023000408,용인 센트레빌 그리니에,41,경기,2023-08-17,2023,3,7,76332,7.0,101.7,84.9905,0.0
2023000408,용인 센트레빌 그리니에,41,경기,2023-08-17,2023,3,4,71843,3.0,101.7,84.9376,0.0
2023000408,용인 센트레빌 그리니에,41,경기,2023-08-17,2023,3,1,89804,4.0,101.7,84.9376,0.0
2023000407,제일풍경채 계양 위너스카이 B블록,28,인천,2023-09-01,2023,3,101,50840,1.39,101.7,75.9981,0.0
2023000407,제일풍경채 계양 위너스카이 B블록,28,인천,2023-09-01,2023,3,18,58340,1.46,101.7,84.8179,0.0
2023000407,제일풍경채 계양 위너스카이 B블록,28,인천,2023-09-01,2023,3,105,60700,7.0,101.7,84.4461,0.0
2023000407,제일풍경채 계양 위너스카이 B블록,28,인천,2023-09-01,2023,3,2,61250,17.0,101.7,84.8081,0.0
2023000406,제일풍경채 계양 위너스카이 A블록,28,인천,2023-09-01,2023,3,50,42330,2.2,101.7,59.9777,0.0
2023000406,제일풍경채 계양 위너스카이 A블록,28,인천,2023-09-01,2023,3,16,43650,3.44,101.7,59.9712,0.0
2023000405,군산 지곡 한라비발디 2차 은파레이크뷰,52,전북,2023-08-18,2023,3,76,39890,3.4,101.7,84.5746,0.0
2023000405,군산 지곡 한라비발디 2차 은파레이크뷰,52,전북,2023-08-18,2023,3,7,56390,11.57,101.7,84.5746,0.0
2023000404,상도 푸르지오 클라베뉴,11,서울,2023-08-16,2023,3,116,103108,14.52,103.2,59.8166,0.0
2023000404,상도 푸르지오 클라베뉴,11,서울,2023-08-16,2023,3,19,102480,17.68,103.2,59.9425,0.0
2023000404,상도 푸르지오 클라베뉴,11,서울,2023-08-16,2023,3,78,126476,5.69,103.2,74.9953,0.0
2023000404,상도 푸르지오 클라베뉴,11,서울,2023-08-16,2023,3,98,139393,11.82,103.2,84.9198,0.0
2023000404,상도 푸르지오 클라베뉴,11,서울,2023-08-16,2023,3,78,135846,7.13,103.2,84.6246,0.0
2023000404,상도 푸르지오 클라베뉴,11,서울,2023-08-16,2023,3,12,136021,7.58,103.2,84.4744,0.0
2023000391,힐스테이트 첨단센트럴,46,전남,2023-08-11,2023,3,517,49900,5.36,101.7,84.9863,0.0
2023000391,힐스테이트 첨단센트럴,46,전남,2023-08-11,2023,3,94,49900,2.7,101.7,84.5671,0.0
2023000385,광산센트럴파크,29,광주,2023-08-24,2023,3,1,65900,1.4,101.7,84.9829,0.0
2023000382,래미안 라그란데,11,서울,2023-08-04,2023,3,21,74600,30.9,103.2,52.98,0.0
2023000382,래미안 라그란데,11,서울,2023-08-04,2023,3,88,81800,24.17,103.2,55.99,0.0
2023000382,래미안 라그란데,11,서울,2023-08-04,2023,3,133,88800,63.47,103.2,59.95,0.0
2023000382,래미안 라그란데,11,서울,2023-08-04,2023,3,55,87900,42.33,103.2,59.98,0.0
2023000382,래미안 라그란데,11,서울,2023-08-04,2023,3,2,87000,134.0,103.2,59.95,0.0
2023000382,래미안 라그란데,11,서울,2023-08-04,2023,3,19,98600,50.26,103.2,74.98,0.0
2023000382,래미안 라그란데,11,서울,2023-08-04,2023,3,5,97600,62.2,103.2,74.99,0.0
2023000382,래미안 라그란데,11,서울,2023-08-04,2023,3,37,95200,44.14,103.2,74.99,0.0
2023000382,래미안 라그란데,11,서울,2023-08-04,2023,3,70,109900,110.93,103.2,84.97,0.0
2023000382,래미안 라그란데,11,서울,2023-08-04,2023,3,18,107800,63.94,103.2,84.99,0.0
2023000382,래미안 라그란데,11,서울,2023-08-04,2023,3,3,109900,194.33,103.2,84.97,0.0
2023000381,광명 소하 신원아침도시2,41,경기,2023-08-18,2023,3,3,47870,1.0,101.7,49.85,0.0
2023000381,광명 소하 신원아침도시2,41,경기,2023-08-18,2023,3,15,64528,11.8,101.7,59.99,0.0
2023000381,광명 소하 신원아침도시2,41,경기,2023-08-18,2023,3,19,65414,1.05,101.7,59.99,0.0
2023000381,광명 소하 신원아침도시2,41,경기,2023-08-18,2023,3,2,80128,36.0,101.7,76.61,0.0
2023000381,광명 소하 신원아침도시2,41,경기,2023-08-18,2023,3,1,84109,3.0,101.7,76.15,0.0
2023000380,광명 소하 신원아침도시1,41,경기,2023-08-18,2023,3,7,56040,1.29,101.7,54.62,0.0
2023000380,광명 소하 신원아침도시1,41,경기,2023-08-18,2023,3,9,64474,2.44,101.7,59.92,0.0
2023000380,광명 소하 신원아침도시1,41,경기,2023-08-18,2023,3,1,59572,2.0,101.7,59.92,0.0
2023000370,힐스테이트 신용 더리버,29,광주,2023-08-08,2023,3,5,63830,10.6,101.7,74.98,0.0
2023000370,힐스테이트 신용 더리버,29,광주,2023-08-08,2023,3,3,75920,80.33,101.7,84.99,0.0
2023000370,힐스테이트 신용 더리버,29,광주,2023-08-08,2023,3,3,78830,49.33,101.7,84.94,0.0
2023000370,힐스테이트 신용 더리버,29,광주,2023-08-08,2023,3,1,73370,20.0,101.7,84.6,0.0
2023000370,힐스테이트 신용 더리버,29,광주,2023-08-08,2023,3,2,73940,16.0,101.7,84.77,0.0
2023000367,원주자이 센트로,51,강원,2023-07-28,2023,3,236,44800,4.35,101.7,84.9932,0.0
2023000359,검단신도시 롯데캐슬 넥스티엘,28,인천,2023-09-22,2023,3,55,58770,271.96,101.7,84.8168,64.0
2023000359,검단신도시 롯데캐슬 넥스티엘,28,인천,2023-09-22,2023,3,12,58770,216.17,101.7,84.8448,65.0
2023000359,검단신도시 롯데캐슬 넥스티엘,28,인천,2023-09-22,2023,3,42,58480,171.33,101.7,84.2301,62.0
2023000359,검단신도시 롯데캐슬 넥스티엘,28,인천,2023-09-22,2023,3,20,57890,145.0,101.7,84.9956,60.0
2023000358,수유 시그니티,11,서울,2023-07-28,2023,3,8,28600,1.38,103.2,22.1,0.0
2023000358,수유 시그니티,11,서울,2023-07-28,2023,3,8,46400,1.38,103.2,35.8001,0.0
2023000358,수유 시그니티,11,서울,2023-07-28,2023,3,8,63400,4.38,103.2,48.5913,0.0
2023000351,위파크 더 센트럴,29,광주,2023-08-04,2023,3,76,67590,6.19,101.7,84.9441,0.0
2023000351,위파크 더 센트럴,29,광주,2023-08-04,2023,3,154,67330,4.12,101.7,84.7121,0.0
2023000347,효성해링턴 플레이스 목감역,41,경기,2023-07-27,2023,3,14,63120,8.0,101.7,71.021,0.0
2023000343,강동 중앙하이츠 시티,11,서울,2023-07-14,2023,3,5,75580,6.8,103.2,44.0651,0.0
2023000343,강동 중앙하이츠 시티,11,서울,2023-07-14,2023,3,4,77020,3.0,103.2,44.2781,0.0
2023000343,강동 중앙하이츠 시티,11,서울,2023-07-14,2023,3,6,82040,3.17,103.2,46.6786,0.0
2023000343,강동 중앙하이츠 시티,11,서울,2023-07-14,2023,3,2,72020,5.67,103.2,46.6786,0.0
2023000343,강동 중앙하이츠 시티,11,서울,2023-07-14,2023,3,6,78000,8.67,103.2,49.8697,0.0
2023000343,강동 중앙하이츠 시티,11,서울,2023-07-14,2023,3,5,87540,7.4,103.2,49.8917,0.0
2023000343,강동 중앙하이츠 시티,11,서울,2023-07-14,2023,3,2,76220,19.5,103.2,49.8917,0.0
2023000340,포레나 인천학익,28,인천,2023-07-28,2023,3,5,54800,1.2,101.7,74.854,0.0
2023000338,평택 고덕국제신도시 A-49블록 호반써밋 3차(본청약),41,경기,2023-07-21,2023,3,35,50980,439.29,101.7,84.9339,64.0
2023000338,평택 고덕국제신도시 A-49블록 호반써밋 3차(본청약),41,경기,2023-07-21,2023,3,22,50610,264.25,101.7,84.8687,62.0
2023000338,평택 고덕국제신도시 A-49블록 호반써밋 3차(본청약),41,경기,2023-07-21,2023,3,22,49610,195.75,101.7,84.52,57.0
2023000337,힐스테이트 속초,51,강원,2023-07-21,2023,3,253,58247,3.06,101.7,84.2107,0.0
2023000337,힐스테이트 속초,51,강원,2023-07-21,2023,3,87,56416,6.33,101.7,84.1709,0.0
2023000336,가양동 다우갤러리 휴리움,30,대전,2023-07-07,2023,3,5,44870,1.8,101.7,78.2112,0.0
2023000330,둔산 자이 아이파크,30,대전,2023-08-18,2023,3,13,53200,56.08,101.7,59.99,0.0
2023000330,둔산 자이 아이파크,30,대전,2023-08-18,2023,3,60,49200,34.03,101.7,59.99,0.0
2023000330,둔산 자이 아이파크,30,대전,2023-08-18,2023,3,75,59800,23.55,101.7,76.99,0.0
2023000330,둔산 자이 아이파크,30,대전,2023-08-18,2023,3,209,69900,81.84,101.7,84.99,0.0
2023000330,둔산 자이 아이파크,30,대전,2023-08-18,2023,3,68,66500,29.16,101.7,84.99,0.0
2023000330,둔산 자이 아이파크,30,대전,2023-08-18,2023,3,109,68900,43.1,101.7,84.99,0.0
2023000330,둔산 자이 아이파크,30,대전,2023-08-18,2023,3,75,69900,54.12,101.7,84.99,0.0
2023000330,둔산 자이 아이파크,30,대전,2023-08-18,2023,3,41,67200,29.39,101.7,84.99,0.0
2023000330,둔산 자이 아이파크,30,대전,2023-08-18,2023,3,35,68900,30.46,101.7,84.99,0.0
2023000324,용산 호반써밋 에이디션,11,서울,2023-07-14,2023,3,11,163120,524.64,103.2,84.2287,0.0
2023000324,용산 호반써밋 에이디션,11,서울,2023-07-14,2023,3,11,163390,284.27,103.2,84.2753,0.0
2023000324,용산 호반써밋 에이디션,11,서울,2023-07-14,2023,3,15,204280,51.33,103.2,105.7501,0.0
2023000324,용산 호반써밋 에이디션,11,서울,2023-07-14,2023,3,18,207070,27.0,103.2,105.6071,0.0
2023000324,용산 호반써밋 에이디션,11,서울,2023-07-14,2023,3,10,252990,42.1,103.2,122.8014,0.0
2023000319,춘천 레이크시티 아이파크,51,강원,2023-07-07,2023,3,108,40720,15.11,101.7,63.0124,0.0
2023000319,춘천 레이크시티 아이파크,51,강원,2023-07-07,2023,3,48,46940,8.53,101.7,76.2801,0.0
2023000319,춘천 레이크시티 아이파크,51,강원,2023-07-07,2023,3,170,53750,24.47,101.7,84.338,0.0
2023000319,춘천 레이크시티 아이파크,51,강원,2023-07-07,2023,3,85,53690,41.79,101.7,84.4653,0.0
2023000319,춘천 레이크시티 아이파크,51,강원,2023-07-07,2023,3,18,53510,23.83,101.7,84.777,0.0
2023000312,에코시티 한양수자인 디에스틴 주상복합,52,전북,2023-07-14,2023,3,18,45760,151.67,101.7,84.9779,0.0
2023000312,에코시티 한양수자인 디에스틴 주상복합,52,전북,2023-07-14,2023,3,74,45360,67.59,101.7,84.9922,0.0
2023000312,에코시티 한양수자인 디에스틴 주상복합,52,전북,2023-07-14,2023,3,18,45620,56.0,101.7,84.9834,0.0
2023000311,청계 SK VIEW,11,서울,2023-08-09,2023,3,13,96420,157.0,103.2,59.8109,0.0
2023000311,청계 SK VIEW,11,서울,2023-08-09,2023,3,27,95910,114.59,103.2,59.8279,0.0
2023000311,청계 SK VIEW,11,서울,2023-08-09,2023,3,16,96990,126.75,103.2,59.8788,0.0
2023000311,청계 SK VIEW,11,서울,2023-08-09,2023,3,1,134178,1036.0,103.2,84.8124,0.0
2023000307,이천중리B2-BL 우미린 트리쉐이드,41,경기,2023-07-20,2023,3,219,47960,3.81,101.7,84.6356,0.0
2023000307,이천중리B2-BL 우미린 트리쉐이드,41,경기,2023-07-20,2023,3,72,47840,1.82,101.7,84.6374,0.0
2023000307,이천중리B2-BL 우미린 트리쉐이드,41,경기,2023-07-20,2023,3,55,46480,5.41,101.7,84.5367,0.0
2023000303,광명 센트럴 아이파크,41,경기,2023-07-21,2023,3,54,51800,39.0,101.7,39.939,0.0
2023000303,광명 센트럴 아이파크,41,경기,2023-07-21,2023,3,95,67700,1.43,101.7,49.348,0.0
2023000303,광명 센트럴 아이파크,41,경기,2023-07-21,2023,3,8,89900,6.0,101.7,59.9811,0.0
2023000303,광명 센트럴 아이파크,41,경기,2023-07-21,2023,3,12,83000,8.67,101.7,59.982,0.0
2023000303,광명 센트럴 아이파크,41,경기,2023-07-21,2023,3,18,109900,3.39,101.7,75.466,0.0
2023000303,광명 센트럴 아이파크,41,경기,2023-07-21,2023,3,5,109800,1.2,101.7,75.466,0.0
2023000303,광명 센트럴 아이파크,41,경기,2023-07-21,2023,3,24,127200,3.67,101.7,84.941,0.0
2023000303,광명 센트럴 아이파크,41,경기,2023-07-21,2023,3,5,121900,2.0,101.7,84.915,0.0
2023000289,시흥 롯데캐슬 시그니처 2블록,41,경기,2023-06-30,2023,2,242,71300,2.43,101.7,84.8882,0.0
2023000289,시흥 롯데캐슬 시그니처 2블록,41,경기,2023-06-30,2023,2,72,70600,2.81,101.7,84.8493,0.0
2023000288,시흥 롯데캐슬 시그니처 1블록,41,경기,2023-06-30,2023,2,330,72500,2.72,101.7,84.8882,0.0
2023000288,시흥 롯데캐슬 시그니처 1블록,41,경기,2023-06-30,2023,2,157,72500,16.0,101.7,84.9831,0.0
2023000288,시흥 롯데캐슬 시그니처 1블록,41,경기,2023-06-30,2023,2,135,71800,1.35,101.7,84.8493,0.0
2023000287,대연 디아이엘,26,부산,2023-06-30,2023,2,296,62363,9.34,101.7,59.953,0.0
2023000287,대연 디아이엘,26,부산,2023-06-30,2023,2,116,61473,11.8,101.7,59.765,0.0
2023000287,대연 디아이엘,26,부산,2023-06-30,2023,2,528,82697,13.81,101.7,84.9812,0.0
2023000287,대연 디아이엘,26,부산,2023-06-30,2023,2,249,81271,21.3,101.7,84.8319,0.0
2023000284,e편한세상 원주 프리모원(1회차),51,강원,2023-07-13,2023,3,43,33450,2.78,101.7,59.9875,0.0
2023000284,e편한세상 원주 프리모원(1회차),51,강원,2023-07-13,2023,3,97,38140,1.58,101.7,74.5117,0.0
2023000284,e편한세상 원주 프리모원(1회차),51,강원,2023-07-13,2023,3,11,38140,1.71,101.7,74.9929,0.0
2023000282,둔촌 현대수린나,11,서울,2023-06-30,2023,2,5,67200,31.6,103.2,66.9262,0.0
2023000282,둔촌 현대수린나,11,서울,2023-06-30,2023,2,3,70300,19.33,103.2,73.0597,0.0
2023000282,둔촌 현대수린나,11,서울,2023-06-30,2023,2,1,75800,41.0,103.2,76.6086,0.0
2023000282,둔촌 현대수린나,11,서울,2023-06-30,2023,2,9,87300,23.33,103.2,84.8282,0.0
2023000281,청량리 롯데캐슬 하이루체,11,서울,2023-06-30,2023,2,31,72800,94.1,103.2,51.4261,0.0
2023000281,청량리 롯데캐슬 하이루체,11,서울,2023-06-30,2023,2,20,82800,234.75,103.2,59.9753,0.0
2023000281,청량리 롯데캐슬 하이루체,11,서울,2023-06-30,2023,2,37,84700,229.57,103.2,59.9314,0.0
2023000277,고창 광신프로그레스,52,전북,2023-10-13,2023,4,41,35154,9.68,101.7,84.935,0.0
2023000277,고창 광신프로그레스,52,전북,2023-10-13,2023,4,58,34907,1.58,101.7,84.5742,0.0
2023000277,고창 광신프로그레스,52,전북,2023-10-13,2023,4,10,35063,3.36,101.7,84.7746,0.0
2023000267,월명공원 한라비발디 온더파크,43,충북,2023-06-23,2023,2,76,37050,1.0,101.7,76.74,0.0
2023000267,월명공원 한라비발디 온더파크,43,충북,2023-06-23,2023,2,145,40690,2.78,101.7,84.81,0.0
2023000267,월명공원 한라비발디 온더파크,43,충북,2023-06-23,2023,2,27,40280,2.65,101.7,84.97,0.0
2023000259,더샵 신문그리니티,48,경남,2023-07-06,2023,3,182,48190,5.28,101.7,84.6801,0.0
2023000259,더샵 신문그리니티,48,경남,2023-07-06,2023,3,72,47100,1.42,101.7,84.933,0.0
2023000257,해운대 경동리인뷰 2차,26,부산,2023-06-22,2023,2,55,98700,3.8,101.7,69.9102,0.0
2023000257,해운대 경동리인뷰 2차,26,부산,2023-06-22,2023,2,111,118300,5.96,101.7,84.9773,0.0
2023000257,해운대 경동리인뷰 2차,26,부산,2023-06-22,2023,2,16,117700,12.0,101.7,84.9646,0.0
2023000257,해운대 경동리인뷰 2차,26,부산,2023-06-22,2023,2,60,117900,1.15,101.7,84.4354,0.0
2023000257,해운대 경동리인뷰 2차,26,부산,2023-06-22,2023,2,21,98100,5.0,101.7,84.5189,0.0
2023000257,해운대 경동리인뷰 2차,26,부산,2023-06-22,2023,2,16,116800,6.14,101.7,84.6226,0.0
2023000257,해운대 경동리인뷰 2차,26,부산,2023-06-22,2023,2,1,76000,31.0,101.7,84.9773,0.0
2023000255,서울대벤처타운역 푸르지오,11,서울,2023-06-22,2023,2,14,65890,22.79,103.2,51.9836,0.0
2023000255,서울대벤처타운역 푸르지오,11,서울,2023-06-22,2023,2,23,75230,44.3,103.2,59.9854,0.0
2023000255,서울대벤처타운역 푸르지오,11,서울,2023-06-22,2023,2,2,85370,68.0,103.2,74.9266,0.0
2023000255,서울대벤처타운역 푸르지오,11,서울,2023-06-22,2023,2,38,102950,14.39,103.2,84.9843,0.0
2023000255,서울대벤처타운역 푸르지오,11,서울,2023-06-22,2023,2,22,101200,8.73,103.2,84.9828,0.0
2023000240,서희스타힐스 스타디움센트럴씨티,28,인천,2023-07-03,2023,3,7,34916,10.29,101.7,59.9321,0.0
2023000240,서희스타힐스 스타디움센트럴씨티,28,인천,2023-07-03,2023,3,2,33552,4.0,101.7,59.9894,0.0
2023000240,서희스타힐스 스타디움센트럴씨티,28,인천,2023-07-03,2023,3,3,44038,30.33,101.7,84.9171,0.0
2023000240,서희스타힐스 스타디움센트럴씨티,28,인천,2023-07-03,2023,3,1,43800,13.0,101.7,84.9597,0.0
2023000232,지제역 반도체밸리 제일풍경채 2블록,41,경기,2023-06-05,2023,2,413,47800,289.0,101.7,84.9556,0.0
2023000232,지제역 반도체밸리 제일풍경채 2블록,41,경기,2023-06-05,2023,2,83,47800,64.0,101.7,84.9484,0.0
2023000230,롯데캐슬 이스트폴,11,서울,2023-07-21,2023,3,45,113000,244.04,103.2,74.92,0.0
2023000230,롯데캐슬 이스트폴,11,서울,2023-07-21,2023,3,98,149000,112.31,103.2,84.86,0.0
2023000230,롯데캐슬 이스트폴,11,서울,2023-07-21,2023,3,23,146000,75.3,103.2,84.73,0.0
2023000230,롯데캐슬 이스트폴,11,서울,2023-07-21,2023,3,8,132000,115.38,103.2,84.86,0.0
2023000230,롯데캐슬 이스트폴,11,서울,2023-07-21,2023,3,8,132000,82.5,103.2,84.86,0.0
2023000228,교대역 모아엘가 그랑데,29,광주,2023-06-02,2023,2,8,51500,5.45,101.7,59.8653,0.0
2023000228,교대역 모아엘가 그랑데,29,광주,2023-06-02,2023,2,24,50800,2.33,101.7,59.7791,0.0
2023000228,교대역 모아엘가 그랑데,29,광주,2023-06-02,2023,2,41,63300,2.43,101.7,74.9557,0.0
2023000228,교대역 모아엘가 그랑데,29,광주,2023-06-02,2023,2,98,71000,32.85,101.7,84.838,0.0
2023000228,교대역 모아엘가 그랑데,29,광주,2023-06-02,2023,2,72,70600,4.14,101.7,84.9236,0.0
2023000226,힐스테이트 자이 아산센텀,44,충남,2023-06-02,2023,2,22,37900,11.13,101.7,74.5587,0.0
2023000226,힐스테이트 자이 아산센텀,44,충남,2023-06-02,2023,2,25,37200,2.49,101.7,74.9657,0.0
2023000226,힐스테이트 자이 아산센텀,44,충남,2023-06-02,2023,2,98,44200,28.47,101.7,84.7898,0.0
2023000226,힐스테이트 자이 아산센텀,44,충남,2023-06-02,2023,2,104,43200,3.49,101.7,84.8623,0.0
2023000224,평택 브레인시티 2BL 대광로제비앙 모아엘가,41,경기,2023-06-30,2023,2,98,36900,16.2,101.7,59.9621,33.0
2023000224,평택 브레인시티 2BL 대광로제비앙 모아엘가,41,경기,2023-06-30,2023,2,318,51940,2.96,101.7,84.9991,25.0
2023000218,양양 금호어울림 더퍼스트,51,강원,2023-06-08,2023,2,27,30510,1.38,101.7,59.9957,0.0
2023000218,양양 금호어울림 더퍼스트,51,강원,2023-06-08,2023,2,62,42650,7.6,101.7,84.976,0.0
2023000214,더퍼스트 데시앙,29,광주,2023-06-09,2023,2,8,61140,1.17,101.7,84.9271,0.0
2023000211,인천 검단신도시 AB19블럭 호반써밋(본청약),28,인천,2023-06-15,2023,2,127,49860,96.16,101.7,84.6407,53.0
2023000211,인천 검단신도시 AB19블럭 호반써밋(본청약),28,인천,2023-06-15,2023,2,46,48340,32.13,101.7,84.6346,38.0
2023000211,인천 검단신도시 AB19블럭 호반써밋(본청약),28,인천,2023-06-15,2023,2,50,49180,38.14,101.7,84.6771,42.0
2023000202,힐스테이트 모종 블랑루체,44,충남,2023-06-16,2023,2,305,43750,1.06,101.7,84.9752,0.0
2023000201,인덕원 퍼스비엘,41,경기,2023-05-19,2023,2,112,56400,2.88,101.7,49.6,0.0
2023000201,인덕원 퍼스비엘,41,경기,2023-05-19,2023,2,50,54300,28.0,101.7,49.4,0.0
2023000201,인덕원 퍼스비엘,41,경기,2023-05-19,2023,2,43,78000,2.05,101.7,59.44,0.0
2023000201,인덕원 퍼스비엘,41,경기,2023-05-19,2023,2,72,77100,1.38,101.7,59.5,0.0
2023000201,인덕원 퍼스비엘,41,경기,2023-05-19,2023,2,6,92300,2.1,101.7,74.76,0.0
2023000201,인덕원 퍼스비엘,41,경기,2023-05-19,2023,2,14,107900,8.29,101.7,84.55,0.0
2023000195,상무센트럴자이,29,광주,2023-05-26,2023,2,100,92800,39.55,101.7,84.97,0.0
2023000195,상무센트럴자이,29,광주,2023-05-26,2023,2,24,89900,8.93,101.7,84.99,0.0
2023000195,상무센트럴자이,29,광주,2023-05-26,2023,2,89,92900,9.02,101.7,84.97,0.0
2023000195,상무센트럴자이,29,광주,2023-05-26,2023,2,4,89900,16.6,101.7,84.96,0.0
2023000194,해피투모로우 쥬디원,26,부산,2023-06-09,2023,2,1,39990,2.0,101.7,62.6322,0.0
2023000189,DMC 가재울 아이파크,11,서울,2023-05-26,2023,2,11,88230,80.82,103.2,59.846,0.0
2023000189,DMC 가재울 아이파크,11,서울,2023-05-26,2023,2,41,88280,59.49,103.2,59.8287,0.0
2023000178,신영지웰 푸르지오 테크노폴리스 센트럴,43,충북,2023-04-28,2023,2,49,41700,241.96,101.7,84.9243,0.0
2023000178,신영지웰 푸르지오 테크노폴리스 센트럴,43,충북,2023-04-28,2023,2,27,41500,123.41,101.7,84.7367,0.0
2023000178,신영지웰 푸르지오 테크노폴리스 센트럴,43,충북,2023-04-28,2023,2,27,41100,89.19,101.7,84.8902,0.0
2023000177,미추홀 루브루 숭의,28,인천,2023-05-04,2023,2,1,26650,3.0,101.7,46.548,0.0
2023000174,새절역 두산위브 트레지움,11,서울,2023-05-03,2023,2,20,67980,148.8,103.2,59.97,0.0
2023000174,새절역 두산위브 트레지움,11,서울,2023-05-03,2023,2,1,71560,358.0,103.2,59.97,0.0
2023000174,새절역 두산위브 트레지움,11,서울,2023-05-03,2023,2,10,78830,33.7,103.2,76.81,0.0
2023000174,새절역 두산위브 트레지움,11,서울,2023-05-03,2023,2,24,88500,38.13,103.2,84.98,0.0
2023000174,새절역 두산위브 트레지움,11,서울,2023-05-03,2023,2,31,86430,26.84,103.2,84.96,0.0
2023000174,새절역 두산위브 트레지움,11,서울,2023-05-03,2023,2,29,86600,30.0,103.2,84.99,0.0
2023000174,새절역 두산위브 트레지움,11,서울,2023-05-03,2023,2,1,99340,84.0,103.2,84.98,0.0
2023000174,새절역 두산위브 트레지움,11,서울,2023-05-03,2023,2,2,95180,20.0,103.2,84.96,0.0
2023000174,새절역 두산위브 트레지움,11,서울,2023-05-03,2023,2,3,96810,51.33,103.2,84.99,0.0
2023000165,시흥 센트럴 헤센,41,경기,2023-05-04,2023,2,6,45000,4.0,101.7,59.9932,0.0
2023000165,시흥 센트럴 헤센,41,경기,2023-05-04,2023,2,2,59000,2.0,101.7,84.9692,0.0
2023000164,인천 신흥동 3가 숭의역 엘크루(조합원취소분),28,인천,2023-04-24,2023,2,3,37773,3.0,101.7,59.1269,0.0
2023000161,부산에코델타시티 디에트르 더 퍼스트(28BL),26,부산,2023-05-12,2023,2,28,82770,5.13,101.7,84.9944,0.0
2023000160,군산 한라비발디 더프라임,52,전북,2023-04-28,2023,2,155,38880,2.57,101.7,84.8546,0.0
2023000159,롯데캐슬 인피니엘,26,부산,2023-04-28,2023,2,5,43080,1.6,101.7,36.2022,0.0
2023000159,롯데캐슬 인피니엘,26,부산,2023-04-28,2023,2,2,43080,1.0,101.7,36.2022,0.0
2023000159,롯데캐슬 인피니엘,26,부산,2023-04-28,2023,2,6,79620,15.17,101.7,84.9524,0.0
2023000158,광명자이더샵포레나,41,경기,2023-04-24,2023,2,155,45600,105.0,101.7,39.9757,0.0
2023000158,광명자이더샵포레나,41,경기,2023-04-24,2023,2,1,50280,5.0,101.7,49.8113,0.0
2023000158,광명자이더샵포레나,41,경기,2023-04-24,2023,2,200,59550,94.0,101.7,49.8336,0.0
2023000158,광명자이더샵포레나,41,경기,2023-04-24,2023,2,12,87830,8.33,101.7,74.9477,0.0
2023000158,광명자이더샵포레나,41,경기,2023-04-24,2023,2,2,98290,31.5,101.7,84.8214,0.0
2023000158,광명자이더샵포레나,41,경기,2023-04-24,2023,2,34,104550,2.38,101.7,84.519,0.0
2023000149,해링턴 플레이스 다산파크,41,경기,2023-04-21,2023,2,116,75040,2.09,101.7,84.8891,0.0
2023000149,해링턴 플레이스 다산파크,41,경기,2023-04-21,2023,2,57,73545,27.0,101.7,84.8398,0.0
2023000149,해링턴 플레이스 다산파크,41,경기,2023-04-21,2023,2,2,86207,35.0,101.7,84.918,0.0
2023000145,엘리프 미아역 2단지,11,서울,2023-04-13,2023,2,6,63143,3.17,103.2,49.684,0.0
2023000145,엘리프 미아역 2단지,11,서울,2023-04-13,2023,2,9,77623,2.89,103.2,59.856,0.0
2023000145,엘리프 미아역 2단지,11,서울,2023-04-13,2023,2,9,79258,1.9,103.2,59.918,0.0
2023000145,엘리프 미아역 2단지,11,서울,2023-04-13,2023,2,11,79356,2.27,103.2,59.992,0.0
2023000145,엘리프 미아역 2단지,11,서울,2023-04-13,2023,2,9,97041,3.0,103.2,74.829,0.0
2023000145,엘리프 미아역 2단지,11,서울,2023-04-13,2023,2,9,114263,1.78,103.2,84.72,0.0
2023000144,엘리프 미아역 1단지,11,서울,2023-04-13,2023,2,10,76523,2.8,103.2,59.651,0.0
2023000144,엘리프 미아역 1단지,11,서울,2023-04-13,2023,2,8,78506,3.25,103.2,59.997,0.0
2023000144,엘리프 미아역 1단지,11,서울,2023-04-13,2023,2,9,78412,1.78,103.2,59.925,0.0
2023000144,엘리프 미아역 1단지,11,서울,2023-04-13,2023,2,9,96166,1.89,103.2,74.963,0.0
2023000141,해링턴 플레이스 테크노폴리스,43,충북,2023-04-21,2023,2,32,43780,30.25,101.7,84.7076,0.0
2023000141,해링턴 플레이스 테크노폴리스,43,충북,2023-04-21,2023,2,11,39880,14.11,101.7,84.9707,0.0
2023000141,해링턴 플레이스 테크노폴리스,43,충북,2023-04-21,2023,2,24,44270,150.08,101.7,84.9471,0.0
2023000141,해링턴 플레이스 테크노폴리스,43,충북,2023-04-21,2023,2,24,43460,36.33,101.7,84.9832,0.0
2023000141,해링턴 플레이스 테크노폴리스,43,충북,2023-04-21,2023,2,24,39720,26.33,101.7,84.6047,0.0
2023000139,e편한세상 용인역 플랫폼시티,41,경기,2023-04-20,2023,2,50,100400,13.22,101.7,59.809,0.0
2023000139,e편한세상 용인역 플랫폼시티,41,경기,2023-04-20,2023,2,8,76900,21.13,101.7,59.9257,0.0
2023000139,e편한세상 용인역 플랫폼시티,41,경기,2023-04-20,2023,2,3,80000,15.0,101.7,59.9774,0.0
2023000139,e편한세상 용인역 플랫폼시티,41,경기,2023-04-20,2023,2,73,105900,1.82,101.7,74.9589,0.0
2023000139,e편한세상 용인역 플랫폼시티,41,경기,2023-04-20,2023,2,228,123500,1.71,101.7,84.9954,0.0
2023000139,e편한세상 용인역 플랫폼시티,41,경기,2023-04-20,2023,2,47,120100,1.72,101.7,84.8903,0.0
2023000139,e편한세상 용인역 플랫폼시티,41,경기,2023-04-20,2023,2,8,121000,3.0,101.7,84.7796,0.0
2023000139,e편한세상 용인역 플랫폼시티,41,경기,2023-04-20,2023,2,2,109300,24.0,101.7,84.8945,0.0
2023000139,e편한세상 용인역 플랫폼시티,41,경기,2023-04-20,2023,2,2,106000,11.0,101.7,84.8148,0.0
2023000129,시화MTV 푸르지오 디오션,41,경기,2023-04-28,2023,2,74,41600,17.47,101.7,78.9525,45.0
2023000128,청주 테크노폴리스 A9BL 힐데스하임,43,충북,2023-04-07,2023,2,52,38900,40.94,101.7,84.94,0.0
2023000128,청주 테크노폴리스 A9BL 힐데스하임,43,충북,2023-04-07,2023,2,20,38900,37.5,101.7,84.99,0.0
2023000128,청주 테크노폴리스 A9BL 힐데스하임,43,충북,2023-04-07,2023,2,17,38900,63.0,101.7,84.96,0.0
2023000117,에코델타시티 대성베르힐 17BL,26,부산,2023-04-07,2023,2,130,52000,3.47,101.7,84.953,0.0
2023000117,에코델타시티 대성베르힐 17BL,26,부산,2023-04-07,2023,2,59,51500,1.42,101.7,84.428,0.0
2023000117,에코델타시티 대성베르힐 17BL,26,부산,2023-04-07,2023,2,36,52500,27.81,101.7,84.9866,0.0
2023000117,에코델타시티 대성베르힐 17BL,26,부산,2023-04-07,2023,2,118,52730,1.8,101.7,84.953,0.0
2023000117,에코델타시티 대성베르힐 17BL,26,부산,2023-04-07,2023,2,3,52400,13.0,101.7,84.953,0.0
2023000114,중앙하이츠 금광프리미엄 아파트,41,경기,2023-05-02,2023,2,8,67876,1.38,101.7,61.3252,0.0
2023000114,중앙하이츠 금광프리미엄 아파트,41,경기,2023-05-02,2023,2,1,59788,4.0,101.7,62.2785,0.0
2023000114,중앙하이츠 금광프리미엄 아파트,41,경기,2023-05-02,2023,2,6,62864,2.17,101.7,68.4773,0.0
2023000107,동탄신도시 금강펜테리움 6차 센트럴파크(A59블럭),41,경기,2023-04-07,2023,2,131,48660,54.19,101.7,84.7576,48.0
2023000107,동탄신도시 금강펜테리움 6차 센트럴파크(A59블럭),41,경기,2023-04-07,2023,2,139,49180,43.46,101.7,84.9856,46.0
2023000104,e편한세상 봉선 셀레스티지,29,광주,2023-03-31,2023,1,21,72400,15.57,101.7,84.9995,0.0
2023000104,e편한세상 봉선 셀레스티지,29,광주,2023-03-31,2023,1,15,69700,2.58,101.7,84.9925,0.0
2023000100,운정자이 시그니처,41,경기,2023-05-26,2023,2,42,47160,462.38,101.7,74.9097,68.0
2023000100,운정자이 시그니처,41,경기,2023-05-26,2023,2,53,46230,164.18,101.7,74.9707,61.0
2023000100,운정자이 시그니처,41,경기,2023-05-26,2023,2,14,53980,1185.67,101.7,84.9787,74.0
2023000100,운정자이 시그니처,41,경기,2023-05-26,2023,2,55,52130,307.36,101.7,84.9894,60.0
2023000100,운정자이 시그니처,41,경기,2023-05-26,2023,2,34,53790,196.71,101.7,84.9693,68.0
2023000100,운정자이 시그니처,41,경기,2023-05-26,2023,2,5,49430,195.0,101.7,84.9894,60.0
2023000100,운정자이 시그니처,41,경기,2023-05-26,2023,2,1,56100,165.0,101.7,84.9769,0.0
2023000088,파주 운정신도시 디에트르 센트럴,41,경기,2023-03-30,2023,1,28,56978,12.63,101.7,84.9671,35.0
2023000088,파주 운정신도시 디에트르 센트럴,41,경기,2023-03-30,2023,1,17,54021,4.67,101.7,84.9875,28.0
2023000088,파주 운정신도시 디에트르 센트럴,41,경기,2023-03-30,2023,1,31,52155,3.38,101.7,84.9951,25.0
2023000085,해운대역 푸르지오 더원,26,부산,2023-03-17,2023,1,18,78800,6.06,101.7,59.9721,0.0
2023000085,해운대역 푸르지오 더원,26,부산,2023-03-17,2023,1,18,81800,4.61,101.7,59.9435,0.0
2023000085,해운대역 푸르지오 더원,26,부산,2023-03-17,2023,1,75,87650,1.8,101.7,74.9996,0.0
2023000085,해운대역 푸르지오 더원,26,부산,2023-03-17,2023,1,53,95970,8.54,101.7,84.9322,0.0
2023000078,효성해링턴 플레이스 제주,50,제주,2023-06-22,2023,2,12,77280,1.42,101.7,76.1233,0.0
2023000072,정읍 푸르지오 더 퍼스트,52,전북,2023-03-10,2023,1,106,38400,1.09,101.7,84.9067,0.0
2023000072,정읍 푸르지오 더 퍼스트,52,전북,2023-03-10,2023,1,17,38100,1.26,101.7,84.9413,0.0
2023000072,정읍 푸르지오 더 퍼스트,52,전북,2023-03-10,2023,1,133,38500,1.29,101.7,84.9263,0.0
2023000069,두산위브더제니스 오션시티,26,부산,2023-03-17,2023,1,16,47900,2.75,101.7,59.78,0.0
2023000069,두산위브더제니스 오션시티,26,부산,2023-03-17,2023,1,233,59900,1.03,101.7,84.9746,0.0
2023000067,휘경자이 디센시아,11,서울,2023-03-24,2023,1,10,41300,63.8,103.2,39.83,0.0
2023000067,휘경자이 디센시아,11,서울,2023-03-24,2023,1,36,77700,63.75,103.2,59.93,0.0
2023000067,휘경자이 디센시아,11,서울,2023-03-24,2023,1,117,76100,26.22,103.2,59.96,0.0
2023000067,휘경자이 디센시아,11,서울,2023-03-24,2023,1,16,77300,24.81,103.2,59.99,0.0
2023000067,휘경자이 디센시아,11,서울,2023-03-24,2023,1,118,76800,22.82,103.2,59.98,0.0
2023000067,휘경자이 디센시아,11,서울,2023-03-24,2023,1,12,97600,154.08,103.2,84.97,0.0
2023000067,휘경자이 디센시아,11,서울,2023-03-24,2023,1,20,96000,67.3,103.2,84.99,0.0
2023000060,위파크 마륵공원,29,광주,2023-03-03,2023,1,187,53360,15.85,101.7,84.9087,0.0
2023000060,위파크 마륵공원,29,광주,2023-03-03,2023,1,80,51350,3.13,101.7,84.9095,0.0
2023000060,위파크 마륵공원,29,광주,2023-03-03,2023,1,24,49360,3.14,101.7,84.9031,0.0
2023000060,위파크 마륵공원,29,광주,2023-03-03,2023,1,58,52240,22.59,101.7,84.9112,0.0
2023000053,검단신도시 금강펜테리움 3차 센트럴파크,28,인천,2023-03-02,2023,1,144,43900,1.23,101.7,74.9594,0.0
2023000053,검단신도시 금강펜테리움 3차 센트럴파크,28,인천,2023-03-02,2023,1,45,48300,6.61,101.7,84.6955,35.0
2023000053,검단신도시 금강펜테리움 3차 센트럴파크,28,인천,2023-03-02,2023,1,86,48600,10.6,101.7,84.6871,38.0
2023000052,센트레빌 아스테리움 시그니처,11,서울,2023-02-27,2023,1,91,65329,7.78,103.2,59.9976,0.0
2023000052,센트레빌 아스테리움 시그니처,11,서울,2023-02-27,2023,1,3,61288,21.33,103.2,59.9917,0.0
2023000052,센트레빌 아스테리움 시그니처,11,서울,2023-02-27,2023,1,63,65027,5.52,103.2,59.9995,0.0
2023000052,센트레빌 아스테리움 시그니처,11,서울,2023-02-27,2023,1,27,73125,7.59,103.2,70.6625,0.0
2023000052,센트레빌 아스테리움 시그니처,11,서울,2023-02-27,2023,1,7,72889,9.0,103.2,70.8482,0.0
2023000052,센트레빌 아스테리움 시그니처,11,서울,2023-02-27,2023,1,23,85315,16.65,103.2,84.9719,0.0
2023000051,청주 동일하이빌 파크레인,43,충북,2023-04-06,2023,2,151,39470,5.7,101.7,84.9997,0.0
2023000051,청주 동일하이빌 파크레인,43,충북,2023-04-06,2023,2,44,39700,4.7,101.7,84.9974,0.0
2023000051,청주 동일하이빌 파크레인,43,충북,2023-04-06,2023,2,44,39730,3.74,101.7,84.9996,0.0
2023000048,영등포자이 디그니티,11,서울,2023-02-23,2023,1,18,86900,253.22,103.2,59.9921,0.0
2023000048,영등포자이 디그니티,11,서울,2023-02-23,2023,1,19,85800,165.16,103.2,59.9968,0.0
2023000048,영등포자이 디그니티,11,서울,2023-02-23,2023,1,8,86900,130.88,103.2,59.9318,0.0
2023000048,영등포자이 디그니티,11,서울,2023-02-23,2023,1,17,117900,124.94,103.2,84.9087,0.0
2023000048,영등포자이 디그니티,11,서울,2023-02-23,2023,1,18,116600,71.72,103.2,84.8353,0.0
2023000048,영등포자이 디그니티,11,서울,2023-02-23,2023,1,18,117900,81.39,103.2,84.906,0.0
2023000028,구리역 롯데캐슬 시그니처,41,경기,2023-02-09,2023,1,29,29900,1.55,101.7,34.0788,0.0
2023000028,구리역 롯데캐슬 시그니처,41,경기,2023-02-09,2023,1,26,43800,4.65,101.7,46.4345,0.0
2023000028,구리역 롯데캐슬 시그니처,41,경기,2023-02-09,2023,1,63,64500,5.16,101.7,59.0695,0.0
2023000028,구리역 롯데캐슬 시그니처,41,경기,2023-02-09,2023,1,21,63000,4.43,101.7,59.1049,0.0
2023000028,구리역 롯데캐슬 시그니처,41,경기,2023-02-09,2023,1,50,64900,4.78,101.7,59.9803,0.0
2023000028,구리역 롯데캐슬 시그니처,41,경기,2023-02-09,2023,1,51,86900,3.25,101.7,82.4502,0.0
2023000028,구리역 롯데캐슬 시그니처,41,경기,2023-02-09,2023,1,48,86500,2.15,101.7,82.4015,0.0
2023000027,에코델타시티 푸르지오 린,26,부산,2023-02-10,2023,1,138,54680,21.87,101.7,84.9061,0.0
2023000027,에코델타시티 푸르지오 린,26,부산,2023-02-10,2023,1,34,53140,8.52,101.7,84.9501,0.0
2023000022,동탄 파크릭스 A55BL,41,경기,2023-03-31,2023,1,17,46640,75.67,101.7,74.7938,51.0
2023000022,동탄 파크릭스 A55BL,41,경기,2023-03-31,2023,1,82,53520,69.06,101.7,84.9061,52.0
2023000022,동탄 파크릭스 A55BL,41,경기,2023-03-31,2023,1,64,51400,8.72,101.7,84.9419,30.0
2023000015,더샵 아르테,28,인천,2023-02-03,2023,1,21,59430,2.21,101.7,84.9135,0.0
2023000015,더샵 아르테,28,인천,2023-02-03,2023,1,24,59430,7.0,101.7,84.9013,0.0
2023000014,그린나래,41,경기,2023-02-13,2023,1,2,55900,1.5,101.7,57.62,0.0
2023000014,그린나래,41,경기,2023-02-13,2023,1,2,55900,11.0,101.7,59.95,0.0
2023000014,그린나래,41,경기,2023-02-13,2023,1,2,55900,2.0,101.7,59.69,0.0
2023000009,수원성 중흥S-클래스,41,경기,2023-02-03,2023,1,60,36200,6.17,101.7,49.8749,0.0
2023000009,수원성 중흥S-클래스,41,경기,2023-02-03,2023,1,5,55800,6.2,101.7,59.9597,0.0
2023000009,수원성 중흥S-클래스,41,경기,2023-02-03,2023,1,6,66200,1.83,101.7,75.9793,0.0
2023000009,수원성 중흥S-클래스,41,경기,2023-02-03,2023,1,1,74900,10.0,101.7,84.9015,0.0
2023000007,이안 시그니처 역곡,41,경기,2023-04-06,2023,2,6,42066,5.0,101.7,50.69,0.0
2023000007,이안 시그니처 역곡,41,경기,2023-04-06,2023,2,5,48742,1.2,101.7,60.76,0.0
2023000007,이안 시그니처 역곡,41,경기,2023-04-06,2023,2,5,51146,6.0,101.7,63.21,0.0
2023000007,이안 시그니처 역곡,41,경기,2023-04-06,2023,2,7,53210,4.0,101.7,65.98,0.0
2023000006,등촌 지와인,11,서울,2023-02-22,2023,1,27,77320,5.75,103.2,59.6202,0.0
2023000006,등촌 지와인,11,서울,2023-02-22,2023,1,2,119000,4.67,103.2,84.9702,0.0
2022520044,성남 복정1지구 B3블록(사전청약),41,경기,2022-11-18,2022,4,369,102279,0.0,101.7,84.91,0.0
2022520044,성남 복정1지구 B3블록(사전청약),41,경기,2022-11-18,2022,4,48,101019,0.0,101.7,84.93,0.0
2022520038,수원 당수지구 D3블록(사전청약),41,경기,2022-09-30,2022,3,9,55310,0.0,101.7,74.92,24.0
2022520038,수원 당수지구 D3블록(사전청약),41,경기,2022-09-30,2022,3,14,62750,0.0,101.7,84.99,32.0
2022520038,수원 당수지구 D3블록(사전청약),41,경기,2022-09-30,2022,3,7,62750,0.0,101.7,84.99,32.0
2022520038,수원 당수지구 D3블록(사전청약),41,경기,2022-09-30,2022,3,30,62750,0.0,101.7,84.99,32.0
2022520038,수원 당수지구 D3블록(사전청약),41,경기,2022-09-30,2022,3,31,62750,0.0,101.7,84.99,32.0
2022520038,수원 당수지구 D3블록(사전청약),41,경기,2022-09-30,2022,3,42,62750,0.0,101.7,84.99,32.0
2022520038,수원 당수지구 D3블록(사전청약),41,경기,2022-09-30,2022,3,4,68650,0.0,101.7,92.99,0.0
2022520038,수원 당수지구 D3블록(사전청약),41,경기,2022-09-30,2022,3,1,68650,0.0,101.7,92.99,0.0
2022520038,수원 당수지구 D3블록(사전청약),41,경기,2022-09-30,2022,3,22,80700,0.0,101.7,112.81,0.0
2022520031,성남 금토지구 A-3블록 중흥S-클래스 (사전청약),41,경기,2022-07-25,2022,3,52,78900,0.0,101.7,84.1043,0.0
2022520031,성남 금토지구 A-3블록 중흥S-클래스 (사전청약),41,경기,2022-07-25,2022,3,29,78700,0.0,101.7,84.1202,0.0
2022520031,성남 금토지구 A-3블록 중흥S-클래스 (사전청약),41,경기,2022-07-25,2022,3,14,78500,0.0,101.7,84.154,0.0
2022520031,성남 금토지구 A-3블록 중흥S-클래스 (사전청약),41,경기,2022-07-25,2022,3,3,90490,0.0,101.7,84.143,0.0
2022520030,"인천 영종국제도시 RC4-1,2BL 주상복합 (사전청약)",28,인천,2022-07-08,2022,3,101,49527,0.0,101.7,84.967,18.0
2022520030,"인천 영종국제도시 RC4-1,2BL 주상복합 (사전청약)",28,인천,2022-07-08,2022,3,80,45527,0.0,101.7,84.9966,0.0
2022520030,"인천 영종국제도시 RC4-1,2BL 주상복합 (사전청약)",28,인천,2022-07-08,2022,3,51,67092,0.0,101.7,112.9721,27.0
2022520030,"인천 영종국제도시 RC4-1,2BL 주상복합 (사전청약)",28,인천,2022-07-08,2022,3,106,60292,0.0,101.7,112.981,0.0
2022520029,세종 금강펜테리움 더 시글로(4-2생활권 H3BL) (사전청약),36,세종,2022-07-08,2022,3,22,31900,0.0,101.7,59.0,47.0
2022520029,세종 금강펜테리움 더 시글로(4-2생활권 H3BL) (사전청약),36,세종,2022-07-08,2022,3,3,31900,0.0,101.7,59.0,47.0
2022520029,세종 금강펜테리움 더 시글로(4-2생활권 H3BL) (사전청약),36,세종,2022-07-08,2022,3,31,32800,0.0,101.7,61.0,54.0
2022520029,세종 금강펜테리움 더 시글로(4-2생활권 H3BL) (사전청약),36,세종,2022-07-08,2022,3,8,44800,0.0,101.7,84.0,59.0
2022520029,세종 금강펜테리움 더 시글로(4-2생활권 H3BL) (사전청약),36,세종,2022-07-08,2022,3,9,45200,0.0,101.7,84.0,59.0
2022520029,세종 금강펜테리움 더 시글로(4-2생활권 H3BL) (사전청약),36,세종,2022-07-08,2022,3,13,45000,0.0,101.7,84.0,59.0
2022520029,세종 금강펜테리움 더 시글로(4-2생활권 H3BL) (사전청약),36,세종,2022-07-08,2022,3,3,46300,0.0,101.7,85.8405,69.0
2022520029,세종 금강펜테리움 더 시글로(4-2생활권 H3BL) (사전청약),36,세종,2022-07-08,2022,3,7,48700,0.0,101.7,91.0,60.0
2022520029,세종 금강펜테리움 더 시글로(4-2생활권 H3BL) (사전청약),36,세종,2022-07-08,2022,3,12,48600,0.0,101.7,91.0,60.0
2022520025,파주 운정3지구 주상복합용지 4BL (사전청약),41,경기,2022-06-10,2022,2,39,46728,0.0,101.7,59.4317,52.0
2022520025,파주 운정3지구 주상복합용지 4BL (사전청약),41,경기,2022-06-10,2022,2,20,47045,0.0,101.7,59.0435,53.0
2022520025,파주 운정3지구 주상복합용지 4BL (사전청약),41,경기,2022-06-10,2022,2,19,46729,0.0,101.7,59.9375,49.0
2022520025,파주 운정3지구 주상복합용지 4BL (사전청약),41,경기,2022-06-10,2022,2,39,65336,0.0,101.7,84.1293,56.0
2022520025,파주 운정3지구 주상복합용지 4BL (사전청약),41,경기,2022-06-10,2022,2,20,65187,0.0,101.7,84.2543,50.0
2022520025,파주 운정3지구 주상복합용지 4BL (사전청약),41,경기,2022-06-10,2022,2,19,65135,0.0,101.7,84.0827,51.0
2022520024,파주 운정3지구 주상복합용지 3BL (사전청약),41,경기,2022-06-10,2022,2,13,45581,0.0,101.7,59.1563,57.0
2022520024,파주 운정3지구 주상복합용지 3BL (사전청약),41,경기,2022-06-10,2022,2,22,45659,0.0,101.7,59.4317,51.0
2022520024,파주 운정3지구 주상복합용지 3BL (사전청약),41,경기,2022-06-10,2022,2,7,45748,0.0,101.7,59.3788,53.0
2022520024,파주 운정3지구 주상복합용지 3BL (사전청약),41,경기,2022-06-10,2022,2,43,63838,0.0,101.7,84.1293,61.0
2022520024,파주 운정3지구 주상복합용지 3BL (사전청약),41,경기,2022-06-10,2022,2,6,63690,0.0,101.7,84.2543,59.0
2022520024,파주 운정3지구 주상복합용지 3BL (사전청약),41,경기,2022-06-10,2022,2,13,66751,0.0,101.7,88.0577,62.0
2022520024,파주 운정3지구 주상복합용지 3BL (사전청약),41,경기,2022-06-10,2022,2,95,66464,0.0,101.7,88.0315,55.0
2022520024,파주 운정3지구 주상복합용지 3BL (사전청약),41,경기,2022-06-10,2022,2,49,66614,0.0,101.7,88.0564,58.0
2022520023,파주 운정3지구 주상복합용지 6BL (사전청약),41,경기,2022-06-10,2022,2,12,50545,0.0,101.7,61.9679,56.0
2022520023,파주 운정3지구 주상복합용지 6BL (사전청약),41,경기,2022-06-10,2022,2,12,50211,0.0,101.7,61.798,51.0
2022520023,파주 운정3지구 주상복합용지 6BL (사전청약),41,경기,2022-06-10,2022,2,24,68748,0.0,101.7,84.4907,55.0
2022520023,파주 운정3지구 주상복합용지 6BL (사전청약),41,경기,2022-06-10,2022,2,24,68667,0.0,101.7,84.9865,51.0
2022520023,파주 운정3지구 주상복합용지 6BL (사전청약),41,경기,2022-06-10,2022,2,74,72380,0.0,101.7,89.0446,55.0
2022520023,파주 운정3지구 주상복합용지 6BL (사전청약),41,경기,2022-06-10,2022,2,74,72406,0.0,101.7,89.1962,54.0
2022520022,파주 운정3지구 주상복합용지 5BL (사전청약),41,경기,2022-06-10,2022,2,13,51735,0.0,101.7,61.9679,52.0
2022520022,파주 운정3지구 주상복합용지 5BL (사전청약),41,경기,2022-06-10,2022,2,13,51392,0.0,101.7,61.798,46.0
2022520022,파주 운정3지구 주상복합용지 5BL (사전청약),41,경기,2022-06-10,2022,2,22,70365,0.0,101.7,84.4907,55.0
2022520022,파주 운정3지구 주상복합용지 5BL (사전청약),41,경기,2022-06-10,2022,2,22,70279,0.0,101.7,84.9865,48.0
2022520022,파주 운정3지구 주상복합용지 5BL (사전청약),41,경기,2022-06-10,2022,2,74,74075,0.0,101.7,89.0446,53.0
2022520022,파주 운정3지구 주상복합용지 5BL (사전청약),41,경기,2022-06-10,2022,2,74,74111,0.0,101.7,89.1962,52.0
2022520021,파주 운정3지구 주상복합용지 2BL (사전청약),41,경기,2022-06-10,2022,2,12,52238,0.0,101.7,61.9679,57.0
2022520021,파주 운정3지구 주상복합용지 2BL (사전청약),41,경기,2022-06-10,2022,2,12,51894,0.0,101.7,61.798,55.0
2022520021,파주 운정3지구 주상복합용지 2BL (사전청약),41,경기,2022-06-10,2022,2,12,71052,0.0,101.7,84.4907,66.0
2022520021,파주 운정3지구 주상복합용지 2BL (사전청약),41,경기,2022-06-10,2022,2,12,70969,0.0,101.7,84.9865,59.0
2022520021,파주 운정3지구 주상복합용지 2BL (사전청약),41,경기,2022-06-10,2022,2,55,74804,0.0,101.7,89.0446,60.0
2022520021,파주 운정3지구 주상복합용지 2BL (사전청약),41,경기,2022-06-10,2022,2,55,74830,0.0,101.7,89.1962,57.0
2022520020,파주 운정3지구 주상복합용지 1BL(사전청약),41,경기,2022-06-10,2022,2,15,50188,0.0,101.7,61.9679,62.0
2022520020,파주 운정3지구 주상복합용지 1BL(사전청약),41,경기,2022-06-10,2022,2,15,49857,0.0,101.7,61.798,57.0
2022520020,파주 운정3지구 주상복합용지 1BL(사전청약),41,경기,2022-06-10,2022,2,25,68263,0.0,101.7,84.4907,65.0
2022520020,파주 운정3지구 주상복합용지 1BL(사전청약),41,경기,2022-06-10,2022,2,25,68182,0.0,101.7,84.9865,58.0
2022520020,파주 운정3지구 주상복합용지 1BL(사전청약),41,경기,2022-06-10,2022,2,84,71864,0.0,101.7,89.0446,62.0
2022520020,파주 운정3지구 주상복합용지 1BL(사전청약),41,경기,2022-06-10,2022,2,84,71901,0.0,101.7,89.1962,59.0
2022520016,파주 운정신도시 A49블록 시티프라디움 (사전청약),41,경기,2022-03-29,2022,1,72,33841,0.0,101.7,59.9984,54.0
2022520016,파주 운정신도시 A49블록 시티프라디움 (사전청약),41,경기,2022-03-29,2022,1,18,34024,0.0,101.7,59.9812,52.0
2022520016,파주 운정신도시 A49블록 시티프라디움 (사전청약),41,경기,2022-03-29,2022,1,49,47083,0.0,101.7,84.9916,59.0
2022520016,파주 운정신도시 A49블록 시티프라디움 (사전청약),41,경기,2022-03-29,2022,1,23,47174,0.0,101.7,84.9868,57.0
2022520015,평택 고덕국제신도시 A-50블록(사전청약),41,경기,2022-03-29,2022,1,89,49569,0.0,101.7,84.9508,57.0
2022520015,평택 고덕국제신도시 A-50블록(사전청약),41,경기,2022-03-29,2022,1,49,48169,0.0,101.7,84.9927,56.0
2022520015,평택 고덕국제신도시 A-50블록(사전청약),41,경기,2022-03-29,2022,1,186,57569,0.0,101.7,99.9609,55.0
2022520014,인천가정2지구 B2블록 공공분양주택(당첨취소자 우선공급),28,인천,2022-03-29,2022,1,47,58940,0.0,101.7,84.9577,0.0
2022520014,인천가정2지구 B2블록 공공분양주택(당첨취소자 우선공급),28,인천,2022-03-29,2022,1,50,56200,0.0,101.7,84.964,0.0
2022520014,인천가정2지구 B2블록 공공분양주택(당첨취소자 우선공급),28,인천,2022-03-29,2022,1,9,57000,0.0,101.7,84.9753,0.0
2022520013,광주 선운2지구 예다음(사전청약),29,광주,2022-03-29,2022,1,157,47155,0.0,101.7,84.9516,0.0
2022520013,광주 선운2지구 예다음(사전청약),29,광주,2022-03-29,2022,1,33,47746,0.0,101.7,84.9754,0.0
2022520012,파주 운정3지구 제일풍경채 A46BL(사전청약),41,경기,2022-03-29,2022,1,70,50950,0.0,101.7,84.9394,69.0
2022520012,파주 운정3지구 제일풍경채 A46BL(사전청약),41,경기,2022-03-29,2022,1,25,51000,0.0,101.7,84.9206,64.0
2022520012,파주 운정3지구 제일풍경채 A46BL(사전청약),41,경기,2022-03-29,2022,1,34,51200,0.0,101.7,84.9304,65.0
2022520011,오산세교2 A-13블록 호반써밋(사전청약),41,경기,2022-03-18,2022,1,10,33597,0.0,101.7,59.8303,14.0
2022520011,오산세교2 A-13블록 호반써밋(사전청약),41,경기,2022-03-18,2022,1,88,33627,0.0,101.7,59.9523,0.0
2022520011,오산세교2 A-13블록 호반써밋(사전청약),41,경기,2022-03-18,2022,1,132,33597,0.0,101.7,59.8303,14.0
2022520011,오산세교2 A-13블록 호반써밋(사전청약),41,경기,2022-03-18,2022,1,92,45030,0.0,101.7,84.98,29.0
2022520011,오산세교2 A-13블록 호반써밋(사전청약),41,경기,2022-03-18,2022,1,24,45030,0.0,101.7,84.98,29.0
2022520010,오산 세교2지구 A20블록 힐데스하임(사전청약),41,경기,2022-03-18,2022,1,48,33180,0.0,101.7,69.7058,13.0
2022520010,오산 세교2지구 A20블록 힐데스하임(사전청약),41,경기,2022-03-18,2022,1,8,34192,0.0,101.7,69.886,0.0
2022520010,오산 세교2지구 A20블록 힐데스하임(사전청약),41,경기,2022-03-18,2022,1,11,33246,0.0,101.7,69.7263,0.0
2022520010,오산 세교2지구 A20블록 힐데스하임(사전청약),41,경기,2022-03-18,2022,1,11,33226,0.0,101.7,69.7558,0.0
2022520010,오산 세교2지구 A20블록 힐데스하임(사전청약),41,경기,2022-03-18,2022,1,8,34922,0.0,101.7,72.9739,17.0
2022520010,오산 세교2지구 A20블록 힐데스하임(사전청약),41,경기,2022-03-18,2022,1,18,40582,0.0,101.7,84.9607,28.0
2022520010,오산 세교2지구 A20블록 힐데스하임(사전청약),41,경기,2022-03-18,2022,1,78,41278,0.0,101.7,84.9105,20.0
2022520010,오산 세교2지구 A20블록 힐데스하임(사전청약),41,경기,2022-03-18,2022,1,34,40300,0.0,101.7,84.9633,12.0
2022520010,오산 세교2지구 A20블록 힐데스하임(사전청약),41,경기,2022-03-18,2022,1,44,40256,0.0,101.7,84.8914,0.0
2022520009,양주 회천지구 A-12BL 라온프라이빗(사전청약),41,경기,2022-03-29,2022,1,88,41972,0.0,101.7,84.745,37.0
2022520009,양주 회천지구 A-12BL 라온프라이빗(사전청약),41,경기,2022-03-29,2022,1,93,41764,0.0,101.7,84.9425,14.0
2022520009,양주 회천지구 A-12BL 라온프라이빗(사전청약),41,경기,2022-03-29,2022,1,28,41114,0.0,101.7,84.9587,24.0
2022520008,제일풍경채 의왕고천(사전청약),41,경기,2022-02-28,2022,1,195,63488,0.0,101.7,84.221,0.0
2022520008,제일풍경채 의왕고천(사전청약),41,경기,2022-02-28,2022,1,44,63474,0.0,101.7,84.2033,0.0
2022520008,제일풍경채 의왕고천(사전청약),41,경기,2022-02-28,2022,1,61,63475,0.0,101.7,84.2042,0.0
2022520007,부산장안 디에트르(사전청약),26,부산,2022-02-28,2022,1,28,48038,0.0,101.7,84.9815,0.0
2022520007,부산장안 디에트르(사전청약),26,부산,2022-02-28,2022,1,43,45138,0.0,101.7,84.994,0.0
2022520007,부산장안 디에트르(사전청약),26,부산,2022-02-28,2022,1,54,43238,0.0,101.7,84.9934,0.0
2022520006,울산다운2지구 B-2BL 우미린(사전청약),31,울산,2022-02-28,2022,1,352,40050,0.0,101.7,84.9987,0.0
2022520005,아산 탕정지구 2-A12BL 대광로제비앙(사전청약),44,충남,2022-02-28,2022,1,75,36367,0.0,101.7,84.9233,0.0
2022520005,아산 탕정지구 2-A12BL 대광로제비앙(사전청약),44,충남,2022-02-28,2022,1,36,36647,0.0,101.7,84.6883,0.0
2022520003,인천 검단신도시 AB13블록 호반써밋Ⅲ(사전청약),28,인천,2022-02-28,2022,1,36,46029,0.0,101.7,84.9955,52.0
2022520003,인천 검단신도시 AB13블록 호반써밋Ⅲ(사전청약),28,인천,2022-02-28,2022,1,99,45921,0.0,101.7,84.9697,52.0
2022520003,인천 검단신도시 AB13블록 호반써밋Ⅲ(사전청약),28,인천,2022-02-28,2022,1,39,45905,0.0,101.7,84.9692,47.0
2022520003,인천 검단신도시 AB13블록 호반써밋Ⅲ(사전청약),28,인천,2022-02-28,2022,1,35,46052,0.0,101.7,84.9328,44.0
2022520003,인천 검단신도시 AB13블록 호반써밋Ⅲ(사전청약),28,인천,2022-02-28,2022,1,112,52068,0.0,101.7,97.9655,45.0
2022520002,양주 회천지구 A-20BL 대광로제비앙 2차(사전청약),41,경기,2022-02-08,2022,1,40,36626,0.0,101.7,74.8299,52.0
2022520002,양주 회천지구 A-20BL 대광로제비앙 2차(사전청약),41,경기,2022-02-08,2022,1,97,41370,0.0,101.7,84.9934,56.0
2022520002,양주 회천지구 A-20BL 대광로제비앙 2차(사전청약),41,경기,2022-02-08,2022,1,50,41637,0.0,101.7,84.9996,46.0
2022520001,파주 운정신도시 A33블록 우미 린(사전청약),41,경기,2022-02-08,2022,1,169,44070,0.0,101.7,84.9939,59.0
2022520001,파주 운정신도시 A33블록 우미 린(사전청약),41,경기,2022-02-08,2022,1,19,43060,0.0,101.7,84.9957,55.0
2022000914,창원 롯데캐슬 포레스트 2BL,48,경남,2022-12-23,2022,4,143,52690,36.72,101.7,84.9871,0.0
2022000914,창원 롯데캐슬 포레스트 2BL,48,경남,2022-12-23,2022,4,83,52790,11.46,101.7,84.9928,0.0
2022000914,창원 롯데캐슬 포레스트 2BL,48,경남,2022-12-23,2022,4,63,52720,10.97,101.7,84.9995,0.0
2022000914,창원 롯데캐슬 포레스트 2BL,48,경남,2022-12-23,2022,4,29,52920,92.9,101.7,84.9911,0.0
2022000913,창원 롯데캐슬 포레스트 1BL,48,경남,2022-12-23,2022,4,158,52730,40.17,101.7,84.9871,0.0
2022000913,창원 롯데캐슬 포레스트 1BL,48,경남,2022-12-23,2022,4,74,52840,9.11,101.7,84.9928,0.0
2022000913,창원 롯데캐슬 포레스트 1BL,48,경남,2022-12-23,2022,4,63,52770,12.03,101.7,84.9995,0.0
2022000913,창원 롯데캐슬 포레스트 1BL,48,경남,2022-12-23,2022,4,20,52980,89.75,101.7,84.9911,0.0
2022000908,평촌 센텀퍼스트,41,경기,2022-12-29,2022,4,19,96480,2.68,101.7,84.9122,0.0
2022000908,평촌 센텀퍼스트,41,경기,2022-12-29,2022,4,18,96480,6.0,101.7,84.525,0.0
2022000900,남천자이,26,부산,2022-12-16,2022,4,1,63750,76.0,101.7,59.9987,0.0
2022000900,남천자이,26,부산,2022-12-16,2022,4,3,69620,102.67,101.7,59.9884,0.0
2022000900,남천자이,26,부산,2022-12-16,2022,4,2,72800,67.5,101.7,59.9902,0.0
2022000900,남천자이,26,부산,2022-12-16,2022,4,2,86280,59.0,101.7,74.9957,0.0
2022000900,남천자이,26,부산,2022-12-16,2022,4,11,88840,33.18,101.7,74.9825,0.0
2022000900,남천자이,26,부산,2022-12-16,2022,4,1,130370,448.0,101.7,84.9852,0.0
2022000900,남천자이,26,부산,2022-12-16,2022,4,7,108490,81.43,101.7,84.9932,0.0
2022000900,남천자이,26,부산,2022-12-16,2022,4,22,106740,33.14,101.7,84.985,0.0
2022000900,남천자이,26,부산,2022-12-16,2022,4,8,104670,15.5,101.7,84.9907,0.0
2022000896,광명 제10R구역 호반써밋 그랜드 에비뉴,41,경기,2022-12-16,2022,4,38,66900,60.0,101.7,59.94,0.0
2022000896,광명 제10R구역 호반써밋 그랜드 에비뉴,41,경기,2022-12-16,2022,4,10,68290,1.2,101.7,59.8,0.0
2022000896,광명 제10R구역 호반써밋 그랜드 에비뉴,41,경기,2022-12-16,2022,4,35,87920,1.54,101.7,84.96,0.0
2022000896,광명 제10R구역 호반써밋 그랜드 에비뉴,41,경기,2022-12-16,2022,4,20,87920,12.0,101.7,84.96,0.0
2022000893,복대자이 더 스카이,43,충북,2023-02-03,2023,1,36,41790,27.33,101.7,84.7514,0.0
2022000893,복대자이 더 스카이,43,충북,2023-02-03,2023,1,25,41710,5.71,101.7,84.9981,0.0
2022000893,복대자이 더 스카이,43,충북,2023-02-03,2023,1,47,41530,11.87,101.7,84.9926,0.0
2022000893,복대자이 더 스카이,43,충북,2023-02-03,2023,1,25,41720,2.0,101.7,84.9977,0.0
2022000892,강릉교동 금호어울림 올림픽파크 아파트,51,강원,2022-12-16,2022,4,54,48346,20.11,101.7,84.9147,0.0
2022000892,강릉교동 금호어울림 올림픽파크 아파트,51,강원,2022-12-16,2022,4,63,48044,7.17,101.7,84.9547,0.0
2022000887,마포 더 클래시,11,서울,2022-12-09,2022,4,1,102200,141.0,103.2,59.97,0.0
2022000887,마포 더 클래시,11,서울,2022-12-09,2022,4,2,105000,154.0,103.2,59.5,0.0
2022000887,마포 더 클래시,11,서울,2022-12-09,2022,4,20,143100,8.55,103.2,84.98,0.0
2022000887,마포 더 클래시,11,서울,2022-12-09,2022,4,14,141700,5.5,103.2,84.98,0.0
2022000887,마포 더 클래시,11,서울,2022-12-09,2022,4,16,141700,5.94,103.2,84.94,0.0
2022000883,강동 헤리티지 자이,11,서울,2022-12-09,2022,4,106,77500,53.99,103.2,59.98,0.0
2022000880,더샵 지제역 센트럴파크 2BL,41,경기,2022-12-08,2022,4,2,43000,7.5,101.7,59.7656,0.0
2022000880,더샵 지제역 센트럴파크 2BL,41,경기,2022-12-08,2022,4,1,51000,8.0,101.7,74.9744,0.0
2022000880,더샵 지제역 센트럴파크 2BL,41,경기,2022-12-08,2022,4,1,56000,39.0,101.7,84.7982,0.0
2022000873,철산자이 더 헤리티지,41,경기,2022-12-15,2022,4,4,73000,9.75,101.7,59.9867,0.0
2022000873,철산자이 더 헤리티지,41,경기,2022-12-15,2022,4,26,93600,2.58,101.7,84.9888,0.0
2022000873,철산자이 더 헤리티지,41,경기,2022-12-15,2022,4,3,95400,10.33,101.7,84.9926,0.0
2022000873,철산자이 더 헤리티지,41,경기,2022-12-15,2022,4,83,119800,2.54,101.7,114.9993,0.0
2022000855,광주 송정 중흥S-클래스 파크뷰,41,경기,2022-12-02,2022,4,63,41600,2.52,101.7,59.867,0.0
2022000855,광주 송정 중흥S-클래스 파크뷰,41,경기,2022-12-02,2022,4,101,57700,55.0,101.7,84.6234,0.0
2022000853,도심역 한양수자인 리버파인,41,경기,2022-12-01,2022,4,6,32410,9.0,101.7,45.8853,0.0
2022000853,도심역 한양수자인 리버파인,41,경기,2022-12-01,2022,4,51,48570,1.45,101.7,59.9915,0.0
2022000853,도심역 한양수자인 리버파인,41,경기,2022-12-01,2022,4,1,45690,8.0,101.7,59.8323,0.0
2022000853,도심역 한양수자인 리버파인,41,경기,2022-12-01,2022,4,10,57500,1.12,101.7,75.9542,0.0
2022000853,도심역 한양수자인 리버파인,41,경기,2022-12-01,2022,4,36,59540,1.42,101.7,75.9178,0.0
2022000853,도심역 한양수자인 리버파인,41,경기,2022-12-01,2022,4,42,66660,1.83,101.7,84.7927,0.0
2022000852,청주 개신동 원더라움 아파트,43,충북,2022-12-20,2022,4,1,26893,2.0,101.7,59.9488,0.0
2022000846,올림픽파크 포레온,11,서울,2022-11-25,2022,4,5,52340,12.8,103.2,29.97,0.0
2022000846,올림픽파크 포레온,11,서울,2022-11-25,2022,4,541,71520,1.04,103.2,39.95,0.0
2022000846,올림픽파크 포레온,11,서울,2022-11-25,2022,4,424,88100,1.55,103.2,49.95,0.0
2022000846,올림픽파크 포레온,11,서울,2022-11-25,2022,4,936,106250,5.21,103.2,59.99,0.0
2022000846,올림픽파크 포레온,11,서울,2022-11-25,2022,4,302,104940,3.71,103.2,59.98,0.0
2022000846,올림픽파크 포레온,11,서울,2022-11-25,2022,4,149,104000,4.01,103.2,59.96,0.0
2022000846,올림픽파크 포레온,11,서울,2022-11-25,2022,4,54,104980,8.81,103.2,59.96,0.0
2022000846,올림픽파크 포레온,11,서울,2022-11-25,2022,4,47,105150,6.17,103.2,59.98,0.0
2022000846,올림픽파크 포레온,11,서울,2022-11-25,2022,4,209,129600,9.42,103.2,84.99,0.0
2022000846,올림픽파크 포레온,11,서울,2022-11-25,2022,4,21,130600,6.57,103.2,84.99,0.0
2022000846,올림픽파크 포레온,11,서울,2022-11-25,2022,4,75,130910,2.51,103.2,84.99,0.0
2022000846,올림픽파크 포레온,11,서울,2022-11-25,2022,4,188,130100,2.47,103.2,84.99,0.0
2022000846,올림픽파크 포레온,11,서울,2022-11-25,2022,4,563,131240,2.69,103.2,84.98,0.0
2022000846,올림픽파크 포레온,11,서울,2022-11-25,2022,4,47,129810,3.89,103.2,84.99,0.0
2022000846,올림픽파크 포레온,11,서울,2022-11-25,2022,4,19,131280,4.0,103.2,84.98,0.0
2022000846,올림픽파크 포레온,11,서울,2022-11-25,2022,4,115,132040,4.13,103.2,84.99,0.0
2022000844,백년문화공원 극동스타클래스,48,경남,2022-11-25,2022,4,21,39200,1.32,101.7,84.9701,0.0
2022000844,백년문화공원 극동스타클래스,48,경남,2022-11-25,2022,4,31,38700,1.42,101.7,84.5989,0.0
2022000842,힐스테이트 천안역 스카이움,44,충남,2022-12-01,2022,4,19,36516,2.15,101.7,59.9269,0.0
2022000840,원주 롯데캐슬 시그니처,51,강원,2022-11-25,2022,4,193,46000,13.0,101.7,84.96,0.0
2022000840,원주 롯데캐슬 시그니처,51,강원,2022-11-25,2022,4,25,46500,1.79,101.7,84.97,0.0
2022000839,힐스테이트 인천시청역,28,인천,2022-12-09,2022,4,20,62100,2.89,101.7,84.93,0.0
2022000837,화곡 더리브 스카이 주상복합아파트,11,서울,2022-11-18,2022,4,3,30295,2.67,103.2,30.2694,0.0
2022000837,화곡 더리브 스카이 주상복합아파트,11,서울,2022-11-18,2022,4,3,37495,3.67,103.2,40.9032,0.0
2022000837,화곡 더리브 스카이 주상복합아파트,11,서울,2022-11-18,2022,4,2,43955,6.0,103.2,41.8783,0.0
2022000837,화곡 더리브 스카이 주상복합아파트,11,서울,2022-11-18,2022,4,3,47875,1.4,103.2,50.5169,0.0
2022000837,화곡 더리브 스카이 주상복합아파트,11,서울,2022-11-18,2022,4,30,56325,2.7,103.2,59.093,0.0
2022000836,창원 센트럴파크 에일린의 뜰,48,경남,2022-11-18,2022,4,58,41150,13.83,101.7,59.9121,0.0
2022000836,창원 센트럴파크 에일린의 뜰,48,경남,2022-11-18,2022,4,206,49640,24.18,101.7,75.5245,0.0
2022000836,창원 센트럴파크 에일린의 뜰,48,경남,2022-11-18,2022,4,12,49950,32.0,101.7,75.4274,0.0
2022000836,창원 센트럴파크 에일린의 뜰,48,경남,2022-11-18,2022,4,17,47700,12.41,101.7,75.3336,0.0
2022000836,창원 센트럴파크 에일린의 뜰,48,경남,2022-11-18,2022,4,147,55560,52.89,101.7,84.9897,0.0
2022000835,장위자이 레디언트,11,서울,2022-11-25,2022,4,28,69430,2.71,103.2,49.94,0.0
2022000835,장위자이 레디언트,11,서울,2022-11-25,2022,4,15,68220,2.27,103.2,49.82,0.0
2022000835,장위자이 레디언트,11,서울,2022-11-25,2022,4,11,68550,21.0,103.2,49.98,0.0
2022000835,장위자이 레디언트,11,서울,2022-11-25,2022,4,35,75940,6.77,103.2,59.97,0.0
2022000835,장위자이 레디언트,11,서울,2022-11-25,2022,4,57,78950,7.0,103.2,59.99,0.0
2022000835,장위자이 레디언트,11,서울,2022-11-25,2022,4,16,79650,3.38,103.2,59.99,0.0
2022000835,장위자이 레디언트,11,서울,2022-11-25,2022,4,11,79840,3.55,103.2,59.98,0.0
2022000835,장위자이 레디언트,11,서울,2022-11-25,2022,4,15,76270,4.4,103.2,59.99,0.0
2022000835,장위자이 레디언트,11,서울,2022-11-25,2022,4,169,89910,2.66,103.2,72.99,0.0
2022000835,장위자이 레디언트,11,서울,2022-11-25,2022,4,273,102350,2.18,103.2,84.99,0.0
2022000835,장위자이 레디언트,11,서울,2022-11-25,2022,4,22,94260,2.55,103.2,84.98,0.0
2022000835,장위자이 레디언트,11,서울,2022-11-25,2022,4,1,93130,20.0,103.2,84.87,0.0
2022000835,장위자이 레디언트,11,서울,2022-11-25,2022,4,15,119830,32.8,103.2,97.86,0.0
2022000826,브라운스톤 여월,41,경기,2022-12-02,2022,4,7,48500,1.57,101.7,59.95,0.0
2022000821,e편한세상 죽전 프리미어포레,41,경기,2022-11-18,2022,4,143,66280,1.85,101.7,84.3672,0.0
2022000821,e편한세상 죽전 프리미어포레,41,경기,2022-11-18,2022,4,59,64430,19.0,101.7,84.5139,0.0
2022000820,함양 금호어울림 리더스파크,48,경남,2022-12-02,2022,4,135,32700,183.0,101.7,84.994,0.0
2022000820,함양 금호어울림 리더스파크,48,경남,2022-12-02,2022,4,6,39300,1.93,101.7,84.994,0.0
2022000810,e편한세상 대전역 센텀비스타,30,대전,2022-11-18,2022,4,11,51920,2.6,101.7,84.9555,0.0
2022000805,동탄 A106 어울림 파밀리에,41,경기,2022-11-25,2022,4,45,53590,42.44,101.7,84.444,46.0
2022000805,동탄 A106 어울림 파밀리에,41,경기,2022-11-25,2022,4,13,52990,6.8,101.7,84.6492,25.0
2022000799,아산자이 그랜드파크 2단지,44,충남,2022-11-03,2022,4,98,50600,2.57,101.7,84.6507,0.0
2022000798,아산자이 그랜드파크 1단지,44,충남,2022-11-03,2022,4,35,35000,2.37,101.7,74.9277,0.0
2022000798,아산자이 그랜드파크 1단지,44,충남,2022-11-03,2022,4,30,30700,1.79,101.7,74.9558,0.0
2022000798,아산자이 그랜드파크 1단지,44,충남,2022-11-03,2022,4,9,36700,1.87,101.7,82.4072,0.0
2022000798,아산자이 그랜드파크 1단지,44,충남,2022-11-03,2022,4,110,48200,1.99,101.7,84.6507,0.0
2022000795,엘리프 애월,50,제주,2022-11-25,2022,4,1,38304,2.0,101.7,52.8491,0.0
2022000787,파주 운정신도시 A49블록 시티프라디움 (본청약),41,경기,2022-10-28,2022,4,46,35206,44.33,101.7,59.9984,47.0
2022000787,파주 운정신도시 A49블록 시티프라디움 (본청약),41,경기,2022-10-28,2022,4,9,35206,14.0,101.7,59.9812,29.0
2022000787,파주 운정신도시 A49블록 시티프라디움 (본청약),41,경기,2022-10-28,2022,4,39,47488,100.0,101.7,84.9916,46.0
2022000787,파주 운정신도시 A49블록 시티프라디움 (본청약),41,경기,2022-10-28,2022,4,16,47488,78.0,101.7,84.9868,41.0
2022000782,영주 아이파크,47,경북,2022-11-10,2022,4,122,40327,2.21,101.7,84.9891,0.0
2022000782,영주 아이파크,47,경북,2022-11-10,2022,4,19,38386,12.0,101.7,84.9902,0.0
2022000780,학산 한신더휴 엘리트파크,47,경북,2022-12-09,2022,4,295,49900,1.13,101.7,84.9239,0.0
2022000778,리버센 SK VIEW 롯데캐슬,11,서울,2022-11-04,2022,4,4,46740,12.75,103.2,39.99,0.0
2022000778,리버센 SK VIEW 롯데캐슬,11,서울,2022-11-04,2022,4,1,61550,25.0,103.2,49.99,0.0
2022000778,리버센 SK VIEW 롯데캐슬,11,서울,2022-11-04,2022,4,1,61450,25.0,103.2,49.97,0.0
2022000778,리버센 SK VIEW 롯데캐슬,11,서울,2022-11-04,2022,4,47,76290,8.87,103.2,59.99,0.0
2022000778,리버센 SK VIEW 롯데캐슬,11,서울,2022-11-04,2022,4,47,75730,7.72,103.2,59.99,0.0
2022000778,리버센 SK VIEW 롯데캐슬,11,서울,2022-11-04,2022,4,12,86720,8.17,103.2,70.98,0.0
2022000778,리버센 SK VIEW 롯데캐슬,11,서울,2022-11-04,2022,4,32,86230,8.72,103.2,70.98,0.0
2022000778,리버센 SK VIEW 롯데캐슬,11,서울,2022-11-04,2022,4,32,98170,6.94,103.2,84.99,0.0
2022000778,리버센 SK VIEW 롯데캐슬,11,서울,2022-11-04,2022,4,49,97920,3.06,103.2,84.97,0.0
2022000778,리버센 SK VIEW 롯데캐슬,11,서울,2022-11-04,2022,4,60,97140,1.75,103.2,84.54,0.0
2022000778,리버센 SK VIEW 롯데캐슬,11,서울,2022-11-04,2022,4,37,97540,3.22,103.2,84.99,0.0
2022000778,리버센 SK VIEW 롯데캐슬,11,서울,2022-11-04,2022,4,10,118810,18.9,103.2,100.97,0.0
2022000778,리버센 SK VIEW 롯데캐슬,11,서울,2022-11-04,2022,4,4,114020,11.75,103.2,100.99,0.0
2022000775,파주연풍 양우내안애 에코하임,41,경기,2022-10-27,2022,4,1,20772,2.0,101.7,59.9782,0.0
2022000775,파주연풍 양우내안애 에코하임,41,경기,2022-10-27,2022,4,1,22791,3.0,101.7,59.9876,0.0
2022000774,대전 에테르 스위첸,30,대전,2022-11-03,2022,4,3,53490,2.33,101.7,62.4016,0.0
2022000774,대전 에테르 스위첸,30,대전,2022-11-03,2022,4,3,53560,2.33,101.7,66.9377,0.0
2022000774,대전 에테르 스위첸,30,대전,2022-11-03,2022,4,15,59450,4.5,101.7,84.972,0.0
2022000774,대전 에테르 스위첸,30,대전,2022-11-03,2022,4,15,59990,1.67,101.7,84.8924,0.0
2022000772,광주 탄벌 서희스타힐스 2단지,41,경기,2022-11-02,2022,4,8,41680,3.0,101.7,59.9807,0.0
2022000771,광주 탄벌 서희스타힐스 1단지,41,경기,2022-11-02,2022,4,6,41940,7.0,101.7,59.9591,0.0
2022000771,광주 탄벌 서희스타힐스 1단지,41,경기,2022-11-02,2022,4,5,50220,5.5,101.7,72.9545,0.0
2022000767,더샵 파크솔레이유,11,서울,2022-11-04,2022,4,5,72142,10.0,103.2,42.84,0.0
2022000767,더샵 파크솔레이유,11,서울,2022-11-04,2022,4,5,83802,13.0,103.2,52.47,0.0
2022000767,더샵 파크솔레이유,11,서울,2022-11-04,2022,4,4,82440,9.5,103.2,53.24,0.0
2022000767,더샵 파크솔레이유,11,서울,2022-11-04,2022,4,2,89539,72.0,103.2,59.93,0.0
2022000767,더샵 파크솔레이유,11,서울,2022-11-04,2022,4,1,89660,38.0,103.2,59.96,0.0
2022000767,더샵 파크솔레이유,11,서울,2022-11-04,2022,4,2,89956,33.5,103.2,59.86,0.0
2022000767,더샵 파크솔레이유,11,서울,2022-11-04,2022,4,1,107224,55.0,103.2,73.48,0.0
2022000767,더샵 파크솔레이유,11,서울,2022-11-04,2022,4,7,124909,15.71,103.2,84.85,0.0
2022000767,더샵 파크솔레이유,11,서울,2022-11-04,2022,4,20,132433,9.15,103.2,84.88,0.0
2022000767,더샵 파크솔레이유,11,서울,2022-11-04,2022,4,6,179174,5.33,103.2,118.7,0.0
2022000764,동탄 파크릭스A52BL,41,경기,2022-11-04,2022,4,17,45480,12.0,101.7,74.7938,11.0
2022000764,동탄 파크릭스A52BL,41,경기,2022-11-04,2022,4,2,81560,40.0,101.7,110.6914,0.0
2022000764,동탄 파크릭스A52BL,41,경기,2022-11-04,2022,4,2,82980,127.0,101.7,110.9467,0.0
2022000763,동탄 파크릭스A51-2BL,41,경기,2022-11-04,2022,4,7,72560,14.0,101.7,110.7034,0.0
2022000763,동탄 파크릭스A51-2BL,41,경기,2022-11-04,2022,4,4,82690,49.0,101.7,110.6914,43.0
2022000763,동탄 파크릭스A51-2BL,41,경기,2022-11-04,2022,4,2,84010,77.0,101.7,110.9467,0.0
2022000762,동탄 파크릭스A51-1BL,41,경기,2022-11-04,2022,4,8,45970,6.0,101.7,74.7938,17.0
2022000762,동탄 파크릭스A51-1BL,41,경기,2022-11-04,2022,4,11,52690,18.0,101.7,84.9061,23.0
2022000762,동탄 파크릭스A51-1BL,41,경기,2022-11-04,2022,4,25,63350,6.5,101.7,97.9688,0.0
2022000762,동탄 파크릭스A51-1BL,41,경기,2022-11-04,2022,4,7,72200,17.0,101.7,110.7034,30.0
2022000762,동탄 파크릭스A51-1BL,41,경기,2022-11-04,2022,4,2,82060,40.0,101.7,110.6914,0.0
2022000762,동탄 파크릭스A51-1BL,41,경기,2022-11-04,2022,4,1,83670,58.0,101.7,110.9467,0.0
2022000757,평택 고덕 국제신도시 A-55 대광로제비앙 모아엘가,41,경기,2022-11-03,2022,4,396,50600,23.77,101.7,84.9452,38.0
2022000757,평택 고덕 국제신도시 A-55 대광로제비앙 모아엘가,41,경기,2022-11-03,2022,4,67,50600,12.32,101.7,84.9704,33.0
2022000752,오산 SK VIEW 1차,41,경기,2022-10-21,2022,4,26,46850,5.67,101.7,84.9823,0.0
2022000750,파주 운정신도시 A39BL 호반써밋,41,경기,2022-10-28,2022,4,91,38990,13.72,101.7,59.9683,34.0
2022000750,파주 운정신도시 A39BL 호반써밋,41,경기,2022-10-28,2022,4,15,38410,14.67,101.7,59.9015,33.0
2022000750,파주 운정신도시 A39BL 호반써밋,41,경기,2022-10-28,2022,4,59,50960,43.75,101.7,84.9251,43.0
2022000747,둔산 더샵 엘리프,30,대전,2022-11-03,2022,4,36,40510,1.35,101.7,48.9726,0.0
2022000747,둔산 더샵 엘리프,30,대전,2022-11-03,2022,4,24,46750,11.88,101.7,59.961,0.0
2022000747,둔산 더샵 엘리프,30,대전,2022-11-03,2022,4,21,44290,5.62,101.7,59.9677,0.0
2022000747,둔산 더샵 엘리프,30,대전,2022-11-03,2022,4,51,54800,6.68,101.7,72.9736,0.0
2022000747,둔산 더샵 엘리프,30,대전,2022-11-03,2022,4,19,52620,2.92,101.7,72.969,0.0
2022000747,둔산 더샵 엘리프,30,대전,2022-11-03,2022,4,473,63740,6.44,101.7,84.9879,0.0
2022000747,둔산 더샵 엘리프,30,대전,2022-11-03,2022,4,177,61620,2.97,101.7,84.9826,0.0
2022000747,둔산 더샵 엘리프,30,대전,2022-11-03,2022,4,61,63360,3.05,101.7,84.987,0.0
2022000747,둔산 더샵 엘리프,30,대전,2022-11-03,2022,4,56,63340,2.35,101.7,84.9877,0.0
2022000743,아야진 라메르 데시앙,51,강원,2022-10-28,2022,4,122,27850,1.37,101.7,59.9629,0.0
2022000743,아야진 라메르 데시앙,51,강원,2022-10-28,2022,4,95,38770,3.62,101.7,84.3589,0.0
2022000743,아야진 라메르 데시앙,51,강원,2022-10-28,2022,4,46,38960,2.09,101.7,84.9235,0.0
2022000733,덕소 강변 신일해피트리,41,경기,2022-10-21,2022,4,3,35000,2.67,101.7,49.9962,0.0
2022000733,덕소 강변 신일해피트리,41,경기,2022-10-21,2022,4,4,35400,1.75,101.7,49.9744,0.0
2022000733,덕소 강변 신일해피트리,41,경기,2022-10-21,2022,4,26,49510,3.31,101.7,59.9934,0.0
2022000733,덕소 강변 신일해피트리,41,경기,2022-10-21,2022,4,16,49340,2.06,101.7,59.9754,0.0
2022000733,덕소 강변 신일해피트리,41,경기,2022-10-21,2022,4,7,57200,11.57,101.7,74.9737,0.0
2022000732,연동 한일베라체 파크뷰,50,제주,2022-10-21,2022,4,12,49300,4.83,101.7,50.7246,0.0
2022000732,연동 한일베라체 파크뷰,50,제주,2022-10-21,2022,4,4,75850,5.25,101.7,75.289,0.0
2022000732,연동 한일베라체 파크뷰,50,제주,2022-10-21,2022,4,21,81540,2.48,101.7,83.6381,0.0
2022000732,연동 한일베라체 파크뷰,50,제주,2022-10-21,2022,4,14,82750,4.71,101.7,83.6381,0.0
2022000732,연동 한일베라체 파크뷰,50,제주,2022-10-21,2022,4,10,83140,3.3,101.7,84.8934,0.0
2022000732,연동 한일베라체 파크뷰,50,제주,2022-10-21,2022,4,4,84770,14.75,101.7,84.5951,0.0
2022000727,천안 일봉공원 호반써밋 센트럴파크(2BL),44,충남,2022-10-26,2022,4,33,34400,1.25,101.7,66.784,0.0
2022000726,천안 일봉공원 호반써밋 센트럴파크(1BL),44,충남,2022-10-26,2022,4,58,40700,1.16,101.7,84.9667,0.0
2022000724,논산 아이파크,44,충남,2022-10-28,2022,4,71,38600,1.25,101.7,84.98,0.0
2022000724,논산 아이파크,44,충남,2022-10-28,2022,4,68,37820,59.0,101.7,84.98,0.0
2022000720,광주 더파크 비스타 데시앙,41,경기,2022-10-21,2022,4,67,41800,11.64,101.7,59.9607,0.0
2022000720,광주 더파크 비스타 데시앙,41,경기,2022-10-21,2022,4,59,41100,6.15,101.7,59.9893,0.0
2022000720,광주 더파크 비스타 데시앙,41,경기,2022-10-21,2022,4,229,59000,8.08,101.7,84.9099,0.0
2022000720,광주 더파크 비스타 데시앙,41,경기,2022-10-21,2022,4,99,58500,4.35,101.7,84.9823,0.0
2022000720,광주 더파크 비스타 데시앙,41,경기,2022-10-21,2022,4,89,57500,3.59,101.7,84.9963,0.0
2022000718,충남내포신도시 디에트르 에듀시티,44,충남,2022-10-28,2022,4,34,43406,2.45,101.7,84.9614,0.0
2022000716,오산 세교2지구 A-21블록 모아미래도,41,경기,2022-10-28,2022,4,40,46200,45.63,101.7,84.7517,47.0
2022000716,오산 세교2지구 A-21블록 모아미래도,41,경기,2022-10-28,2022,4,39,44000,31.25,101.7,84.764,41.0
2022000716,오산 세교2지구 A-21블록 모아미래도,41,경기,2022-10-28,2022,4,102,51300,23.83,101.7,94.5843,32.0
2022000716,오산 세교2지구 A-21블록 모아미래도,41,경기,2022-10-28,2022,4,56,51500,19.83,101.7,94.5966,42.0
2022000714,e편한세상 홍성 더센트럴,44,충남,2022-10-21,2022,4,73,39146,18.0,101.7,84.9925,0.0
2022000709,도안 우미린 트리쉐이드,30,대전,2022-10-14,2022,4,187,67490,2.85,101.7,84.9558,0.0
2022000696,한신더휴 조치원,36,세종,2022-12-09,2022,4,14,35890,1.61,101.7,65.999,0.0
2022000686,평택 고덕국제신도시 디에트르 리비에르,41,경기,2022-11-03,2022,4,13,55069,257.0,101.7,84.9714,63.0
2022000686,평택 고덕국제신도시 디에트르 리비에르,41,경기,2022-11-03,2022,4,33,52697,119.0,101.7,84.9745,57.0
2022000686,평택 고덕국제신도시 디에트르 리비에르,41,경기,2022-11-03,2022,4,34,50579,85.57,101.7,84.9735,56.0
2022000678,서면경남아너스빌엔테로까사,26,부산,2022-10-21,2022,4,28,64985,1.34,101.7,84.968,0.0
2022000678,서면경남아너스빌엔테로까사,26,부산,2022-10-21,2022,4,10,61567,1.0,101.7,84.9518,0.0
2022000675,파주운정 경남아너스빌 디원(A18블록),41,경기,2022-10-14,2022,4,75,48800,102.2,101.7,84.234,56.0
2022000675,파주운정 경남아너스빌 디원(A18블록),41,경기,2022-10-14,2022,4,60,49100,48.92,101.7,84.8869,50.0
2022000674,파주운정 경남아너스빌 리버(A48블록),41,경기,2022-10-14,2022,4,50,39550,24.1,101.7,59.5855,44.0
2022000674,파주운정 경남아너스빌 리버(A48블록),41,경기,2022-10-14,2022,4,56,39780,17.64,101.7,59.9772,41.0
2022000674,파주운정 경남아너스빌 리버(A48블록),41,경기,2022-10-14,2022,4,32,49450,120.17,101.7,84.234,54.0
2022000674,파주운정 경남아너스빌 리버(A48블록),41,경기,2022-10-14,2022,4,33,49810,63.86,101.7,84.8869,44.0
2022000673,e편한세상 구미상모 트리베뉴,47,경북,2022-09-29,2022,3,7,42300,24.29,101.7,84.6399,0.0
2022000672,익산 중흥S-클래스 퍼스트파크,52,전북,2022-10-07,2022,4,13,34700,2.25,101.7,74.6563,0.0
2022000672,익산 중흥S-클래스 퍼스트파크,52,전북,2022-10-07,2022,4,108,39900,2.52,101.7,84.768,0.0
2022000672,익산 중흥S-클래스 퍼스트파크,52,전북,2022-10-07,2022,4,47,38950,1.92,101.7,84.9129,0.0
2022000672,익산 중흥S-클래스 퍼스트파크,52,전북,2022-10-07,2022,4,13,38900,12.0,101.7,84.9129,0.0
2022000664,힐스테이트 푸르지오 수원,41,경기,2022-09-23,2022,3,2,38500,121.5,101.7,49.92,0.0
2022000664,힐스테이트 푸르지오 수원,41,경기,2022-09-23,2022,3,2,48600,233.0,101.7,59.95,0.0
2022000664,힐스테이트 푸르지오 수원,41,경기,2022-09-23,2022,3,1,47700,146.0,101.7,59.88,0.0
2022000664,힐스테이트 푸르지오 수원,41,경기,2022-09-23,2022,3,1,53700,1010.0,101.7,74.96,0.0
2022000660,강릉KTX역 경남아너스빌,51,강원,2022-09-30,2022,3,40,52506,1.75,101.7,84.89,0.0
2022000660,강릉KTX역 경남아너스빌,51,강원,2022-09-30,2022,3,17,52170,1.4,101.7,84.9392,0.0
2022000653,양정자이더샵SKVIEW,26,부산,2022-09-27,2022,3,9,40950,23.56,101.7,46.2548,0.0
2022000653,양정자이더샵SKVIEW,26,부산,2022-09-27,2022,3,101,50590,34.05,101.7,59.9794,0.0
2022000653,양정자이더샵SKVIEW,26,부산,2022-09-27,2022,3,139,57720,47.83,101.7,72.3725,0.0
2022000653,양정자이더샵SKVIEW,26,부산,2022-09-27,2022,3,122,56910,21.8,101.7,72.3858,0.0
2022000653,양정자이더샵SKVIEW,26,부산,2022-09-27,2022,3,45,57720,26.91,101.7,72.2791,0.0
2022000653,양정자이더샵SKVIEW,26,부산,2022-09-27,2022,3,77,68720,160.03,101.7,84.9296,0.0
2022000653,양정자이더샵SKVIEW,26,부산,2022-09-27,2022,3,40,67420,70.85,101.7,84.896,0.0
2022000653,양정자이더샵SKVIEW,26,부산,2022-09-27,2022,3,7,68370,156.86,101.7,84.9268,0.0
2022000652,두류역자이,27,대구,2022-09-23,2022,3,21,54900,2.86,101.7,59.9708,0.0
2022000652,두류역자이,27,대구,2022-09-23,2022,3,20,81700,9.95,101.7,84.9723,0.0
2022000652,두류역자이,27,대구,2022-09-23,2022,3,2,71700,5.0,101.7,84.9916,0.0
2022000652,두류역자이,27,대구,2022-09-23,2022,3,8,75100,2.06,101.7,84.9396,0.0
2022000651,더샵 군산프리미엘,52,전북,2022-09-30,2022,3,110,40780,2.52,101.7,84.9836,0.0
2022000649,음성자이 센트럴시티,43,충북,2022-09-27,2022,3,3,46800,8.0,101.7,84.98,0.0
2022000637,동천역 트리너스,41,경기,2022-10-04,2022,4,7,59250,5.0,101.7,47.6768,0.0
2022000637,동천역 트리너스,41,경기,2022-10-04,2022,4,7,78500,6.0,101.7,64.1439,0.0
2022000637,동천역 트리너스,41,경기,2022-10-04,2022,4,2,150400,2.5,101.7,97.6808,0.0
2022000630,장성 바울루체,46,전남,2022-09-16,2022,3,8,31709,1.55,101.7,84.9921,0.0
2022000602,e편한세상 주촌 더프리미어,48,경남,2022-09-02,2022,3,208,47950,3.96,101.7,84.9986,0.0
2022000602,e편한세상 주촌 더프리미어,48,경남,2022-09-02,2022,3,75,48630,2.02,101.7,84.9974,0.0
2022000598,송도자이르네 디오션,26,부산,2022-08-26,2022,3,44,54200,4.16,101.7,84.9776,0.0
2022000598,송도자이르네 디오션,26,부산,2022-08-26,2022,3,8,58000,4.38,101.7,84.9713,0.0
2022000598,송도자이르네 디오션,26,부산,2022-08-26,2022,3,1,143700,4.0,101.7,134.9472,0.0
2022000596,동백호수공원 두산위브더제니스,41,경기,2022-10-07,2022,4,7,48000,11.71,101.7,61.9767,0.0
2022000596,동백호수공원 두산위브더제니스,41,경기,2022-10-07,2022,4,1,47750,12.0,101.7,61.9767,0.0
2022000596,동백호수공원 두산위브더제니스,41,경기,2022-10-07,2022,4,4,55600,21.25,101.7,75.9349,0.0
2022000596,동백호수공원 두산위브더제니스,41,경기,2022-10-07,2022,4,2,61500,57.5,101.7,84.993,0.0
2022000585,천안 롯데캐슬 더 청당,44,충남,2022-08-26,2022,3,55,31590,2.89,101.7,59.9948,0.0
2022000585,천안 롯데캐슬 더 청당,44,충남,2022-08-26,2022,3,13,30840,1.77,101.7,59.9934,0.0
2022000585,천안 롯데캐슬 더 청당,44,충남,2022-08-26,2022,3,97,53220,3.86,101.7,99.9968,0.0
2022000584,힐스테이트 원주 레스티지,51,강원,2022-08-26,2022,3,117,46630,13.63,101.7,84.9974,0.0
2022000584,힐스테이트 원주 레스티지,51,강원,2022-08-26,2022,3,170,45910,2.78,101.7,84.9944,0.0
2022000582,인덕원 자이 SK VIEW,41,경기,2022-09-08,2022,3,10,47500,6.0,101.7,39.9977,0.0
2022000582,인덕원 자이 SK VIEW,41,경기,2022-09-08,2022,3,144,59000,111.0,101.7,49.9795,0.0
2022000582,인덕원 자이 SK VIEW,41,경기,2022-09-08,2022,3,31,59700,20.0,101.7,49.9795,0.0
2022000582,인덕원 자이 SK VIEW,41,경기,2022-09-08,2022,3,43,77800,58.67,101.7,59.9905,0.0
2022000582,인덕원 자이 SK VIEW,41,경기,2022-09-08,2022,3,40,88200,3.4,101.7,74.9946,0.0
2022000582,인덕원 자이 SK VIEW,41,경기,2022-09-08,2022,3,31,88100,2.61,101.7,74.9963,0.0
2022000582,인덕원 자이 SK VIEW,41,경기,2022-09-08,2022,3,20,88400,2.0,101.7,74.9975,0.0
2022000582,인덕원 자이 SK VIEW,41,경기,2022-09-08,2022,3,62,134500,14.0,101.7,112.9985,0.0
2022000576,인천 검단신도시 AB17BL 우미린 클래스원,28,인천,2022-08-25,2022,3,173,47590,55.44,101.7,84.9459,51.0
2022000576,인천 검단신도시 AB17BL 우미린 클래스원,28,인천,2022-08-25,2022,3,78,46260,40.82,101.7,84.9792,41.0
2022000576,인천 검단신도시 AB17BL 우미린 클래스원,28,인천,2022-08-25,2022,3,73,46340,49.72,101.7,84.9813,46.0
2022000575,양양 스위트엠 디오션,51,강원,2022-09-02,2022,3,54,37850,7.0,101.7,84.8839,0.0
2022000575,양양 스위트엠 디오션,51,강원,2022-09-02,2022,3,1,37490,6.0,101.7,84.8839,0.0
2022000565,힐스테이트 월산,29,광주,2022-08-19,2022,3,5,37100,5.4,101.7,49.9088,0.0
2022000565,힐스테이트 월산,29,광주,2022-08-19,2022,3,21,55900,5.17,101.7,75.925,0.0
2022000565,힐스테이트 월산,29,광주,2022-08-19,2022,3,24,61500,5.92,101.7,84.9303,0.0
2022000565,힐스테이트 월산,29,광주,2022-08-19,2022,3,27,62700,8.04,101.7,84.9643,0.0
2022000564,수원 아이파크 시티 10단지,41,경기,2022-08-19,2022,3,24,73920,7.83,101.7,84.9056,0.0
2022000564,수원 아이파크 시티 10단지,41,경기,2022-08-19,2022,3,13,73728,1.92,101.7,84.9563,0.0
2022000564,수원 아이파크 시티 10단지,41,경기,2022-08-19,2022,3,16,73902,2.31,101.7,84.9042,0.0
2022000564,수원 아이파크 시티 10단지,41,경기,2022-08-19,2022,3,13,72432,3.38,101.7,84.78,0.0
2022000562,오송역 서한이다음 노블리스,43,충북,2022-08-19,2022,3,143,40300,17.73,101.7,101.8879,0.0
2022000562,오송역 서한이다음 노블리스,43,충북,2022-08-19,2022,3,143,46700,6.5,101.7,119.9489,0.0
2022000562,오송역 서한이다음 노블리스,43,충북,2022-08-19,2022,3,174,51800,6.31,101.7,134.4924,0.0
2022000562,오송역 서한이다음 노블리스,43,충북,2022-08-19,2022,3,121,56400,3.82,101.7,150.6402,0.0
2022000562,오송역 서한이다음 노블리스,43,충북,2022-08-19,2022,3,57,66900,2.45,101.7,182.0718,0.0
2022000561,남구로역 동일 센타시아,11,서울,2022-08-18,2022,3,4,49300,3.0,103.2,33.6443,0.0
2022000561,남구로역 동일 센타시아,11,서울,2022-08-18,2022,3,4,47900,5.0,103.2,34.4916,0.0
2022000561,남구로역 동일 센타시아,11,서울,2022-08-18,2022,3,2,53000,4.0,103.2,35.2843,0.0
2022000561,남구로역 동일 센타시아,11,서울,2022-08-18,2022,3,5,46400,2.6,103.2,37.3188,0.0
2022000561,남구로역 동일 센타시아,11,서울,2022-08-18,2022,3,2,50700,4.0,103.2,38.6542,0.0
2022000561,남구로역 동일 센타시아,11,서울,2022-08-18,2022,3,2,57600,3.0,103.2,40.294,0.0
2022000561,남구로역 동일 센타시아,11,서울,2022-08-18,2022,3,2,54200,1.0,103.2,42.384,0.0
2022000561,남구로역 동일 센타시아,11,서울,2022-08-18,2022,3,9,57700,4.0,103.2,42.384,0.0
2022000561,남구로역 동일 센타시아,11,서울,2022-08-18,2022,3,1,56000,2.0,103.2,43.1175,0.0
2022000561,남구로역 동일 센타시아,11,서울,2022-08-18,2022,3,2,57400,3.0,103.2,43.146,0.0
2022000561,남구로역 동일 센타시아,11,서울,2022-08-18,2022,3,1,60700,6.0,103.2,48.0152,0.0
2022000561,남구로역 동일 센타시아,11,서울,2022-08-18,2022,3,1,69700,19.0,103.2,54.052,0.0
2022000561,남구로역 동일 센타시아,11,서울,2022-08-18,2022,3,1,77600,25.0,103.2,60.9817,0.0
2022000561,남구로역 동일 센타시아,11,서울,2022-08-18,2022,3,1,78500,5.0,103.2,61.1445,0.0
2022000561,남구로역 동일 센타시아,11,서울,2022-08-18,2022,3,2,80900,25.0,103.2,67.948,0.0
2022000558,신창 유탑 유블레스 리버시티,29,광주,2022-10-13,2022,4,5,36006,1.8,101.7,59.9146,0.0
2022000558,신창 유탑 유블레스 리버시티,29,광주,2022-10-13,2022,4,13,51000,1.14,101.7,84.9649,0.0
2022000557,평촌 두산위브 더 프라임,41,경기,2022-08-29,2022,3,22,59830,1.36,101.7,49.9598,0.0
2022000557,평촌 두산위브 더 프라임,41,경기,2022-08-29,2022,3,47,68770,2.77,101.7,59.9946,0.0
2022000557,평촌 두산위브 더 프라임,41,경기,2022-08-29,2022,3,14,88840,7.79,101.7,84.9057,0.0
2022000554,남전주IC 서희스타힐스,52,전북,2022-08-26,2022,3,30,31930,60.0,101.7,84.6899,0.0
2022000554,남전주IC 서희스타힐스,52,전북,2022-08-26,2022,3,1,27550,3.0,101.7,84.6899,0.0
2022000545,e편한세상 서면 더센트럴,26,부산,2022-08-12,2022,3,4,50249,17.0,101.7,59.997,0.0
2022000545,e편한세상 서면 더센트럴,26,부산,2022-08-12,2022,3,3,57697,21.0,101.7,69.9964,0.0
2022000545,e편한세상 서면 더센트럴,26,부산,2022-08-12,2022,3,2,69488,120.5,101.7,84.9976,0.0
2022000537,화순센텀 모아엘가 트레뷰,46,전남,2022-08-11,2022,3,61,47170,1.93,101.7,84.2474,0.0
2022000537,화순센텀 모아엘가 트레뷰,46,전남,2022-08-11,2022,3,44,48670,8.12,101.7,84.4009,0.0
2022000537,화순센텀 모아엘가 트레뷰,46,전남,2022-08-11,2022,3,62,47370,2.01,101.7,84.6635,0.0
2022000536,군산 경남아너스빌 디오션,52,전북,2022-08-11,2022,3,296,38400,1.09,101.7,84.9393,0.0
2022000536,군산 경남아너스빌 디오션,52,전북,2022-08-11,2022,3,20,38300,1.42,101.7,84.9547,0.0
2022000536,군산 경남아너스빌 디오션,52,전북,2022-08-11,2022,3,29,37500,1.06,101.7,84.9758,0.0
2022000536,군산 경남아너스빌 디오션,52,전북,2022-08-11,2022,3,40,38400,1.07,101.7,84.9182,0.0
2022000532,의정부역 브라운스톤 리버뷰,41,경기,2022-08-05,2022,3,21,44020,2.24,101.7,59.995,0.0
2022000532,의정부역 브라운스톤 리버뷰,41,경기,2022-08-05,2022,3,26,43810,2.27,101.7,59.9983,0.0
2022000532,의정부역 브라운스톤 리버뷰,41,경기,2022-08-05,2022,3,119,44400,1.74,101.7,59.995,0.0
2022000532,의정부역 브라운스톤 리버뷰,41,경기,2022-08-05,2022,3,11,57380,6.27,101.7,76.7903,0.0
2022000532,의정부역 브라운스톤 리버뷰,41,경기,2022-08-05,2022,3,16,56650,11.75,101.7,76.7903,0.0
2022000532,의정부역 브라운스톤 리버뷰,41,경기,2022-08-05,2022,3,6,62000,16.33,101.7,84.9947,0.0
2022000532,의정부역 브라운스톤 리버뷰,41,경기,2022-08-05,2022,3,5,63430,13.4,101.7,84.9928,0.0
2022000532,의정부역 브라운스톤 리버뷰,41,경기,2022-08-05,2022,3,7,62990,23.14,101.7,84.9947,0.0
2022000532,의정부역 브라운스톤 리버뷰,41,경기,2022-08-05,2022,3,12,73460,11.5,101.7,104.6401,0.0
2022000531,오산 세교2지구 A10블록 칸타빌 더퍼스트,41,경기,2022-08-19,2022,3,188,43410,8.61,101.7,84.99,0.0
2022000531,오산 세교2지구 A10블록 칸타빌 더퍼스트,41,경기,2022-08-19,2022,3,5,43730,62.0,101.7,84.98,31.0
2022000524,두산위브더제니스 센트럴 원주,51,강원,2022-08-11,2022,3,29,29530,6.31,101.7,59.9314,0.0
2022000524,두산위브더제니스 센트럴 원주,51,강원,2022-08-11,2022,3,9,28880,2.56,101.7,59.7799,0.0
2022000524,두산위브더제니스 센트럴 원주,51,강원,2022-08-11,2022,3,62,36520,4.56,101.7,74.9472,0.0
2022000524,두산위브더제니스 센트럴 원주,51,강원,2022-08-11,2022,3,23,35570,1.39,101.7,74.9101,0.0
2022000524,두산위브더제니스 센트럴 원주,51,강원,2022-08-11,2022,3,229,41610,2.8,101.7,84.9365,0.0
2022000523,e편한세상 삼천포 오션프라임,48,경남,2022-07-28,2022,3,65,40864,1.26,101.7,84.9269,0.0
2022000522,양산 금호 리첸시아 시그니처,48,경남,2022-08-25,2022,3,30,54800,7.76,101.7,84.492,0.0
2022000522,양산 금호 리첸시아 시그니처,48,경남,2022-08-25,2022,3,32,54300,2.55,101.7,84.863,0.0
2022000522,양산 금호 리첸시아 시그니처,48,경남,2022-08-25,2022,3,13,54500,2.0,101.7,84.885,0.0
2022000514,힐스테이트 마크로엔,48,경남,2022-07-29,2022,3,56,48800,101.93,101.7,59.6862,0.0
2022000514,힐스테이트 마크로엔,48,경남,2022-07-29,2022,3,23,48900,72.7,101.7,59.3481,0.0
2022000512,한화 포레나 대전월평공원 2단지,30,대전,2022-07-29,2022,3,98,52100,1.83,101.7,84.9027,0.0
2022000512,한화 포레나 대전월평공원 2단지,30,대전,2022-07-29,2022,3,93,52300,2.53,101.7,84.8382,0.0
2022000512,한화 포레나 대전월평공원 2단지,30,대전,2022-07-29,2022,3,64,50900,4.0,101.7,84.9858,0.0
2022000511,한화 포레나 대전월평공원 1단지,30,대전,2022-07-29,2022,3,127,52100,5.07,101.7,84.9027,0.0
2022000511,한화 포레나 대전월평공원 1단지,30,대전,2022-07-29,2022,3,96,52300,3.66,101.7,84.8382,0.0
2022000511,한화 포레나 대전월평공원 1단지,30,대전,2022-07-29,2022,3,24,50900,2.54,101.7,84.9858,0.0
2022000511,한화 포레나 대전월평공원 1단지,30,대전,2022-07-29,2022,3,68,50800,11.0,101.7,84.9836,0.0
2022000510,e편한세상 부평역 센트럴파크,28,인천,2022-07-28,2022,3,55,46040,1.29,101.7,49.6829,0.0
2022000510,e편한세상 부평역 센트럴파크,28,인천,2022-07-28,2022,3,108,56360,3.93,101.7,59.8384,0.0
2022000510,e편한세상 부평역 센트럴파크,28,인천,2022-07-28,2022,3,56,55490,2.09,101.7,59.9933,0.0
2022000505,창원자이 시그니처,48,경남,2022-07-29,2022,3,99,45090,14.34,101.7,59.7409,0.0
2022000505,창원자이 시그니처,48,경남,2022-07-29,2022,3,85,55810,22.71,101.7,75.6306,0.0
2022000505,창원자이 시그니처,48,경남,2022-07-29,2022,3,31,62200,81.87,101.7,84.9742,0.0
2022000501,서면4차 봄여름가을겨울,26,부산,2022-07-29,2022,3,11,63920,10.45,101.7,83.2512,0.0
2022000501,서면4차 봄여름가을겨울,26,부산,2022-07-29,2022,3,12,64710,9.58,101.7,83.2508,0.0
2022000500,속초 헤리엇 THE 228,51,강원,2022-07-22,2022,3,2,43890,10.0,101.7,84.9649,0.0
2022000500,속초 헤리엇 THE 228,51,강원,2022-07-22,2022,3,2,46430,12.0,101.7,84.9649,0.0
2022000500,속초 헤리엇 THE 228,51,강원,2022-07-22,2022,3,1,47220,1.0,101.7,84.9649,0.0
2022000500,속초 헤리엇 THE 228,51,강원,2022-07-22,2022,3,5,47540,20.0,101.7,84.9649,0.0
2022000500,속초 헤리엇 THE 228,51,강원,2022-07-22,2022,3,29,55780,2.76,101.7,84.9649,0.0
2022000498,화성파크드림 구수산공원,27,대구,2022-07-26,2022,3,110,53900,3.48,101.7,84.9985,0.0
2022000498,화성파크드림 구수산공원,27,대구,2022-07-26,2022,3,23,53900,1.47,101.7,84.9556,0.0
2022000489,천왕역 모아엘가 트레뷰,11,서울,2022-08-19,2022,3,5,86000,7.8,103.2,67.9639,0.0
2022000488,"송도 하늘채 아이비원(M2-3-1,2BL)",28,인천,2022-07-14,2022,3,5,29948,2.5,101.7,32.4584,0.0
2022000488,"송도 하늘채 아이비원(M2-3-1,2BL)",28,인천,2022-07-14,2022,3,33,59863,4.25,101.7,59.3215,16.0
2022000488,"송도 하늘채 아이비원(M2-3-1,2BL)",28,인천,2022-07-14,2022,3,5,59896,7.5,101.7,59.4882,11.0
2022000488,"송도 하늘채 아이비원(M2-3-1,2BL)",28,인천,2022-07-14,2022,3,7,59849,6.67,101.7,59.0208,0.0
2022000483,부평 하우스토리 어반그린,28,인천,2022-07-22,2022,3,27,43230,1.41,101.7,59.8997,0.0
2022000483,부평 하우스토리 어반그린,28,인천,2022-07-22,2022,3,14,42490,14.0,101.7,59.8997,0.0
2022000480,청주 흥덕 칸타빌 더뉴,43,충북,2022-07-15,2022,3,18,25802,5.72,101.7,59.9755,0.0
2022000480,청주 흥덕 칸타빌 더뉴,43,충북,2022-07-15,2022,3,19,25438,2.26,101.7,59.9861,0.0
2022000480,청주 흥덕 칸타빌 더뉴,43,충북,2022-07-15,2022,3,28,32281,4.47,101.7,74.6957,0.0
2022000480,청주 흥덕 칸타빌 더뉴,43,충북,2022-07-15,2022,3,9,37350,29.78,101.7,84.8504,0.0
2022000477,나운 금호어울림 센트럴,52,전북,2022-07-14,2022,3,11,23022,7.0,101.7,59.7894,0.0
2022000477,나운 금호어울림 센트럴,52,전북,2022-07-14,2022,3,3,23057,6.67,101.7,59.9654,0.0
2022000477,나운 금호어울림 센트럴,52,전북,2022-07-14,2022,3,9,27306,17.0,101.7,73.428,0.0
2022000477,나운 금호어울림 센트럴,52,전북,2022-07-14,2022,3,5,31200,78.4,101.7,84.9912,0.0
2022000476,서면 가화만사성 더 테라스,26,부산,2022-07-22,2022,3,7,37650,1.86,101.7,57.3827,0.0
2022000476,서면 가화만사성 더 테라스,26,부산,2022-07-22,2022,3,30,47710,3.6,101.7,73.763,0.0
2022000474,양산5차 비스타동원 솔라스타,48,경남,2022-07-22,2022,3,51,33800,62.0,101.7,59.9744,0.0
2022000474,양산5차 비스타동원 솔라스타,48,경남,2022-07-22,2022,3,1,32300,3.0,101.7,59.9744,0.0
2022000474,양산5차 비스타동원 솔라스타,48,경남,2022-07-22,2022,3,30,46900,3.46,101.7,84.9797,0.0
2022000473,사하코오롱하늘채,26,부산,2022-07-15,2022,3,5,40620,1.8,101.7,59.9307,0.0
2022000473,사하코오롱하늘채,26,부산,2022-07-15,2022,3,16,40568,1.0,101.7,59.9513,0.0
2022000473,사하코오롱하늘채,26,부산,2022-07-15,2022,3,1,40597,1.0,101.7,59.9513,0.0
2022000473,사하코오롱하늘채,26,부산,2022-07-15,2022,3,4,50277,2.0,101.7,76.6671,0.0
2022000473,사하코오롱하늘채,26,부산,2022-07-15,2022,3,14,55424,3.57,101.7,84.8943,0.0
2022000463,가능역 하우스토리 리버블리스,41,경기,2022-07-29,2022,3,2,47030,5.5,101.7,74.99,0.0
2022000456,한화 포레나 인천구월,28,인천,2022-07-08,2022,3,47,47213,4.43,101.7,59.9847,0.0
2022000456,한화 포레나 인천구월,28,인천,2022-07-08,2022,3,95,47208,3.82,101.7,59.9871,0.0
2022000456,한화 포레나 인천구월,28,인천,2022-07-08,2022,3,18,56985,7.06,101.7,74.9916,0.0
2022000456,한화 포레나 인천구월,28,인천,2022-07-08,2022,3,29,62787,16.72,101.7,84.9916,0.0
2022000456,한화 포레나 인천구월,28,인천,2022-07-08,2022,3,19,63716,8.21,101.7,84.9901,0.0
2022000455,남중동 오투그란데 뉴퍼스트,52,전북,2022-07-29,2022,3,91,34100,35.0,101.7,84.5633,0.0
2022000455,남중동 오투그란데 뉴퍼스트,52,전북,2022-07-29,2022,3,6,33600,1.07,101.7,84.5633,0.0
2022000452,구미 해모로 리버시티,47,경북,2022-07-20,2022,3,51,41500,1.34,101.7,84.5965,0.0
2022000450,쌍용 더 플래티넘 삼계,48,경남,2022-07-08,2022,3,25,46710,1.06,101.7,84.7245,0.0
2022000450,쌍용 더 플래티넘 삼계,48,경남,2022-07-08,2022,3,47,47900,1.03,101.7,84.898,0.0
2022000442,인천 두산위브 더센트럴,28,인천,2022-07-14,2022,3,47,37900,9.0,101.7,59.51,0.0
2022000442,인천 두산위브 더센트럴,28,인천,2022-07-14,2022,3,17,58600,5.65,101.7,84.55,0.0
2022000442,인천 두산위브 더센트럴,28,인천,2022-07-14,2022,3,7,56000,4.86,101.7,84.95,0.0
2022000434,무안 오룡지구 우미린 2차(44BL),46,전남,2022-07-22,2022,3,183,35620,11.71,101.7,84.7594,0.0
2022000434,무안 오룡지구 우미린 2차(44BL),46,전남,2022-07-22,2022,3,27,34590,10.0,101.7,84.8078,0.0
2022000434,무안 오룡지구 우미린 2차(44BL),46,전남,2022-07-22,2022,3,38,35120,9.02,101.7,84.948,0.0
2022000434,무안 오룡지구 우미린 2차(44BL),46,전남,2022-07-22,2022,3,9,35560,2.2,101.7,84.743,0.0
2022000433,무안 오룡지구 우미린 1차(43BL),46,전남,2022-07-22,2022,3,81,35970,4.64,101.7,84.7594,0.0
2022000433,무안 오룡지구 우미린 1차(43BL),46,전남,2022-07-22,2022,3,28,34970,20.0,101.7,84.8078,0.0
2022000433,무안 오룡지구 우미린 1차(43BL),46,전남,2022-07-22,2022,3,31,35500,2.3,101.7,84.948,0.0
2022000431,구미 인동 하늘채 디어반 2차,47,경북,2022-06-30,2022,2,60,36950,1.1,101.7,76.7116,0.0
2022000431,구미 인동 하늘채 디어반 2차,47,경북,2022-06-30,2022,2,163,41840,10.17,101.7,84.9175,0.0
2022000431,구미 인동 하늘채 디어반 2차,47,경북,2022-06-30,2022,2,132,41790,1.72,101.7,84.9694,0.0
2022000430,제주시 엘크루 더 퍼스트,50,제주,2022-07-01,2022,3,40,39320,1.53,101.7,59.978,0.0
2022000430,제주시 엘크루 더 퍼스트,50,제주,2022-07-01,2022,3,8,38550,1.38,101.7,59.978,0.0
2022000427,중촌 SK VIEW,30,대전,2022-07-08,2022,3,49,37400,11.37,101.7,59.9487,0.0
2022000427,중촌 SK VIEW,30,대전,2022-07-08,2022,3,46,35800,7.24,101.7,59.7065,0.0
2022000427,중촌 SK VIEW,30,대전,2022-07-08,2022,3,25,47500,31.52,101.7,74.6217,0.0
2022000427,중촌 SK VIEW,30,대전,2022-07-08,2022,3,27,52400,58.63,101.7,84.7675,0.0
2022000416,원당역 롯데캐슬 스카이엘,41,경기,2022-06-30,2022,2,6,24400,9.33,101.7,35.0896,0.0
2022000416,원당역 롯데캐슬 스카이엘,41,경기,2022-06-30,2022,2,14,37000,18.07,101.7,47.9986,0.0
2022000416,원당역 롯데캐슬 스카이엘,41,경기,2022-06-30,2022,2,169,58600,7.59,101.7,59.9978,0.0
2022000416,원당역 롯데캐슬 스카이엘,41,경기,2022-06-30,2022,2,111,57800,7.14,101.7,59.9887,0.0
2022000415,연산 하늘채 엘센트로,26,부산,2022-06-30,2022,2,1,46850,132.0,101.7,59.9732,0.0
2022000415,연산 하늘채 엘센트로,26,부산,2022-06-30,2022,2,25,64550,11.72,101.7,75.8879,0.0
2022000415,연산 하늘채 엘센트로,26,부산,2022-06-30,2022,2,17,62020,12.41,101.7,75.8638,0.0
2022000415,연산 하늘채 엘센트로,26,부산,2022-06-30,2022,2,19,71990,22.21,101.7,84.9899,0.0
2022000415,연산 하늘채 엘센트로,26,부산,2022-06-30,2022,2,21,73350,23.43,101.7,84.9913,0.0
2022000400,더샵 거창포르시엘 2차,48,경남,2022-06-23,2022,2,103,35010,12.34,101.7,84.9694,0.0
2022000400,더샵 거창포르시엘 2차,48,경남,2022-06-23,2022,2,63,34150,6.16,101.7,84.756,0.0
2022000400,더샵 거창포르시엘 2차,48,경남,2022-06-23,2022,2,10,34670,15.27,101.7,84.6131,0.0
2022000392,익산 남중동 광신프로그레스 더센트로,52,전북,2022-07-29,2022,3,208,34830,1.2,101.7,84.8257,0.0
2022000384,대전스카이자이르네,30,대전,2022-06-23,2022,2,15,51500,2.79,101.7,84.9996,0.0
2022000384,대전스카이자이르네,30,대전,2022-06-23,2022,2,16,48410,1.42,101.7,84.9949,0.0
2022000384,대전스카이자이르네,30,대전,2022-06-23,2022,2,36,51500,1.17,101.7,84.993,0.0
2022000381,삼구트리니엔 시그니처,47,경북,2022-06-16,2022,2,175,48630,11.03,101.7,84.9993,0.0
2022000381,삼구트리니엔 시그니처,47,경북,2022-06-16,2022,2,55,48630,24.94,101.7,84.9919,0.0
2022000381,삼구트리니엔 시그니처,47,경북,2022-06-16,2022,2,26,48630,10.11,101.7,84.9942,0.0
2022000381,삼구트리니엔 시그니처,47,경북,2022-06-16,2022,2,3,49980,1053.33,101.7,84.9993,0.0
2022000379,화성 봉담자이 라젠느,41,경기,2022-08-05,2022,3,23,42730,2.65,101.7,59.9911,0.0
2022000379,화성 봉담자이 라젠느,41,경기,2022-08-05,2022,3,22,43260,2.82,101.7,59.9911,0.0
2022000379,화성 봉담자이 라젠느,41,경기,2022-08-05,2022,3,203,54280,2.19,101.7,84.9977,0.0
2022000379,화성 봉담자이 라젠느,41,경기,2022-08-05,2022,3,41,55400,47.33,101.7,84.9909,0.0
2022000379,화성 봉담자이 라젠느,41,경기,2022-08-05,2022,3,32,54470,3.31,101.7,84.9931,0.0
2022000379,화성 봉담자이 라젠느,41,경기,2022-08-05,2022,3,77,66320,2.27,101.7,101.616,0.0
2022000379,화성 봉담자이 라젠느,41,경기,2022-08-05,2022,3,19,67710,2.24,101.7,101.6115,0.0
2022000379,화성 봉담자이 라젠느,41,경기,2022-08-05,2022,3,4,89810,13.5,101.7,112.9697,0.0
2022000378,시흥 센트럴 헤센,41,경기,2022-06-22,2022,2,14,45000,1.43,101.7,59.9932,0.0
2022000378,시흥 센트럴 헤센,41,경기,2022-06-22,2022,2,4,63000,2.25,101.7,84.9692,0.0
2022000378,시흥 센트럴 헤센,41,경기,2022-06-22,2022,2,5,64000,27.0,101.7,84.9638,0.0
2022000378,시흥 센트럴 헤센,41,경기,2022-06-22,2022,2,6,61000,1.67,101.7,84.9513,0.0
2022000378,시흥 센트럴 헤센,41,경기,2022-06-22,2022,2,7,62000,20.0,101.7,84.9443,0.0
2022000375,양평 공흥3 휴먼빌 아틀리에,41,경기,2022-06-17,2022,2,31,44990,14.0,101.7,74.895,0.0
2022000375,양평 공흥3 휴먼빌 아틀리에,41,경기,2022-06-17,2022,2,90,49320,54.0,101.7,84.7474,0.0
2022000369,빌리브센트하이,41,경기,2022-07-08,2022,3,13,68600,1.15,101.7,84.855,0.0
2022000369,빌리브센트하이,41,경기,2022-07-08,2022,3,37,67700,1.49,101.7,84.976,0.0
2022000368,신화하니엘 에비뉴힐,26,부산,2022-07-08,2022,3,2,54482,1.6,101.7,83.2828,0.0
2022000366,청주 SK VIEW 자이,43,충북,2022-06-10,2022,2,59,25680,10.9,101.7,59.9735,0.0
2022000366,청주 SK VIEW 자이,43,충북,2022-06-10,2022,2,51,24940,6.96,101.7,59.9784,0.0
2022000366,청주 SK VIEW 자이,43,충북,2022-06-10,2022,2,42,24870,6.69,101.7,59.991,0.0
2022000366,청주 SK VIEW 자이,43,충북,2022-06-10,2022,2,126,31770,11.32,101.7,74.9981,0.0
2022000366,청주 SK VIEW 자이,43,충북,2022-06-10,2022,2,213,36540,26.04,101.7,84.9695,0.0
2022000366,청주 SK VIEW 자이,43,충북,2022-06-10,2022,2,52,43870,52.46,101.7,101.9612,0.0
2022000364,신독산 솔리힐 뉴포레,11,서울,2022-06-16,2022,2,2,87600,14.0,103.2,59.1669,0.0
2022000364,신독산 솔리힐 뉴포레,11,서울,2022-06-16,2022,2,1,87800,9.0,103.2,59.1638,0.0
2022000364,신독산 솔리힐 뉴포레,11,서울,2022-06-16,2022,2,2,88000,8.5,103.2,59.5063,0.0
2022000364,신독산 솔리힐 뉴포레,11,서울,2022-06-16,2022,2,1,88500,5.0,103.2,59.8811,0.0
2022000364,신독산 솔리힐 뉴포레,11,서울,2022-06-16,2022,2,1,88400,89.0,103.2,60.5723,0.0
2022000364,신독산 솔리힐 뉴포레,11,서울,2022-06-16,2022,2,1,87800,9.0,103.2,61.7919,0.0
2022000364,신독산 솔리힐 뉴포레,11,서울,2022-06-16,2022,2,1,74700,53.0,103.2,68.5534,0.0
2022000364,신독산 솔리힐 뉴포레,11,서울,2022-06-16,2022,2,2,79700,6.5,103.2,68.5501,0.0
2022000364,신독산 솔리힐 뉴포레,11,서울,2022-06-16,2022,2,1,78800,34.0,103.2,68.7601,0.0
2022000364,신독산 솔리힐 뉴포레,11,서울,2022-06-16,2022,2,1,79000,19.0,103.2,68.7509,0.0
2022000364,신독산 솔리힐 뉴포레,11,서울,2022-06-16,2022,2,2,77400,8.0,103.2,68.6006,0.0
2022000364,신독산 솔리힐 뉴포레,11,서울,2022-06-16,2022,2,2,78800,9.0,103.2,68.739,0.0
2022000363,힐스테이트 불로 포레스트,28,인천,2022-06-10,2022,2,209,52900,2.17,101.7,84.8616,0.0
2022000363,힐스테이트 불로 포레스트,28,인천,2022-06-10,2022,2,33,52900,1.85,101.7,84.8802,0.0
2022000362,힐스테이트 탑석,41,경기,2022-06-17,2022,2,59,46280,2.39,101.7,59.9902,0.0
2022000362,힐스테이트 탑석,41,경기,2022-06-17,2022,2,32,46010,1.44,101.7,59.9877,0.0
2022000362,힐스테이트 탑석,41,경기,2022-06-17,2022,2,31,45930,1.42,101.7,59.9877,0.0
2022000362,힐스테이트 탑석,41,경기,2022-06-17,2022,2,54,57750,1.75,101.7,74.9966,0.0
2022000362,힐스테이트 탑석,41,경기,2022-06-17,2022,2,36,57360,32.0,101.7,74.9909,0.0
2022000362,힐스테이트 탑석,41,경기,2022-06-17,2022,2,66,62810,5.3,101.7,84.9634,0.0
2022000362,힐스테이트 탑석,41,경기,2022-06-17,2022,2,33,62260,90.67,101.7,84.939,0.0
2022000360,광주 금호지구 대광로제비앙,29,광주,2022-06-23,2022,2,8,52500,2.83,101.7,66.2029,0.0
2022000360,광주 금호지구 대광로제비앙,29,광주,2022-06-23,2022,2,4,52820,1.2,101.7,66.7633,0.0
2022000360,광주 금호지구 대광로제비앙,29,광주,2022-06-23,2022,2,13,65850,6.54,101.7,84.8726,0.0
2022000360,광주 금호지구 대광로제비앙,29,광주,2022-06-23,2022,2,7,66460,9.29,101.7,84.9103,0.0
2022000360,광주 금호지구 대광로제비앙,29,광주,2022-06-23,2022,2,1,63460,7.0,101.7,84.8186,0.0
2022000349,천안 부성지구 한라비발디,44,충남,2022-07-08,2022,3,177,42360,2.74,101.7,84.9865,0.0
2022000349,천안 부성지구 한라비발디,44,충남,2022-07-08,2022,3,93,42700,1.01,101.7,84.9847,0.0
2022000345,아산배방 라온프라이빗,44,충남,2022-06-17,2022,2,19,44000,4.58,101.7,84.9998,0.0
2022000345,아산배방 라온프라이빗,44,충남,2022-06-17,2022,2,20,44000,7.25,101.7,84.9998,0.0
2022000345,아산배방 라온프라이빗,44,충남,2022-06-17,2022,2,12,44000,5.33,101.7,84.9998,0.0
2022000345,아산배방 라온프라이빗,44,충남,2022-06-17,2022,2,10,44200,1.46,101.7,84.9995,0.0
2022000344,주영 더 팰리스 지븐,48,경남,2022-06-03,2022,2,11,46088,3.0,101.7,84.9907,0.0
2022000341,힐스테이트 황성,47,경북,2022-05-27,2022,2,197,47300,2.98,101.7,84.9699,0.0
2022000341,힐스테이트 황성,47,경북,2022-05-27,2022,2,48,45400,1.39,101.7,84.9851,0.0
2022000341,힐스테이트 황성,47,경북,2022-05-27,2022,2,34,46800,1.36,101.7,84.9544,0.0
2022000341,힐스테이트 황성,47,경북,2022-05-27,2022,2,10,44700,1.6,101.7,84.9593,0.0
2022000325,의정부역 파밀리에Ⅰ,41,경기,2022-06-16,2022,2,36,59900,2.19,101.7,84.9404,0.0
2022000325,의정부역 파밀리에Ⅰ,41,경기,2022-06-16,2022,2,4,65700,6.25,101.7,84.9364,0.0
2022000324,소사역 한라비발디 프레스티지,41,경기,2022-05-27,2022,2,21,58970,6.1,101.7,60.42,0.0
2022000324,소사역 한라비발디 프레스티지,41,경기,2022-05-27,2022,2,15,62050,7.67,101.7,60.75,0.0
2022000324,소사역 한라비발디 프레스티지,41,경기,2022-05-27,2022,2,49,76950,5.71,101.7,78.42,0.0
2022000321,장흥역 경남아너스빌 북한산뷰 B-1(5)블럭(2단지),41,경기,2022-05-27,2022,2,117,46600,120.0,101.7,84.9916,0.0
2022000321,장흥역 경남아너스빌 북한산뷰 B-1(5)블럭(2단지),41,경기,2022-05-27,2022,2,16,44900,21.0,101.7,84.9961,0.0
2022000315,구미 원호자이 더 포레,47,경북,2022-06-17,2022,2,91,42300,56.42,101.7,84.8686,0.0
2022000315,구미 원호자이 더 포레,47,경북,2022-06-17,2022,2,140,42300,30.03,101.7,84.7581,0.0
2022000315,구미 원호자이 더 포레,47,경북,2022-06-17,2022,2,87,42300,21.6,101.7,84.9753,0.0
2022000312,마전 양우 내안애 퍼스트힐,28,인천,2022-05-31,2022,2,9,33444,4.44,101.7,59.9575,0.0
2022000312,마전 양우 내안애 퍼스트힐,28,인천,2022-05-31,2022,2,6,32170,2.33,101.7,59.6939,0.0
2022000312,마전 양우 내안애 퍼스트힐,28,인천,2022-05-31,2022,2,1,39447,3.0,101.7,71.9519,0.0
2022000312,마전 양우 내안애 퍼스트힐,28,인천,2022-05-31,2022,2,5,46630,10.6,101.7,84.9398,0.0
2022000312,마전 양우 내안애 퍼스트힐,28,인천,2022-05-31,2022,2,5,46043,6.8,101.7,84.8116,0.0
2022000310,e편한세상 제천 더프라임,43,충북,2022-05-20,2022,2,123,39300,1.54,101.7,84.9828,0.0
2022000310,e편한세상 제천 더프라임,43,충북,2022-05-20,2022,2,33,39320,1.82,101.7,84.9833,0.0
2022000309,사직 하늘채 리센티아,26,부산,2022-06-10,2022,2,14,48100,105.36,101.7,59.9044,0.0
2022000309,사직 하늘채 리센티아,26,부산,2022-06-10,2022,2,1,43300,136.0,101.7,59.9044,0.0
2022000309,사직 하늘채 리센티아,26,부산,2022-06-10,2022,2,2,68400,450.0,101.7,84.8908,0.0
2022000309,사직 하늘채 리센티아,26,부산,2022-06-10,2022,2,19,67000,124.16,101.7,84.8978,0.0
2022000309,사직 하늘채 리센티아,26,부산,2022-06-10,2022,2,19,65900,68.47,101.7,84.9102,0.0
2022000305,중앙하이츠 더힐,26,부산,2022-05-27,2022,2,15,55190,2.76,101.7,84.9298,0.0
2022000304,현대 프라힐스 소사역 더프라임,41,경기,2022-06-02,2022,2,8,64452,7.88,101.7,71.6421,0.0
2022000304,현대 프라힐스 소사역 더프라임,41,경기,2022-06-02,2022,2,14,67828,12.0,101.7,74.9423,0.0
2022000304,현대 프라힐스 소사역 더프라임,41,경기,2022-06-02,2022,2,8,66096,5.0,101.7,74.9945,0.0
2022000304,현대 프라힐스 소사역 더프라임,41,경기,2022-06-02,2022,2,16,65070,3.44,101.7,74.9928,0.0
2022000304,현대 프라힐스 소사역 더프라임,41,경기,2022-06-02,2022,2,14,66786,2.93,101.7,74.8978,0.0
2022000304,현대 프라힐스 소사역 더프라임,41,경기,2022-06-02,2022,2,15,65435,2.33,101.7,74.8978,0.0
2022000301,춘천 삼부르네상스 더테라스,51,강원,2022-06-30,2022,2,12,62424,125.5,101.7,84.4666,0.0
2022000301,춘천 삼부르네상스 더테라스,51,강원,2022-06-30,2022,2,12,59736,40.42,101.7,84.2149,0.0
2022000299,평촌 어바인퍼스트 더샵,41,경기,2022-05-18,2022,2,8,68700,130.25,101.7,59.9191,0.0
2022000299,평촌 어바인퍼스트 더샵,41,경기,2022-05-18,2022,2,148,111870,7.23,101.7,103.7241,0.0
2022000297,힐스테이트 영광,46,전남,2022-05-20,2022,2,105,35560,30.67,101.7,84.9786,0.0
2022000296,트리마제 순천 2단지,46,전남,2022-05-19,2022,2,211,42100,8.91,101.7,84.9828,0.0
2022000296,트리마제 순천 2단지,46,전남,2022-05-19,2022,2,111,59700,7.5,101.7,123.4417,0.0
2022000296,트리마제 순천 2단지,46,전남,2022-05-19,2022,2,40,70500,4.33,101.7,156.1359,0.0
2022000296,트리마제 순천 2단지,46,전남,2022-05-19,2022,2,6,91600,5.33,101.7,165.5586,0.0
2022000296,트리마제 순천 2단지,46,전남,2022-05-19,2022,2,2,129800,7.5,101.7,222.9883,0.0
2022000295,트리마제 순천 1단지,46,전남,2022-05-19,2022,2,371,41600,7.29,101.7,84.9828,0.0
2022000295,트리마제 순천 1단지,46,전남,2022-05-19,2022,2,249,60200,4.56,101.7,123.4417,0.0
2022000295,트리마제 순천 1단지,46,전남,2022-05-19,2022,2,74,70200,3.0,101.7,156.1359,0.0
2022000295,트리마제 순천 1단지,46,전남,2022-05-19,2022,2,10,90300,4.8,101.7,165.5586,0.0
2022000295,트리마제 순천 1단지,46,전남,2022-05-19,2022,2,2,144300,3.5,101.7,264.0051,0.0
2022000286,이안 모란 센트럴파크,41,경기,2022-05-13,2022,2,4,53551,3.5,101.7,35.139,0.0
2022000286,이안 모란 센트럴파크,41,경기,2022-05-13,2022,2,1,64086,6.0,101.7,46.8655,0.0
2022000286,이안 모란 센트럴파크,41,경기,2022-05-13,2022,2,8,84720,6.5,101.7,48.3824,0.0
2022000286,이안 모란 센트럴파크,41,경기,2022-05-13,2022,2,1,81022,4.0,101.7,50.1828,0.0
2022000286,이안 모란 센트럴파크,41,경기,2022-05-13,2022,2,1,86441,3.0,101.7,51.7184,0.0
2022000286,이안 모란 센트럴파크,41,경기,2022-05-13,2022,2,2,79858,4.0,101.7,51.5067,0.0
2022000286,이안 모란 센트럴파크,41,경기,2022-05-13,2022,2,6,80555,4.0,101.7,51.5526,0.0
2022000286,이안 모란 센트럴파크,41,경기,2022-05-13,2022,2,2,86030,4.33,101.7,55.788,0.0
2022000286,이안 모란 센트럴파크,41,경기,2022-05-13,2022,2,2,85827,1.0,101.7,55.5117,0.0
2022000286,이안 모란 센트럴파크,41,경기,2022-05-13,2022,2,1,88762,5.0,101.7,60.9555,0.0
2022000286,이안 모란 센트럴파크,41,경기,2022-05-13,2022,2,3,87869,4.33,101.7,60.2749,0.0
2022000285,초읍 월드메르디앙 에듀포레,26,부산,2022-05-11,2022,2,6,32327,2.0,101.7,49.9929,0.0
2022000285,초읍 월드메르디앙 에듀포레,26,부산,2022-05-11,2022,2,15,39947,8.13,101.7,59.7592,0.0
2022000285,초읍 월드메르디앙 에듀포레,26,부산,2022-05-11,2022,2,6,41219,4.5,101.7,59.9022,0.0
2022000285,초읍 월드메르디앙 에듀포레,26,부산,2022-05-11,2022,2,12,41378,8.25,101.7,59.6159,0.0
2022000285,초읍 월드메르디앙 에듀포레,26,부산,2022-05-11,2022,2,1,61216,48.0,101.7,97.8993,0.0
2022000275,조례 한양수자인 디에디션,46,전남,2022-05-10,2022,2,65,49100,3.95,101.7,101.9948,0.0
2022000275,조례 한양수자인 디에디션,46,전남,2022-05-10,2022,2,38,48220,1.23,101.7,101.968,0.0
2022000274,초혁신도시 반도유보라 마크브릿지,51,강원,2022-04-29,2022,2,49,28410,12.31,101.7,67.4148,0.0
2022000274,초혁신도시 반도유보라 마크브릿지,51,강원,2022-04-29,2022,2,90,37730,35.24,101.7,84.9895,0.0
2022000274,초혁신도시 반도유보라 마크브릿지,51,강원,2022-04-29,2022,2,17,38130,34.94,101.7,84.9814,0.0
2022000274,초혁신도시 반도유보라 마크브릿지,51,강원,2022-04-29,2022,2,57,36920,15.98,101.7,84.9106,0.0
2022000272,울진역 센트럴 두산위브,47,경북,2022-06-03,2022,2,68,36670,1.26,101.7,84.9273,0.0
2022000262,제천자이 더 스카이,43,충북,2022-05-06,2022,2,17,32260,7.0,101.7,79.718,0.0
2022000262,제천자이 더 스카이,43,충북,2022-05-06,2022,2,47,35800,2.78,101.7,84.9075,0.0
2022000262,제천자이 더 스카이,43,충북,2022-05-06,2022,2,38,37250,3.32,101.7,84.9644,0.0
2022000261,창원 롯데캐슬 하버팰리스,48,경남,2022-09-29,2022,3,13,21600,4.08,101.7,39.6755,0.0
2022000261,창원 롯데캐슬 하버팰리스,48,경남,2022-09-29,2022,3,27,35900,24.19,101.7,59.992,0.0
2022000261,창원 롯데캐슬 하버팰리스,48,경남,2022-09-29,2022,3,10,34400,19.7,101.7,59.987,0.0
2022000261,창원 롯데캐슬 하버팰리스,48,경남,2022-09-29,2022,3,181,47300,25.4,101.7,84.9976,0.0
2022000261,창원 롯데캐슬 하버팰리스,48,경남,2022-09-29,2022,3,95,44300,10.35,101.7,84.9583,0.0
2022000260,김해 구산 푸르지오 파크테르,48,경남,2022-04-29,2022,2,71,56470,53.79,101.7,84.9719,0.0
2022000260,김해 구산 푸르지오 파크테르,48,경남,2022-04-29,2022,2,76,56520,21.13,101.7,84.9328,0.0
2022000260,김해 구산 푸르지오 파크테르,48,경남,2022-04-29,2022,2,37,55460,3.84,101.7,84.9576,0.0
2022000260,김해 구산 푸르지오 파크테르,48,경남,2022-04-29,2022,2,7,53460,12.45,101.7,84.9812,0.0
2022000257,더샵 지제역 센트럴파크 1BL,41,경기,2022-05-16,2022,2,1,42700,152.0,101.7,59.6236,0.0
2022000257,더샵 지제역 센트럴파크 1BL,41,경기,2022-05-16,2022,2,1,42619,144.0,101.7,59.7656,0.0
2022000257,더샵 지제역 센트럴파크 1BL,41,경기,2022-05-16,2022,2,2,53265,113.0,101.7,74.9744,0.0
2022000257,더샵 지제역 센트럴파크 1BL,41,경기,2022-05-16,2022,2,1,50419,83.0,101.7,74.7312,0.0
2022000257,더샵 지제역 센트럴파크 1BL,41,경기,2022-05-16,2022,2,2,54214,128.0,101.7,83.7111,0.0
2022000257,더샵 지제역 센트럴파크 1BL,41,경기,2022-05-16,2022,2,2,55849,424.5,101.7,84.7982,0.0
2022000253,구서 남평 N-CITY,26,부산,2022-05-13,2022,2,6,33500,1.67,101.7,57.0878,0.0
2022000251,e편한세상 옥정 리더스가든,41,경기,2022-05-19,2022,2,123,42560,25.64,101.7,84.9911,0.0
2022000251,e편한세상 옥정 리더스가든,41,경기,2022-05-19,2022,2,116,41970,5.46,101.7,84.9926,10.0
2022000251,e편한세상 옥정 리더스가든,41,경기,2022-05-19,2022,2,2,40410,25.0,101.7,84.9911,0.0
2022000251,e편한세상 옥정 리더스가든,41,경기,2022-05-19,2022,2,5,39860,47.0,101.7,84.9926,10.0
2022000251,e편한세상 옥정 리더스가든,41,경기,2022-05-19,2022,2,43,50690,13.7,101.7,99.9918,44.0
2022000251,e편한세상 옥정 리더스가든,41,경기,2022-05-19,2022,2,196,50210,8.91,101.7,99.9924,19.0
2022000250,금곡역한신더휴,41,경기,2022-04-29,2022,2,4,22400,4.5,101.7,30.6774,0.0
2022000250,금곡역한신더휴,41,경기,2022-04-29,2022,2,4,43600,1.25,101.7,59.8813,0.0
2022000250,금곡역한신더휴,41,경기,2022-04-29,2022,2,23,43600,4.26,101.7,59.9636,0.0
2022000250,금곡역한신더휴,41,경기,2022-04-29,2022,2,4,44000,2.5,101.7,59.9636,0.0
2022000250,금곡역한신더휴,41,경기,2022-04-29,2022,2,8,48100,2.38,101.7,65.2878,0.0
2022000250,금곡역한신더휴,41,경기,2022-04-29,2022,2,6,56000,2.33,101.7,75.8427,0.0
2022000250,금곡역한신더휴,41,경기,2022-04-29,2022,2,6,58700,6.67,101.7,80.5509,0.0
2022000250,금곡역한신더휴,41,경기,2022-04-29,2022,2,1,58200,4.0,101.7,80.5509,0.0
2022000250,금곡역한신더휴,41,경기,2022-04-29,2022,2,4,61800,11.75,101.7,84.7684,0.0
2022000250,금곡역한신더휴,41,경기,2022-04-29,2022,2,1,65500,17.0,101.7,84.9324,0.0
2022000250,금곡역한신더휴,41,경기,2022-04-29,2022,2,1,66100,30.0,101.7,84.4891,0.0
2022000248,창동 다우아트리체 주상복합 아파트,11,서울,2022-05-12,2022,2,8,80720,7.75,103.2,58.85,0.0
2022000248,창동 다우아트리체 주상복합 아파트,11,서울,2022-05-12,2022,2,6,79380,5.67,103.2,58.13,0.0
2022000248,창동 다우아트리체 주상복합 아파트,11,서울,2022-05-12,2022,2,17,79410,6.24,103.2,58.09,0.0
2022000248,창동 다우아트리체 주상복합 아파트,11,서울,2022-05-12,2022,2,8,81180,10.5,103.2,59.8,0.0
2022000248,창동 다우아트리체 주상복합 아파트,11,서울,2022-05-12,2022,2,2,173596,6.0,103.2,122.51,0.0
2022000247,제주 푸르지오 더 퍼스트,50,제주,2022-04-29,2022,2,68,63200,3.81,101.7,84.9623,0.0
2022000247,제주 푸르지오 더 퍼스트,50,제주,2022-04-29,2022,2,16,61500,1.25,101.7,84.9749,0.0
2022000247,제주 푸르지오 더 퍼스트,50,제주,2022-04-29,2022,2,12,63500,3.5,101.7,84.9623,0.0
2022000244,영통 푸르지오 파인베르(A2BL),41,경기,2022-05-04,2022,2,48,73720,15.42,101.7,84.9954,0.0
2022000244,영통 푸르지오 파인베르(A2BL),41,경기,2022-05-04,2022,2,52,71970,13.56,101.7,84.4066,0.0
2022000244,영통 푸르지오 파인베르(A2BL),41,경기,2022-05-04,2022,2,49,71720,7.86,101.7,84.8119,0.0
2022000244,영통 푸르지오 파인베르(A2BL),41,경기,2022-05-04,2022,2,261,87520,6.28,101.7,105.4911,0.0
2022000244,영통 푸르지오 파인베르(A2BL),41,경기,2022-05-04,2022,2,74,87520,4.47,101.7,105.78,0.0
2022000243,영통 푸르지오 트레센츠(A1BL),41,경기,2022-05-04,2022,2,29,75530,27.34,101.7,84.9503,0.0
2022000243,영통 푸르지오 트레센츠(A1BL),41,경기,2022-05-04,2022,2,77,73640,14.53,101.7,84.4066,0.0
2022000243,영통 푸르지오 트레센츠(A1BL),41,경기,2022-05-04,2022,2,52,73390,7.33,101.7,84.8119,0.0
2022000243,영통 푸르지오 트레센츠(A1BL),41,경기,2022-05-04,2022,2,219,89560,9.25,101.7,105.4911,0.0
2022000242,평택청북 세종 헤르메스,41,경기,2022-05-13,2022,2,12,29750,7.25,101.7,77.3296,32.0
2022000242,평택청북 세종 헤르메스,41,경기,2022-05-13,2022,2,12,33890,4.0,101.7,84.9398,19.0
2022000242,평택청북 세종 헤르메스,41,경기,2022-05-13,2022,2,24,59300,2.8,101.7,130.3579,0.0
2022000242,평택청북 세종 헤르메스,41,경기,2022-05-13,2022,2,2,89300,7.0,101.7,151.4775,0.0
2022000240,서충주 푸르지오 더 퍼스트,43,충북,2022-04-22,2022,2,56,30800,1.2,101.7,74.6975,0.0
2022000240,서충주 푸르지오 더 퍼스트,43,충북,2022-04-22,2022,2,54,31000,1.24,101.7,74.2085,0.0
2022000240,서충주 푸르지오 더 퍼스트,43,충북,2022-04-22,2022,2,91,39100,15.27,101.7,84.4177,0.0
2022000240,서충주 푸르지오 더 퍼스트,43,충북,2022-04-22,2022,2,65,37700,1.1,101.7,84.1391,0.0
2022000240,서충주 푸르지오 더 퍼스트,43,충북,2022-04-22,2022,2,65,38400,2.84,101.7,84.6347,0.0
2022000239,e편한세상 지축 센텀가든,41,경기,2022-06-13,2022,2,42,63285,563.38,101.7,84.9981,69.0
2022000239,e편한세상 지축 센텀가든,41,경기,2022-06-13,2022,2,21,64174,544.0,101.7,84.9715,69.0
2022000239,e편한세상 지축 센텀가든,41,경기,2022-06-13,2022,2,40,62685,413.75,101.7,84.9778,69.0
2022000238,힐스테이트 환호공원 2블록,47,경북,2022-05-19,2022,2,94,33950,9.69,101.7,59.8382,0.0
2022000238,힐스테이트 환호공원 2블록,47,경북,2022-05-19,2022,2,82,33350,1.93,101.7,59.9749,0.0
2022000238,힐스테이트 환호공원 2블록,47,경북,2022-05-19,2022,2,256,52000,31.76,101.7,84.8442,0.0
2022000238,힐스테이트 환호공원 2블록,47,경북,2022-05-19,2022,2,54,51880,10.71,101.7,84.8795,0.0
2022000238,힐스테이트 환호공원 2블록,47,경북,2022-05-19,2022,2,23,51360,16.42,101.7,84.7544,0.0
2022000238,힐스테이트 환호공원 2블록,47,경북,2022-05-19,2022,2,9,50590,9.18,101.7,84.8062,0.0
2022000238,힐스테이트 환호공원 2블록,47,경북,2022-05-19,2022,2,18,51360,2.53,101.7,84.7462,0.0
2022000237,힐스테이트 환호공원 1블록,47,경북,2022-05-19,2022,2,95,33950,6.83,101.7,59.8382,0.0
2022000237,힐스테이트 환호공원 1블록,47,경북,2022-05-19,2022,2,48,33350,1.89,101.7,59.9749,0.0
2022000237,힐스테이트 환호공원 1블록,47,경북,2022-05-19,2022,2,261,52000,26.98,101.7,84.8442,0.0
2022000237,힐스테이트 환호공원 1블록,47,경북,2022-05-19,2022,2,106,51880,4.79,101.7,84.8795,0.0
2022000237,힐스테이트 환호공원 1블록,47,경북,2022-05-19,2022,2,73,51360,3.25,101.7,84.7544,0.0
2022000237,힐스테이트 환호공원 1블록,47,경북,2022-05-19,2022,2,12,51360,4.47,101.7,84.8062,0.0
2022000237,힐스테이트 환호공원 1블록,47,경북,2022-05-19,2022,2,26,51360,2.72,101.7,84.7462,0.0
2022000230,센텀 아스트룸 SK VIEW,26,부산,2022-04-21,2022,2,65,45300,36.45,101.7,59.993,0.0
2022000230,센텀 아스트룸 SK VIEW,26,부산,2022-04-21,2022,2,39,44800,33.56,101.7,59.9761,0.0
2022000230,센텀 아스트룸 SK VIEW,26,부산,2022-04-21,2022,2,51,57200,52.71,101.7,74.715,0.0
2022000230,센텀 아스트룸 SK VIEW,26,부산,2022-04-21,2022,2,44,56700,50.75,101.7,74.7417,0.0
2022000230,센텀 아스트룸 SK VIEW,26,부산,2022-04-21,2022,2,35,66100,215.66,101.7,84.9807,0.0
2022000230,센텀 아스트룸 SK VIEW,26,부산,2022-04-21,2022,2,24,64900,140.75,101.7,84.9853,0.0
2022000224,남악 오룡지구 36BL 남악오룡 시티프라디움,46,전남,2022-04-22,2022,2,140,39940,1.01,101.7,84.9971,0.0
2022000224,남악 오룡지구 36BL 남악오룡 시티프라디움,46,전남,2022-04-22,2022,2,59,39940,1.77,101.7,84.9941,0.0
2022000222,주안 센트럴 파라곤,28,인천,2022-05-13,2022,2,5,32930,8.8,101.7,51.9788,0.0
2022000222,주안 센트럴 파라곤,28,인천,2022-05-13,2022,2,13,32780,5.85,101.7,51.5988,0.0
2022000222,주안 센트럴 파라곤,28,인천,2022-05-13,2022,2,3,41530,6.67,101.7,59.96,0.0
2022000222,주안 센트럴 파라곤,28,인천,2022-05-13,2022,2,111,43140,3.27,101.7,62.9017,0.0
2022000222,주안 센트럴 파라곤,28,인천,2022-05-13,2022,2,84,42800,2.32,101.7,62.9977,0.0
2022000222,주안 센트럴 파라곤,28,인천,2022-05-13,2022,2,144,50570,4.65,101.7,76.6893,0.0
2022000222,주안 센트럴 파라곤,28,인천,2022-05-13,2022,2,14,57940,28.36,101.7,84.6823,0.0
2022000212,브라운스톤 인터포레,41,경기,2022-04-07,2022,2,2,32670,3.5,101.7,74.6981,0.0
2022000209,엘리프 송촌 더 파크,30,대전,2022-04-08,2022,2,77,45690,27.27,101.7,84.9941,0.0
2022000209,엘리프 송촌 더 파크,30,대전,2022-04-08,2022,2,49,45070,10.73,101.7,84.9669,0.0
2022000209,엘리프 송촌 더 파크,30,대전,2022-04-08,2022,2,50,45120,10.7,101.7,84.8229,0.0
2022000209,엘리프 송촌 더 파크,30,대전,2022-04-08,2022,2,32,44240,9.94,101.7,84.9389,0.0
2022000209,엘리프 송촌 더 파크,30,대전,2022-04-08,2022,2,240,54760,6.03,101.7,105.9437,0.0
2022000209,엘리프 송촌 더 파크,30,대전,2022-04-08,2022,2,10,57020,14.3,101.7,105.9437,0.0
2022000209,엘리프 송촌 더 파크,30,대전,2022-04-08,2022,2,29,57140,4.84,101.7,110.8637,0.0
2022000209,엘리프 송촌 더 파크,30,대전,2022-04-08,2022,2,29,57850,10.17,101.7,112.3287,0.0
2022000205,힐스테이트 창원 더퍼스트,48,경남,2022-04-08,2022,2,251,52100,48.77,101.7,84.9966,0.0
2022000205,힐스테이트 창원 더퍼스트,48,경남,2022-04-08,2022,2,287,62300,17.09,101.7,106.2474,0.0
2022000205,힐스테이트 창원 더퍼스트,48,경남,2022-04-08,2022,2,358,70300,8.67,101.7,123.2229,0.0
2022000205,힐스테이트 창원 더퍼스트,48,경남,2022-04-08,2022,2,213,77400,5.9,101.7,137.3297,0.0
2022000200,더샵 리듬시티,41,경기,2022-04-15,2022,2,57,35300,12.63,101.7,60.92,0.0
2022000200,더샵 리듬시티,41,경기,2022-04-15,2022,2,14,34900,10.79,101.7,60.95,0.0
2022000200,더샵 리듬시티,41,경기,2022-04-15,2022,2,133,49900,13.38,101.7,84.91,0.0
2022000200,더샵 리듬시티,41,경기,2022-04-15,2022,2,23,50100,10.3,101.7,84.77,0.0
2022000200,더샵 리듬시티,41,경기,2022-04-15,2022,2,37,49900,8.0,101.7,84.85,0.0
2022000198,인천시청역 한신더휴,28,인천,2022-04-22,2022,2,14,29061,14.57,101.7,46.9823,0.0
2022000198,인천시청역 한신더휴,28,인천,2022-04-22,2022,2,10,45053,15.6,101.7,59.9842,0.0
2022000198,인천시청역 한신더휴,28,인천,2022-04-22,2022,2,42,45007,12.57,101.7,59.9914,0.0
2022000198,인천시청역 한신더휴,28,인천,2022-04-22,2022,2,4,55582,26.0,101.7,74.8805,0.0
2022000198,인천시청역 한신더휴,28,인천,2022-04-22,2022,2,10,55623,26.9,101.7,74.956,0.0
2022000198,인천시청역 한신더휴,28,인천,2022-04-22,2022,2,3,63290,85.67,101.7,84.9835,0.0
2022000198,인천시청역 한신더휴,28,인천,2022-04-22,2022,2,2,62132,26.5,101.7,84.9547,0.0
2022000198,인천시청역 한신더휴,28,인천,2022-04-22,2022,2,3,63268,36.0,101.7,84.9834,0.0
2022000189,완주이서 신일 해피트리,52,전북,2022-04-22,2022,2,41,29990,32.0,101.7,84.9674,0.0
2022000183,문수로 푸르지오 어반피스,31,울산,2022-03-30,2022,1,54,84700,15.59,101.7,84.9633,0.0
2022000183,문수로 푸르지오 어반피스,31,울산,2022-03-30,2022,1,54,84300,3.64,101.7,84.8692,0.0
2022000183,문수로 푸르지오 어반피스,31,울산,2022-03-30,2022,1,54,84500,6.07,101.7,84.948,0.0
2022000183,문수로 푸르지오 어반피스,31,울산,2022-03-30,2022,1,3,177860,5.0,101.7,158.5012,0.0
2022000169,금남로 한신더휴 펜트하우스,29,광주,2022-05-12,2022,2,10,76500,1.67,101.7,84.869,0.0
2022000168,광안 스윗팰리스,26,부산,2022-04-19,2022,2,8,29000,3.0,101.7,37.52,0.0
2022000168,광안 스윗팰리스,26,부산,2022-04-19,2022,2,13,35500,1.23,101.7,47.14,0.0
2022000168,광안 스윗팰리스,26,부산,2022-04-19,2022,2,13,39000,2.0,101.7,53.39,0.0
2022000168,광안 스윗팰리스,26,부산,2022-04-19,2022,2,13,39800,5.15,101.7,54.01,0.0
2022000165,군산 신역세권 한라비발디 센트로,52,전북,2022-03-31,2022,1,32,29300,2.68,101.7,75.9568,0.0
2022000165,군산 신역세권 한라비발디 센트로,52,전북,2022-03-31,2022,1,15,28400,1.84,101.7,75.9719,0.0
2022000165,군산 신역세권 한라비발디 센트로,52,전북,2022-03-31,2022,1,180,32900,5.54,101.7,84.3001,0.0
2022000165,군산 신역세권 한라비발디 센트로,52,전북,2022-03-31,2022,1,112,32900,5.48,101.7,84.8374,0.0
2022000164,화성 비봉지구 B3블록 예미지 센트럴에듀,41,경기,2022-03-31,2022,1,158,33230,10.18,101.7,76.981,11.0
2022000164,화성 비봉지구 B3블록 예미지 센트럴에듀,41,경기,2022-03-31,2022,1,184,38922,33.28,101.7,84.9967,25.0
2022000161,디엘본가평설악,41,경기,2022-03-25,2022,1,13,36820,9.0,101.7,84.98,0.0
2022000155,양산 사송지구 C-2BL 우미린,48,경남,2022-03-25,2022,1,86,39100,25.43,101.7,84.9565,0.0
2022000155,양산 사송지구 C-2BL 우미린,48,경남,2022-03-25,2022,1,16,39600,47.81,101.7,84.8255,0.0
2022000154,파주운정신도시 디에트르 에듀타운(A38BL),41,경기,2022-03-31,2022,1,28,51910,304.0,101.7,84.9513,57.0
2022000154,파주운정신도시 디에트르 에듀타운(A38BL),41,경기,2022-03-31,2022,1,34,49823,127.86,101.7,84.9998,55.0
2022000154,파주운정신도시 디에트르 에듀타운(A38BL),41,경기,2022-03-31,2022,1,72,48087,144.71,101.7,84.7365,54.0
2022000154,파주운정신도시 디에트르 에듀타운(A38BL),41,경기,2022-03-31,2022,1,56,65787,156.82,101.7,116.7269,51.0
2022000154,파주운정신도시 디에트르 에듀타운(A38BL),41,경기,2022-03-31,2022,1,59,60323,128.0,101.7,118.7168,53.0
2022000153,호반 써밋 제주,50,제주,2022-03-25,2022,1,109,78490,8.68,101.7,84.4725,0.0
2022000153,호반 써밋 제주,50,제주,2022-03-25,2022,1,40,77630,2.68,101.7,84.577,0.0
2022000153,호반 써밋 제주,50,제주,2022-03-25,2022,1,8,71770,23.5,101.7,84.577,0.0
2022000150,양산 한신더휴,48,경남,2022-03-25,2022,1,108,42393,1.01,101.7,84.8608,0.0
2022000149,주문진 삼부르네상스 오션포레,51,강원,2022-03-25,2022,1,43,27870,11.0,101.7,73.3949,0.0
2022000149,주문진 삼부르네상스 오션포레,51,강원,2022-03-25,2022,1,33,30290,1.32,101.7,77.1066,0.0
2022000149,주문진 삼부르네상스 오션포레,51,강원,2022-03-25,2022,1,29,32970,5.7,101.7,84.8636,0.0
2022000147,화성 비봉 B-4BL 우미린,41,경기,2022-03-31,2022,1,209,39300,18.43,101.7,84.9927,0.0
2022000147,화성 비봉 B-4BL 우미린,41,경기,2022-03-31,2022,1,64,38090,16.36,101.7,84.996,0.0
2022000147,화성 비봉 B-4BL 우미린,41,경기,2022-03-31,2022,1,29,38560,15.64,101.7,84.9751,0.0
2022000143,아산 벨코어 스위첸,44,충남,2022-04-08,2022,2,38,46000,7.84,101.7,84.7785,0.0
2022000143,아산 벨코어 스위첸,44,충남,2022-04-08,2022,2,38,46300,2.28,101.7,84.6993,0.0
2022000143,아산 벨코어 스위첸,44,충남,2022-04-08,2022,2,20,45500,3.41,101.7,84.9412,0.0
2022000143,아산 벨코어 스위첸,44,충남,2022-04-08,2022,2,19,46500,5.57,101.7,84.8905,0.0
2022000141,삼호 비스타동원,31,울산,2022-03-18,2022,1,37,45250,7.16,101.7,59.9263,0.0
2022000141,삼호 비스타동원,31,울산,2022-03-18,2022,1,4,67380,69.75,101.7,84.9965,0.0
2022000141,삼호 비스타동원,31,울산,2022-03-18,2022,1,9,66780,18.33,101.7,84.9996,0.0
2022000140,제일풍경채 검단Ⅱ,28,인천,2022-03-29,2022,1,155,41000,33.91,101.7,74.9169,43.0
2022000140,제일풍경채 검단Ⅱ,28,인천,2022-03-29,2022,1,46,40000,40.43,101.7,74.8191,43.0
2022000140,제일풍경채 검단Ⅱ,28,인천,2022-03-29,2022,1,73,47600,82.36,101.7,84.8196,50.0
2022000140,제일풍경채 검단Ⅱ,28,인천,2022-03-29,2022,1,120,47300,65.65,101.7,84.7923,47.0
2022000140,제일풍경채 검단Ⅱ,28,인천,2022-03-29,2022,1,51,47300,52.16,101.7,84.9194,41.0
2022000140,제일풍경채 검단Ⅱ,28,인천,2022-03-29,2022,1,138,62900,82.04,101.7,110.9811,43.0
2022000140,제일풍경채 검단Ⅱ,28,인천,2022-03-29,2022,1,184,62100,76.04,101.7,110.8875,41.0
2022000140,제일풍경채 검단Ⅱ,28,인천,2022-03-29,2022,1,145,62300,39.58,101.7,110.8098,35.0
2022000139,이천 백사지구 1BL 신안실크밸리,41,경기,2022-03-25,2022,1,6,48700,25.83,101.7,84.8483,0.0
2022000137,힐스테이트 검단 웰카운티(민영주택),28,인천,2022-03-25,2022,1,191,53800,247.57,101.7,99.4559,60.0
2022000137,힐스테이트 검단 웰카운티(민영주택),28,인천,2022-03-25,2022,1,127,53400,110.37,101.7,99.0528,49.0
2022000137,힐스테이트 검단 웰카운티(민영주택),28,인천,2022-03-25,2022,1,78,54000,125.26,101.7,99.7011,56.0
2022000137,힐스테이트 검단 웰카운티(민영주택),28,인천,2022-03-25,2022,1,2,47500,467.0,101.7,99.5477,62.0
2022000137,힐스테이트 검단 웰카운티(민영주택),28,인천,2022-03-25,2022,1,5,85400,524.5,101.7,125.1938,67.0
2022000136,검단역 금강펜테리움 더 시글로 2차,28,인천,2022-03-31,2022,1,49,50700,33.42,101.7,84.984,45.0
2022000136,검단역 금강펜테리움 더 시글로 2차,28,인천,2022-03-31,2022,1,49,50300,21.33,101.7,84.906,41.0
2022000136,검단역 금강펜테리움 더 시글로 2차,28,인천,2022-03-31,2022,1,61,50300,27.17,101.7,84.9811,46.0
2022000136,검단역 금강펜테리움 더 시글로 2차,28,인천,2022-03-31,2022,1,10,49800,42.2,101.7,84.9679,48.0
2022000131,부암2차 비스타동원 아트포레,26,부산,2022-03-28,2022,1,53,43000,7.74,101.7,59.9902,0.0
2022000131,부암2차 비스타동원 아트포레,26,부산,2022-03-28,2022,1,78,41300,4.59,101.7,59.9954,0.0
2022000131,부암2차 비스타동원 아트포레,26,부산,2022-03-28,2022,1,50,54000,10.96,101.7,74.2438,0.0
2022000131,부암2차 비스타동원 아트포레,26,부산,2022-03-28,2022,1,1,48500,45.0,101.7,74.2438,0.0
2022000131,부암2차 비스타동원 아트포레,26,부산,2022-03-28,2022,1,25,63800,36.56,101.7,84.9935,0.0
2022000130,전주 효자 엘르디움 에듀파크 아파트,52,전북,2022-06-27,2022,2,12,41760,7.75,101.7,84.8962,0.0
2022000130,전주 효자 엘르디움 에듀파크 아파트,52,전북,2022-06-27,2022,2,7,41770,5.0,101.7,84.379,0.0
2022000130,전주 효자 엘르디움 에듀파크 아파트,52,전북,2022-06-27,2022,2,6,40280,9.5,101.7,84.317,0.0
2022000130,전주 효자 엘르디움 에듀파크 아파트,52,전북,2022-06-27,2022,2,7,41430,3.71,101.7,84.8032,0.0
2022000129,힐스테이트 세운 센트럴 2단지,11,서울,2022-04-08,2022,2,4,61990,28.0,103.2,39.969,0.0
2022000129,힐스테이트 세운 센트럴 2단지,11,서울,2022-04-08,2022,2,14,66290,13.79,103.2,42.2948,0.0
2022000129,힐스테이트 세운 센트럴 2단지,11,서울,2022-04-08,2022,2,39,74970,11.08,103.2,45.9844,0.0
2022000129,힐스테이트 세운 센트럴 2단지,11,서울,2022-04-08,2022,2,14,78960,24.36,103.2,49.2134,0.0
2022000129,힐스테이트 세운 센트럴 2단지,11,서울,2022-04-08,2022,2,14,79920,14.21,103.2,49.9619,0.0
2022000129,힐스테이트 세운 센트럴 2단지,11,서울,2022-04-08,2022,2,21,82870,31.95,103.2,49.9976,0.0
2022000129,힐스테이트 세운 센트럴 2단지,11,서울,2022-04-08,2022,2,4,84800,55.5,103.2,49.9995,0.0
2022000129,힐스테이트 세운 센트럴 2단지,11,서울,2022-04-08,2022,2,9,95260,12.44,103.2,56.5067,0.0
2022000129,힐스테이트 세운 센트럴 2단지,11,서울,2022-04-08,2022,2,24,101580,34.58,103.2,59.9851,0.0
2022000129,힐스테이트 세운 센트럴 2단지,11,서울,2022-04-08,2022,2,17,101200,31.59,103.2,59.9954,0.0
2022000129,힐스테이트 세운 센트럴 2단지,11,서울,2022-04-08,2022,2,15,101150,27.0,103.2,59.7446,0.0
2022000128,힐스테이트 세운 센트럴 1단지,11,서울,2022-04-08,2022,2,14,65430,23.64,103.2,41.4983,0.0
2022000128,힐스테이트 세운 센트럴 1단지,11,서울,2022-04-08,2022,2,26,74900,20.42,103.2,46.6997,0.0
2022000128,힐스테이트 세운 센트럴 1단지,11,서울,2022-04-08,2022,2,13,85410,79.23,103.2,49.2617,0.0
2022000128,힐스테이트 세운 센트럴 1단지,11,서울,2022-04-08,2022,2,23,105720,46.57,103.2,59.9881,0.0
2022000128,힐스테이트 세운 센트럴 1단지,11,서울,2022-04-08,2022,2,23,102130,17.57,103.2,59.7076,0.0
2022000128,힐스테이트 세운 센트럴 1단지,11,서울,2022-04-08,2022,2,24,99920,27.46,103.2,59.6641,0.0
2022000124,가야 봄여름가을겨울,26,부산,2022-03-11,2022,1,9,28900,1.67,101.7,53.6371,0.0
2022000124,가야 봄여름가을겨울,26,부산,2022-03-11,2022,1,17,48500,1.81,101.7,74.1775,0.0
2022000124,가야 봄여름가을겨울,26,부산,2022-03-11,2022,1,17,51500,8.29,101.7,82.9872,0.0
2022000121,가락마을7단지 중흥S-클래스 프라디움,36,세종,2022-03-11,2022,1,16,22252,7474.67,101.7,84.9931,71.0
2022000121,가락마을7단지 중흥S-클래스 프라디움,36,세종,2022-03-11,2022,1,1,22429,934.0,101.7,84.9981,0.0
2022000121,가락마을7단지 중흥S-클래스 프라디움,36,세종,2022-03-11,2022,1,3,22351,5077.0,101.7,84.3617,64.0
2022000120,가락마을6단지 중흥S-클래스 프라디움,36,세종,2022-03-11,2022,1,33,16882,2115.31,101.7,59.6866,64.0
2022000120,가락마을6단지 중흥S-클래스 프라디움,36,세종,2022-03-11,2022,1,9,17027,1758.5,101.7,59.7236,64.0
2022000120,가락마을6단지 중흥S-클래스 프라디움,36,세종,2022-03-11,2022,1,10,17139,1770.75,101.7,59.9942,61.0
2022000119,서울대입구역 더하이브 센트럴,11,서울,2022-03-24,2022,1,3,63600,51.0,103.2,54.92,0.0
2022000119,서울대입구역 더하이브 센트럴,11,서울,2022-03-24,2022,1,11,74000,69.09,103.2,59.74,0.0
2022000119,서울대입구역 더하이브 센트럴,11,서울,2022-03-24,2022,1,2,72900,51.5,103.2,59.74,0.0
2022000119,서울대입구역 더하이브 센트럴,11,서울,2022-03-24,2022,1,2,72900,95.5,103.2,59.74,0.0
2022000116,안양역 푸르지오 더샵,41,경기,2022-03-17,2022,1,82,53430,3.39,101.7,41.83,0.0
2022000116,안양역 푸르지오 더샵,41,경기,2022-03-17,2022,1,148,76290,7.36,101.7,59.9,0.0
2022000116,안양역 푸르지오 더샵,41,경기,2022-03-17,2022,1,30,75790,6.43,101.7,59.86,0.0
2022000116,안양역 푸르지오 더샵,41,경기,2022-03-17,2022,1,23,75790,7.17,101.7,59.97,0.0
2022000116,안양역 푸르지오 더샵,41,경기,2022-03-17,2022,1,10,77400,18.4,101.7,59.86,0.0
2022000116,안양역 푸르지오 더샵,41,경기,2022-03-17,2022,1,18,75790,7.0,101.7,59.94,0.0
2022000116,안양역 푸르지오 더샵,41,경기,2022-03-17,2022,1,15,93970,29.8,101.7,84.91,0.0
2022000116,안양역 푸르지오 더샵,41,경기,2022-03-17,2022,1,3,95190,27.0,101.7,84.77,0.0
2022000116,안양역 푸르지오 더샵,41,경기,2022-03-17,2022,1,2,108330,250.5,101.7,99.68,0.0
2022000112,휴안 더갤러리 오라,50,제주,2022-03-14,2022,1,5,53550,1.8,101.7,70.4955,0.0
2022000112,휴안 더갤러리 오라,50,제주,2022-03-14,2022,1,1,53650,2.0,101.7,70.4955,0.0
2022000112,휴안 더갤러리 오라,50,제주,2022-03-14,2022,1,5,56850,1.6,101.7,78.6451,0.0
2022000112,휴안 더갤러리 오라,50,제주,2022-03-14,2022,1,1,57950,6.0,101.7,78.6451,0.0
2022000112,휴안 더갤러리 오라,50,제주,2022-03-14,2022,1,15,56850,4.27,101.7,79.0051,0.0
2022000112,휴안 더갤러리 오라,50,제주,2022-03-14,2022,1,2,55950,8.0,101.7,79.0051,0.0
2022000112,휴안 더갤러리 오라,50,제주,2022-03-14,2022,1,1,57950,5.0,101.7,79.0051,0.0
2022000112,휴안 더갤러리 오라,50,제주,2022-03-14,2022,1,6,59600,6.0,101.7,83.9718,0.0
2022000112,휴안 더갤러리 오라,50,제주,2022-03-14,2022,1,10,59600,5.2,101.7,84.1076,0.0
2022000112,휴안 더갤러리 오라,50,제주,2022-03-14,2022,1,2,59700,20.0,101.7,84.1076,0.0
2022000111,작전역 베네하임 더윈,28,인천,2022-03-25,2022,1,23,40287,9.87,101.7,59.7995,0.0
2022000111,작전역 베네하임 더윈,28,인천,2022-03-25,2022,1,18,39141,5.78,101.7,59.8051,0.0
2022000111,작전역 베네하임 더윈,28,인천,2022-03-25,2022,1,40,58845,7.65,101.7,84.7094,0.0
2022000104,봉담 파라곤,41,경기,2022-05-20,2022,2,27,44790,6.7,101.7,59.8552,0.0
2022000104,봉담 파라곤,41,경기,2022-05-20,2022,2,21,44910,3.43,101.7,59.9857,0.0
2022000104,봉담 파라곤,41,경기,2022-05-20,2022,2,7,52200,34.14,101.7,72.6558,0.0
2022000104,봉담 파라곤,41,경기,2022-05-20,2022,2,1,52190,35.0,101.7,72.9771,0.0
2022000103,한화 포레나 미아,11,서울,2022-03-24,2022,1,12,54488,12.58,103.2,39.9969,0.0
2022000103,한화 포레나 미아,11,서울,2022-03-24,2022,1,50,74256,5.74,103.2,53.985,0.0
2022000103,한화 포레나 미아,11,서울,2022-03-24,2022,1,10,72611,9.8,103.2,53.9875,0.0
2022000103,한화 포레나 미아,11,서울,2022-03-24,2022,1,30,83210,23.73,103.2,59.9877,0.0
2022000103,한화 포레나 미아,11,서울,2022-03-24,2022,1,50,91961,5.72,103.2,74.9676,0.0
2022000103,한화 포레나 미아,11,서울,2022-03-24,2022,1,104,108415,2.98,103.2,80.8489,0.0
2022000103,한화 포레나 미아,11,서울,2022-03-24,2022,1,48,115003,6.73,103.2,84.8655,0.0
2022000103,한화 포레나 미아,11,서울,2022-03-24,2022,1,24,114924,8.63,103.2,84.9706,0.0
2022000094,창원 롯데캐슬 프리미어,48,경남,2022-02-25,2022,1,5,23200,16.8,101.7,49.5733,0.0
2022000094,창원 롯데캐슬 프리미어,48,경남,2022-02-25,2022,1,9,29000,66.89,101.7,59.9806,0.0
2022000094,창원 롯데캐슬 프리미어,48,경남,2022-02-25,2022,1,3,31750,118.67,101.7,66.6357,0.0
2022000094,창원 롯데캐슬 프리미어,48,경남,2022-02-25,2022,1,13,41700,249.77,101.7,84.9302,0.0
2022000094,창원 롯데캐슬 프리미어,48,경남,2022-02-25,2022,1,9,40900,126.89,101.7,84.9485,0.0
2022000093,서대전 한국아델리움,30,대전,2022-03-04,2022,1,20,45055,3.58,101.7,84.2472,0.0
2022000093,서대전 한국아델리움,30,대전,2022-03-04,2022,1,32,47510,4.26,101.7,84.5745,0.0
2022000093,서대전 한국아델리움,30,대전,2022-03-04,2022,1,19,45055,1.38,101.7,84.1347,0.0
2022000093,서대전 한국아델리움,30,대전,2022-03-04,2022,1,21,47510,1.79,101.7,84.8788,0.0
2022000092,칸타빌 수유팰리스,11,서울,2022-02-18,2022,1,1,21000,5.0,103.2,18.6585,0.0
2022000092,칸타빌 수유팰리스,11,서울,2022-02-18,2022,1,20,25000,7.0,103.2,19.9815,0.0
2022000092,칸타빌 수유팰리스,11,서울,2022-02-18,2022,1,4,23000,3.0,103.2,23.8466,0.0
2022000092,칸타빌 수유팰리스,11,서울,2022-02-18,2022,1,1,29000,1.0,103.2,23.3354,0.0
2022000092,칸타빌 수유팰리스,11,서울,2022-02-18,2022,1,1,27000,2.0,103.2,23.3354,0.0
2022000092,칸타빌 수유팰리스,11,서울,2022-02-18,2022,1,1,29000,23.0,103.2,25.9755,0.0
2022000092,칸타빌 수유팰리스,11,서울,2022-02-18,2022,1,1,33000,12.5,103.2,26.6863,0.0
2022000092,칸타빌 수유팰리스,11,서울,2022-02-18,2022,1,1,77890,23.0,103.2,56.7067,0.0
2022000092,칸타빌 수유팰리스,11,서울,2022-02-18,2022,1,1,77190,15.0,103.2,56.7067,0.0
2022000092,칸타빌 수유팰리스,11,서울,2022-02-18,2022,1,1,80660,9.0,103.2,58.9672,0.0
2022000092,칸타빌 수유팰리스,11,서울,2022-02-18,2022,1,1,87910,52.0,103.2,59.9906,0.0
2022000092,칸타빌 수유팰리스,11,서울,2022-02-18,2022,1,2,92490,20.5,103.2,59.9879,0.0
2022000092,칸타빌 수유팰리스,11,서울,2022-02-18,2022,1,1,90910,9.0,103.2,66.1059,0.0
2022000092,칸타빌 수유팰리스,11,서울,2022-02-18,2022,1,2,102940,5.5,103.2,76.1473,0.0
2022000092,칸타빌 수유팰리스,11,서울,2022-02-18,2022,1,74,114780,1.49,103.2,78.1719,0.0
2022000090,KTX송도역 서해그랑블 더 파크,28,인천,2022-02-23,2022,1,13,49700,5.92,101.7,75.977,0.0
2022000090,KTX송도역 서해그랑블 더 파크,28,인천,2022-02-23,2022,1,10,49760,4.5,101.7,75.919,0.0
2022000090,KTX송도역 서해그랑블 더 파크,28,인천,2022-02-23,2022,1,10,50110,7.1,101.7,75.84,0.0
2022000090,KTX송도역 서해그랑블 더 파크,28,인천,2022-02-23,2022,1,59,50750,6.17,101.7,77.937,0.0
2022000090,KTX송도역 서해그랑블 더 파크,28,인천,2022-02-23,2022,1,40,57480,18.7,101.7,84.278,0.0
2022000090,KTX송도역 서해그랑블 더 파크,28,인천,2022-02-23,2022,1,21,55760,5.67,101.7,84.735,0.0
2022000090,KTX송도역 서해그랑블 더 파크,28,인천,2022-02-23,2022,1,21,55200,4.76,101.7,84.278,0.0
2022000090,KTX송도역 서해그랑블 더 파크,28,인천,2022-02-23,2022,1,8,58050,26.38,101.7,84.278,0.0
2022000088,당진 수청2지구 RH-3블록 호반써밋 시그니처 3차,44,충남,2022-03-04,2022,1,39,31900,14.31,101.7,84.9833,0.0
2022000088,당진 수청2지구 RH-3블록 호반써밋 시그니처 3차,44,충남,2022-03-04,2022,1,159,31410,1.37,101.7,84.9262,0.0
2022000088,당진 수청2지구 RH-3블록 호반써밋 시그니처 3차,44,충남,2022-03-04,2022,1,123,33590,3.81,101.7,84.9833,0.0
2022000085,광주 화정 골드클래스 2차,29,광주,2022-02-25,2022,1,45,54230,5.74,101.7,84.0726,0.0
2022000085,광주 화정 골드클래스 2차,29,광주,2022-02-25,2022,1,24,54120,3.77,101.7,84.4015,0.0
2022000081,연동 해모로 루민 201동,50,제주,2022-02-25,2022,1,1,72277,45.0,101.7,84.7795,0.0
2022000081,연동 해모로 루민 201동,50,제주,2022-02-25,2022,1,8,74246,26.63,101.7,84.8321,0.0
2022000081,연동 해모로 루민 201동,50,제주,2022-02-25,2022,1,25,80511,24.68,101.7,84.7795,0.0
2022000080,연동 해모로 루민 101동,50,제주,2022-02-25,2022,1,7,79703,35.0,101.7,84.9738,0.0
2022000080,연동 해모로 루민 101동,50,제주,2022-02-25,2022,1,4,77627,58.0,101.7,84.972,0.0
2022000080,연동 해모로 루민 101동,50,제주,2022-02-25,2022,1,13,80902,17.85,101.7,84.9961,0.0
2022000080,연동 해모로 루민 101동,50,제주,2022-02-25,2022,1,14,81910,24.14,101.7,84.9921,0.0
2022000080,연동 해모로 루민 101동,50,제주,2022-02-25,2022,1,3,78135,41.67,101.7,84.972,0.0
2022000075,제주시 신일 해피트리 더 힐,50,제주,2022-03-03,2022,1,12,34000,1.08,101.7,64.2146,0.0
2022000075,제주시 신일 해피트리 더 힐,50,제주,2022-03-03,2022,1,6,40300,3.0,101.7,64.2146,0.0
2022000074,힐스테이트 구리역,41,경기,2022-02-17,2022,1,37,60700,10.27,101.7,59.7,0.0
2022000074,힐스테이트 구리역,41,경기,2022-02-17,2022,1,12,61000,11.08,101.7,59.81,0.0
2022000074,힐스테이트 구리역,41,경기,2022-02-17,2022,1,6,60400,14.17,101.7,59.82,0.0
2022000074,힐스테이트 구리역,41,경기,2022-02-17,2022,1,52,73500,11.44,101.7,74.68,0.0
2022000074,힐스테이트 구리역,41,경기,2022-02-17,2022,1,11,73600,13.36,101.7,74.67,0.0
2022000074,힐스테이트 구리역,41,경기,2022-02-17,2022,1,14,80000,44.79,101.7,84.84,0.0
2022000073,대전 도마·변동 11구역 호반써밋 그랜드 센트럴,30,대전,2022-02-11,2022,1,12,23640,2.58,101.7,39.94,0.0
2022000073,대전 도마·변동 11구역 호반써밋 그랜드 센트럴,30,대전,2022-02-11,2022,1,49,29900,3.22,101.7,49.9,0.0
2022000073,대전 도마·변동 11구역 호반써밋 그랜드 센트럴,30,대전,2022-02-11,2022,1,132,39320,8.65,101.7,59.91,0.0
2022000073,대전 도마·변동 11구역 호반써밋 그랜드 센트럴,30,대전,2022-02-11,2022,1,63,48290,17.29,101.7,74.98,0.0
2022000073,대전 도마·변동 11구역 호반써밋 그랜드 센트럴,30,대전,2022-02-11,2022,1,124,47010,8.85,101.7,74.98,0.0
2022000073,대전 도마·변동 11구역 호반써밋 그랜드 센트럴,30,대전,2022-02-11,2022,1,112,54810,34.45,101.7,84.99,0.0
2022000071,파주운정3지구 A42블록 신영지웰 운정신도시,41,경기,2022-02-25,2022,1,124,45700,142.8,101.7,84.9908,58.0
2022000071,파주운정3지구 A42블록 신영지웰 운정신도시,41,경기,2022-02-25,2022,1,86,54200,89.94,101.7,100.9448,56.0
2022000071,파주운정3지구 A42블록 신영지웰 운정신도시,41,경기,2022-02-25,2022,1,152,54200,140.77,101.7,100.9819,58.0
2022000069,힐스테이트 레이크 송도 4차,28,인천,2022-02-11,2022,1,56,89900,34.18,101.7,84.99,28.0
2022000069,힐스테이트 레이크 송도 4차,28,인천,2022-02-11,2022,1,101,89900,8.62,101.7,84.96,18.0
2022000069,힐스테이트 레이크 송도 4차,28,인천,2022-02-11,2022,1,107,89400,15.38,101.7,84.99,28.0
2022000069,힐스테이트 레이크 송도 4차,28,인천,2022-02-11,2022,1,350,99600,4.42,101.7,99.99,0.0
2022000069,힐스테이트 레이크 송도 4차,28,인천,2022-02-11,2022,1,55,99900,6.96,101.7,99.99,0.0
2022000069,힐스테이트 레이크 송도 4차,28,인천,2022-02-11,2022,1,218,110300,4.82,101.7,109.99,0.0
2022000069,힐스테이트 레이크 송도 4차,28,인천,2022-02-11,2022,1,2,249700,12.0,101.7,165.86,0.0
2022000067,제주 더 힐 테라스,50,제주,2022-02-18,2022,1,5,50974,2.0,101.7,67.896,0.0
2022000067,제주 더 힐 테라스,50,제주,2022-02-18,2022,1,1,53474,2.0,101.7,67.896,0.0
2022000067,제주 더 힐 테라스,50,제주,2022-02-18,2022,1,1,56374,1.0,101.7,67.896,0.0
2022000067,제주 더 힐 테라스,50,제주,2022-02-18,2022,1,2,54030,2.0,101.7,73.8235,0.0
2022000067,제주 더 힐 테라스,50,제주,2022-02-18,2022,1,2,56530,3.0,101.7,73.8235,0.0
2022000067,제주 더 힐 테라스,50,제주,2022-02-18,2022,1,2,60510,1.0,101.7,73.8235,0.0
2022000067,제주 더 힐 테라스,50,제주,2022-02-18,2022,1,2,63010,2.0,101.7,73.8235,0.0
2022000067,제주 더 힐 테라스,50,제주,2022-02-18,2022,1,6,62192,5.0,101.7,84.608,0.0
2022000067,제주 더 힐 테라스,50,제주,2022-02-18,2022,1,1,65192,1.0,101.7,84.608,0.0
2022000067,제주 더 힐 테라스,50,제주,2022-02-18,2022,1,1,68912,5.0,101.7,84.608,0.0
2022000063,서광교 파크뷰,41,경기,2022-03-11,2022,1,5,29420,3.4,101.7,41.18,0.0
2022000063,서광교 파크뷰,41,경기,2022-03-11,2022,1,5,29940,5.2,101.7,44.56,0.0
2022000063,서광교 파크뷰,41,경기,2022-03-11,2022,1,6,44910,6.67,101.7,59.33,0.0
2022000063,서광교 파크뷰,41,경기,2022-03-11,2022,1,4,44680,5.5,101.7,59.73,0.0
2022000063,서광교 파크뷰,41,경기,2022-03-11,2022,1,1,51000,11.0,101.7,61.69,0.0
2022000063,서광교 파크뷰,41,경기,2022-03-11,2022,1,4,44860,6.25,101.7,61.12,0.0
2022000063,서광교 파크뷰,41,경기,2022-03-11,2022,1,6,46220,11.83,101.7,66.85,0.0
2022000063,서광교 파크뷰,41,경기,2022-03-11,2022,1,1,59000,88.0,101.7,75.97,0.0
2022000062,이천 마장택지지구 B1블럭 휴먼빌까사포레,41,경기,2022-02-24,2022,1,22,26800,11.86,101.7,62.758,41.0
2022000062,이천 마장택지지구 B1블럭 휴먼빌까사포레,41,경기,2022-02-24,2022,1,10,28100,7.6,101.7,65.102,30.0
2022000062,이천 마장택지지구 B1블럭 휴먼빌까사포레,41,경기,2022-02-24,2022,1,92,37000,9.66,101.7,84.967,36.0
2022000051,신영지웰 에스테이트 개봉역,11,서울,2022-02-17,2022,1,4,49750,17.75,103.2,39.1136,0.0
2022000051,신영지웰 에스테이트 개봉역,11,서울,2022-02-17,2022,1,6,59750,37.33,103.2,44.0497,0.0
2022000051,신영지웰 에스테이트 개봉역,11,서울,2022-02-17,2022,1,6,82750,32.17,103.2,59.1202,0.0
2022000051,신영지웰 에스테이트 개봉역,11,서울,2022-02-17,2022,1,17,82750,18.12,103.2,59.9525,0.0
2022000051,신영지웰 에스테이트 개봉역,11,서울,2022-02-17,2022,1,15,82750,17.73,103.2,59.9717,0.0
2022000050,e편한세상 안성 그랑루체,41,경기,2022-02-18,2022,1,41,34580,25.0,101.7,67.9792,0.0
2022000045,힐스테이트 통영,48,경남,2022-02-18,2022,1,37,32100,1.75,101.7,59.9653,0.0
2022000045,힐스테이트 통영,48,경남,2022-02-18,2022,1,128,45040,2.14,101.7,84.7798,0.0
2022000038,한화 포레나 청주매봉,43,충북,2022-02-03,2022,1,118,33390,9.03,101.7,74.9151,0.0
2022000038,한화 포레나 청주매봉,43,충북,2022-02-03,2022,1,27,33330,9.33,101.7,74.3296,0.0
2022000038,한화 포레나 청주매봉,43,충북,2022-02-03,2022,1,424,38820,11.51,101.7,84.983,0.0
2022000038,한화 포레나 청주매봉,43,충북,2022-02-03,2022,1,175,38720,7.51,101.7,84.8211,0.0
2022000038,한화 포레나 청주매봉,43,충북,2022-02-03,2022,1,255,45960,10.42,101.7,104.7174,0.0
2022000032,지제역 푸르지오 엘리아츠,41,경기,2022-02-10,2022,1,251,53533,4.06,101.7,84.8271,0.0
2022000032,지제역 푸르지오 엘리아츠,41,경기,2022-02-10,2022,1,108,53441,309.2,101.7,84.7027,0.0
2022000032,지제역 푸르지오 엘리아츠,41,경기,2022-02-10,2022,1,29,53325,2.24,101.7,84.2702,0.0
2022000031,센트레빌 아스테리움 영등포,11,서울,2022-02-11,2022,1,31,54927,65.06,103.2,49.0972,0.0
2022000031,센트레빌 아스테리움 영등포,11,서울,2022-02-11,2022,1,6,63342,238.33,103.2,56.277,0.0
2022000031,센트레빌 아스테리움 영등포,11,서울,2022-02-11,2022,1,20,67100,396.9,103.2,59.9953,0.0
2022000030,포항자이 디오션,47,경북,2022-02-10,2022,1,32,64450,143.5,101.7,84.92,0.0
2022000030,포항자이 디오션,47,경북,2022-02-10,2022,1,35,64800,153.26,101.7,84.97,0.0
2022000030,포항자이 디오션,47,경북,2022-02-10,2022,1,32,65320,55.66,101.7,84.85,0.0
2022000029,오산세교 한양수자인,41,경기,2022-02-11,2022,1,18,28110,1.11,101.7,45.9629,0.0
2022000029,오산세교 한양수자인,41,경기,2022-02-11,2022,1,5,28180,8.5,101.7,45.8136,0.0
2022000029,오산세교 한양수자인,41,경기,2022-02-11,2022,1,23,36190,3.48,101.7,59.9779,0.0
2022000029,오산세교 한양수자인,41,경기,2022-02-11,2022,1,7,35930,1.0,101.7,59.9079,0.0
2022000029,오산세교 한양수자인,41,경기,2022-02-11,2022,1,5,37550,4.0,101.7,64.922,0.0
2022000029,오산세교 한양수자인,41,경기,2022-02-11,2022,1,4,38200,2.0,101.7,64.8095,0.0
2022000029,오산세교 한양수자인,41,경기,2022-02-11,2022,1,4,47270,25.5,101.7,84.9338,0.0
2022000029,오산세교 한양수자인,41,경기,2022-02-11,2022,1,3,47090,5.67,101.7,84.944,0.0
2022000026,화성비봉 공공주택지구 B2블록 호반 써밋,41,경기,2022-01-28,2022,1,105,32120,16.69,101.7,72.9162,20.0
2022000026,화성비봉 공공주택지구 B2블록 호반 써밋,41,경기,2022-01-28,2022,1,1,32240,25.5,101.7,72.9564,16.0
2022000026,화성비봉 공공주택지구 B2블록 호반 써밋,41,경기,2022-01-28,2022,1,151,38530,38.83,101.7,84.9428,27.0
2022000026,화성비봉 공공주택지구 B2블록 호반 써밋,41,경기,2022-01-28,2022,1,30,38610,17.22,101.7,84.914,17.0
2022000024,광주 백운광장역 천년가 헤리시티,29,광주,2022-01-28,2022,1,61,58896,1.54,101.7,84.9664,0.0
2022000022,송도 Luxe Ocean SK VIEW,28,인천,2022-01-20,2022,1,332,91000,5.7,101.7,84.9577,23.0
2022000022,송도 Luxe Ocean SK VIEW,28,인천,2022-01-20,2022,1,47,90800,2.04,101.7,84.9935,0.0
2022000022,송도 Luxe Ocean SK VIEW,28,인천,2022-01-20,2022,1,138,90100,2.04,101.7,84.962,0.0
2022000022,송도 Luxe Ocean SK VIEW,28,인천,2022-01-20,2022,1,161,91900,9.9,101.7,84.9673,31.0
2022000022,송도 Luxe Ocean SK VIEW,28,인천,2022-01-20,2022,1,143,91000,2.73,101.7,84.9833,0.0
2022000022,송도 Luxe Ocean SK VIEW,28,인천,2022-01-20,2022,1,8,97400,175.25,101.7,88.9401,35.0
2022000022,송도 Luxe Ocean SK VIEW,28,인천,2022-01-20,2022,1,2,108300,118.0,101.7,96.2846,43.0
2022000022,송도 Luxe Ocean SK VIEW,28,인천,2022-01-20,2022,1,2,109900,125.0,101.7,97.8381,47.0
2022000022,송도 Luxe Ocean SK VIEW,28,인천,2022-01-20,2022,1,2,124600,24.0,101.7,104.7358,39.0
2022000022,송도 Luxe Ocean SK VIEW,28,인천,2022-01-20,2022,1,2,125800,32.0,101.7,105.8212,29.0
2022000022,송도 Luxe Ocean SK VIEW,28,인천,2022-01-20,2022,1,88,138300,18.39,101.7,130.7783,32.0
2022000022,송도 Luxe Ocean SK VIEW,28,인천,2022-01-20,2022,1,2,173200,2.5,101.7,137.6076,0.0
2022000022,송도 Luxe Ocean SK VIEW,28,인천,2022-01-20,2022,1,2,176800,6.0,101.7,141.9062,0.0
2022000022,송도 Luxe Ocean SK VIEW,28,인천,2022-01-20,2022,1,2,181100,17.0,101.7,143.8954,0.0
2022000016,의정부역 월드메르디앙 스마트시티,41,경기,2022-02-18,2022,1,32,42800,24.0,101.7,63.7342,0.0
2022000016,의정부역 월드메르디앙 스마트시티,41,경기,2022-02-18,2022,1,32,42700,23.0,101.7,65.0781,0.0
2022000016,의정부역 월드메르디앙 스마트시티,41,경기,2022-02-18,2022,1,32,42200,21.0,101.7,65.4427,0.0
2022000008,이천 센트레빌 레이크뷰,41,경기,2022-01-10,2022,1,43,71310,16.86,101.7,84.9653,0.0
2022000008,이천 센트레빌 레이크뷰,41,경기,2022-01-10,2022,1,21,69290,4.62,101.7,84.7719,0.0
2022000008,이천 센트레빌 레이크뷰,41,경기,2022-01-10,2022,1,21,68600,4.96,101.7,84.9268,0.0
2022000007,힐스테이트 몬테로이 3BL,41,경기,2022-01-20,2022,1,62,34740,4.32,101.7,59.991,0.0
2022000007,힐스테이트 몬테로이 3BL,41,경기,2022-01-20,2022,1,23,33260,2.3,101.7,59.879,0.0
2022000007,힐스테이트 몬테로이 3BL,41,경기,2022-01-20,2022,1,18,32610,3.06,101.7,59.804,0.0
2022000007,힐스테이트 몬테로이 3BL,41,경기,2022-01-20,2022,1,81,43590,1.15,101.7,76.775,0.0
2022000007,힐스테이트 몬테로이 3BL,41,경기,2022-01-20,2022,1,82,41450,1.32,101.7,76.558,0.0
2022000007,힐스테이트 몬테로이 3BL,41,경기,2022-01-20,2022,1,144,47810,4.99,101.7,84.846,0.0
2022000007,힐스테이트 몬테로이 3BL,41,경기,2022-01-20,2022,1,58,47810,6.88,101.7,84.846,0.0
2022000007,힐스테이트 몬테로이 3BL,41,경기,2022-01-20,2022,1,116,46140,2.04,101.7,84.899,0.0
2022000007,힐스테이트 몬테로이 3BL,41,경기,2022-01-20,2022,1,5,42390,5.2,101.7,84.459,0.0
2022000007,힐스테이트 몬테로이 3BL,41,경기,2022-01-20,2022,1,3,43450,8.33,101.7,84.459,0.0
2022000006,힐스테이트 몬테로이 2BL,41,경기,2022-01-20,2022,1,15,35930,11.47,101.7,59.991,0.0
2022000006,힐스테이트 몬테로이 2BL,41,경기,2022-01-20,2022,1,29,36610,8.07,101.7,59.843,0.0
2022000006,힐스테이트 몬테로이 2BL,41,경기,2022-01-20,2022,1,8,34060,2.75,101.7,59.879,0.0
2022000006,힐스테이트 몬테로이 2BL,41,경기,2022-01-20,2022,1,5,33720,9.4,101.7,59.804,0.0
2022000006,힐스테이트 몬테로이 2BL,41,경기,2022-01-20,2022,1,28,45090,7.75,101.7,76.775,0.0
2022000006,힐스테이트 몬테로이 2BL,41,경기,2022-01-20,2022,1,195,50440,5.33,101.7,84.846,0.0
2022000006,힐스테이트 몬테로이 2BL,41,경기,2022-01-20,2022,1,179,50440,6.31,101.7,84.846,0.0
2022000006,힐스테이트 몬테로이 2BL,41,경기,2022-01-20,2022,1,36,48680,3.22,101.7,84.899,0.0
2022000006,힐스테이트 몬테로이 2BL,41,경기,2022-01-20,2022,1,42,48200,1.5,101.7,84.522,0.0
2022000006,힐스테이트 몬테로이 2BL,41,경기,2022-01-20,2022,1,38,47760,2.26,101.7,84.654,0.0
2022000006,힐스테이트 몬테로이 2BL,41,경기,2022-01-20,2022,1,14,49930,3.0,101.7,84.838,0.0
2022000006,힐스테이트 몬테로이 2BL,41,경기,2022-01-20,2022,1,5,46830,4.8,101.7,84.459,0.0
2022000006,힐스테이트 몬테로이 2BL,41,경기,2022-01-20,2022,1,4,46370,4.0,101.7,84.459,0.0
2022000005,힐스테이트 몬테로이 1BL,41,경기,2022-01-20,2022,1,54,36290,9.24,101.7,59.991,0.0
2022000005,힐스테이트 몬테로이 1BL,41,경기,2022-01-20,2022,1,56,45540,5.27,101.7,76.775,0.0
2022000005,힐스테이트 몬테로이 1BL,41,경기,2022-01-20,2022,1,104,49940,7.85,101.7,84.846,0.0
2022000005,힐스테이트 몬테로이 1BL,41,경기,2022-01-20,2022,1,149,49940,9.21,101.7,84.846,0.0
2022000005,힐스테이트 몬테로이 1BL,41,경기,2022-01-20,2022,1,14,48200,6.43,101.7,84.899,0.0
2022000005,힐스테이트 몬테로이 1BL,41,경기,2022-01-20,2022,1,75,48200,2.26,101.7,84.522,0.0
2022000005,힐스테이트 몬테로이 1BL,41,경기,2022-01-20,2022,1,17,47290,2.53,101.7,84.654,0.0
2022000005,힐스테이트 몬테로이 1BL,41,경기,2022-01-20,2022,1,13,49430,3.54,101.7,84.838,0.0
2022000005,힐스테이트 몬테로이 1BL,41,경기,2022-01-20,2022,1,2,46370,7.0,101.7,84.459,0.0
2022000005,힐스테이트 몬테로이 1BL,41,경기,2022-01-20,2022,1,5,46370,5.6,101.7,84.459,0.0
2022000003,두산위브 광주센트럴파크,41,경기,2022-02-03,2022,1,128,38900,2.42,101.7,59.7334,0.0
2022000003,두산위브 광주센트럴파크,41,경기,2022-02-03,2022,1,125,54300,3.94,101.7,84.4041,0.0
2022000001,해링턴 플레이스 휴리움,30,대전,2022-02-11,2022,1,73,37150,7.78,101.7,59.9896,0.0
2022000001,해링턴 플레이스 휴리움,30,대전,2022-02-11,2022,1,34,36140,5.53,101.7,59.9595,0.0
2022000001,해링턴 플레이스 휴리움,30,대전,2022-02-11,2022,1,66,36110,4.68,101.7,59.6839,0.0
2022000001,해링턴 플레이스 휴리움,30,대전,2022-02-11,2022,1,62,45210,17.27,101.7,74.7993,0.0
2022000001,해링턴 플레이스 휴리움,30,대전,2022-02-11,2022,1,54,44620,8.85,101.7,74.9524,0.0
2022000001,해링턴 플레이스 휴리움,30,대전,2022-02-11,2022,1,60,49990,35.37,101.7,84.9502,0.0
2022000001,해링턴 플레이스 휴리움,30,대전,2022-02-11,2022,1,1,56270,401.0,101.7,84.9543,0.0
2021520007,평택 고덕국제신도시 A-46BL 디에트르(사전청약),41,경기,2021-12-29,2021,4,28,51991,0.0,101.7,84.9714,60.0
2021520007,평택 고덕국제신도시 A-46BL 디에트르(사전청약),41,경기,2021-12-29,2021,4,72,49458,0.0,101.7,84.9745,58.0
2021520007,평택 고덕국제신도시 A-46BL 디에트르(사전청약),41,경기,2021-12-29,2021,4,91,47482,0.0,101.7,84.9735,57.0
2021520007,평택 고덕국제신도시 A-46BL 디에트르(사전청약),41,경기,2021-12-29,2021,4,31,65060,0.0,101.7,111.9561,60.0
2021520007,평택 고덕국제신도시 A-46BL 디에트르(사전청약),41,경기,2021-12-29,2021,4,31,62182,0.0,101.7,111.905,53.0
2021520007,평택 고덕국제신도시 A-46BL 디에트르(사전청약),41,경기,2021-12-29,2021,4,60,59194,0.0,101.7,115.574,59.0
2021520006,인천 검단신도시 AB19블록 호반써밋V(사전청약),28,인천,2021-12-29,2021,4,166,46475,0.0,101.7,84.6407,51.0
2021520006,인천 검단신도시 AB19블록 호반써밋V(사전청약),28,인천,2021-12-29,2021,4,55,46200,0.0,101.7,84.6346,46.0
2021520006,인천 검단신도시 AB19블록 호반써밋V(사전청약),28,인천,2021-12-29,2021,4,65,46500,0.0,101.7,84.6771,46.0
2021520005,인천 검단신도시 AB20-1블록 제일풍경채 검단Ⅲ(사전청약),28,인천,2021-12-29,2021,4,95,46070,0.0,101.7,84.9815,50.0
2021520005,인천 검단신도시 AB20-1블록 제일풍경채 검단Ⅲ(사전청약),28,인천,2021-12-29,2021,4,32,46070,0.0,101.7,84.9718,46.0
2021520005,인천 검단신도시 AB20-1블록 제일풍경채 검단Ⅲ(사전청약),28,인천,2021-12-29,2021,4,15,45900,0.0,101.7,84.8495,45.0
2021520005,인천 검단신도시 AB20-1블록 제일풍경채 검단Ⅲ(사전청약),28,인천,2021-12-29,2021,4,88,61880,0.0,101.7,115.7953,47.0
2021520005,인천 검단신도시 AB20-1블록 제일풍경채 검단Ⅲ(사전청약),28,인천,2021-12-29,2021,4,63,61890,0.0,101.7,115.9391,46.0
2021520004,인천 검단신도시 AB20-2블록 중흥S-클래스(사전청약),28,인천,2021-12-29,2021,4,37,39900,0.0,101.7,72.9531,55.0
2021520004,인천 검단신도시 AB20-2블록 중흥S-클래스(사전청약),28,인천,2021-12-29,2021,4,37,38900,0.0,101.7,72.9511,51.0
2021520004,인천 검단신도시 AB20-2블록 중흥S-클래스(사전청약),28,인천,2021-12-29,2021,4,189,45300,0.0,101.7,84.5032,56.0
2021520004,인천 검단신도시 AB20-2블록 중흥S-클래스(사전청약),28,인천,2021-12-29,2021,4,96,44300,0.0,101.7,84.8058,46.0
2021520004,인천 검단신도시 AB20-2블록 중흥S-클래스(사전청약),28,인천,2021-12-29,2021,4,342,53400,0.0,101.7,101.9971,52.0
2021520004,인천 검단신도시 AB20-2블록 중흥S-클래스(사전청약),28,인천,2021-12-29,2021,4,5,104000,0.0,101.7,147.3586,60.0
2021520003,부산 장안지구 중흥S-클래스(사전청약),26,부산,2021-11-30,2021,4,85,42520,0.0,101.7,84.8719,0.0
2021520002,오산세교2 A14BL 우미린(사전청약),41,경기,2021-11-30,2021,4,86,30180,0.0,101.7,59.9884,15.0
2021520002,오산세교2 A14BL 우미린(사전청약),41,경기,2021-11-30,2021,4,100,30180,0.0,101.7,59.9595,19.0
2021520002,오산세교2 A14BL 우미린(사전청약),41,경기,2021-11-30,2021,4,92,30180,0.0,101.7,59.9938,12.0
2021520002,오산세교2 A14BL 우미린(사전청약),41,경기,2021-11-30,2021,4,34,30180,0.0,101.7,59.983,14.0
2021520002,오산세교2 A14BL 우미린(사전청약),41,경기,2021-11-30,2021,4,89,36850,0.0,101.7,72.9573,27.0
2021520002,오산세교2 A14BL 우미린(사전청약),41,경기,2021-11-30,2021,4,126,43560,0.0,101.7,84.9732,38.0
2021520001,평택 고덕국제신도시 A-49블록 호반써밋III (사전청약),41,경기,2021-11-30,2021,4,69,47860,0.0,101.7,84.9339,62.0
2021520001,평택 고덕국제신도시 A-49블록 호반써밋III (사전청약),41,경기,2021-11-30,2021,4,42,47780,0.0,101.7,84.8687,59.0
2021520001,평택 고덕국제신도시 A-49블록 호반써밋III (사전청약),41,경기,2021-11-30,2021,4,41,47490,0.0,101.7,84.52,57.0
2021520001,평택 고덕국제신도시 A-49블록 호반써밋III (사전청약),41,경기,2021-11-30,2021,4,200,56140,0.0,101.7,100.5371,57.0
2021001019,한화 포레나 포항 2차,47,경북,2022-01-21,2022,1,165,39850,1.49,101.7,84.9151,0.0
2021001012,첨단 프라임시티 서희스타힐스,29,광주,2022-02-25,2022,1,20,41750,25.1,101.7,72.9899,0.0
2021001012,첨단 프라임시티 서희스타힐스,29,광주,2022-02-25,2022,1,13,48410,90.77,101.7,84.9385,0.0
2021001011,더샵 청주그리니티,43,충북,2022-01-26,2022,1,64,27070,15.0,101.7,63.7997,0.0
2021001011,더샵 청주그리니티,43,충북,2022-01-26,2022,1,199,36790,22.28,101.7,84.7621,0.0
2021001011,더샵 청주그리니티,43,충북,2022-01-26,2022,1,67,36100,14.48,101.7,84.7214,0.0
2021001011,더샵 청주그리니티,43,충북,2022-01-26,2022,1,261,44510,14.94,101.7,99.8624,0.0
2021001011,더샵 청주그리니티,43,충북,2022-01-26,2022,1,83,43440,8.27,101.7,99.3857,0.0
2021001011,더샵 청주그리니티,43,충북,2022-01-26,2022,1,94,61080,5.97,101.7,140.5182,0.0
2021001011,더샵 청주그리니티,43,충북,2022-01-26,2022,1,3,82940,23.67,101.7,160.8827,0.0
2021001011,더샵 청주그리니티,43,충북,2022-01-26,2022,1,3,88470,24.33,101.7,170.5368,0.0
2021001007,래미안 포레스티지,26,부산,2021-12-31,2021,4,150,33000,10.87,101.7,49.9769,0.0
2021001007,래미안 포레스티지,26,부산,2021-12-31,2021,4,60,51700,102.08,101.7,59.9836,0.0
2021001007,래미안 포레스티지,26,부산,2021-12-31,2021,4,22,53700,40.82,101.7,59.9818,0.0
2021001007,래미안 포레스티지,26,부산,2021-12-31,2021,4,13,51100,62.77,101.7,59.9835,0.0
2021001007,래미안 포레스티지,26,부산,2021-12-31,2021,4,10,52700,42.3,101.7,59.9808,0.0
2021001007,래미안 포레스티지,26,부산,2021-12-31,2021,4,13,61700,89.23,101.7,72.9138,0.0
2021001007,래미안 포레스티지,26,부산,2021-12-31,2021,4,20,63000,117.15,101.7,72.9792,0.0
2021001007,래미안 포레스티지,26,부산,2021-12-31,2021,4,17,63800,48.35,101.7,72.9792,0.0
2021001007,래미안 포레스티지,26,부산,2021-12-31,2021,4,13,61700,47.54,101.7,72.7828,0.0
2021001007,래미안 포레스티지,26,부산,2021-12-31,2021,4,9,61900,56.33,101.7,72.7218,0.0
2021001007,래미안 포레스티지,26,부산,2021-12-31,2021,4,229,74800,113.93,101.7,84.9849,0.0
2021001007,래미안 포레스티지,26,부산,2021-12-31,2021,4,104,74900,45.46,101.7,84.984,0.0
2021001007,래미안 포레스티지,26,부산,2021-12-31,2021,4,238,72800,46.99,101.7,84.9963,0.0
2021001007,래미안 포레스티지,26,부산,2021-12-31,2021,4,66,73000,26.83,101.7,84.9736,0.0
2021001007,래미안 포레스티지,26,부산,2021-12-31,2021,4,111,71800,23.74,101.7,84.9936,0.0
2021001007,래미안 포레스티지,26,부산,2021-12-31,2021,4,17,72000,26.24,101.7,84.9836,0.0
2021001007,래미안 포레스티지,26,부산,2021-12-31,2021,4,7,75700,242.57,101.7,97.7331,0.0
2021001007,래미안 포레스티지,26,부산,2021-12-31,2021,4,2,100100,347.5,101.7,115.9982,0.0
2021001007,래미안 포레스티지,26,부산,2021-12-31,2021,4,3,89900,173.33,101.7,132.575,0.0
2021001004,광주 방림 골드클래스,29,광주,2022-01-07,2022,1,108,58890,9.31,101.7,84.6746,0.0
2021001004,광주 방림 골드클래스,29,광주,2022-01-07,2022,1,43,58290,4.29,101.7,84.6729,0.0
2021001004,광주 방림 골드클래스,29,광주,2022-01-07,2022,1,78,85890,3.3,101.7,123.567,0.0
2021000998,한화 포레나 천안노태 2단지,44,충남,2022-01-13,2022,1,86,45900,10.03,101.7,84.8877,0.0
2021000998,한화 포레나 천안노태 2단지,44,충남,2022-01-13,2022,1,88,45600,3.88,101.7,84.7772,0.0
2021000998,한화 포레나 천안노태 2단지,44,충남,2022-01-13,2022,1,32,45800,2.24,101.7,84.4818,0.0
2021000998,한화 포레나 천안노태 2단지,44,충남,2022-01-13,2022,1,80,46200,12.81,101.7,84.8125,0.0
2021000998,한화 포레나 천안노태 2단지,44,충남,2022-01-13,2022,1,65,62900,10.45,101.7,114.8327,0.0
2021000998,한화 포레나 천안노태 2단지,44,충남,2022-01-13,2022,1,88,62300,5.27,101.7,114.9995,0.0
2021000997,한화 포레나 천안노태 1단지,44,충남,2022-01-13,2022,1,164,46000,19.93,101.7,84.8877,0.0
2021000997,한화 포레나 천안노태 1단지,44,충남,2022-01-13,2022,1,73,45600,4.1,101.7,84.7772,0.0
2021000997,한화 포레나 천안노태 1단지,44,충남,2022-01-13,2022,1,32,45800,3.2,101.7,84.4818,0.0
2021000997,한화 포레나 천안노태 1단지,44,충남,2022-01-13,2022,1,80,46200,17.19,101.7,84.8125,0.0
2021000997,한화 포레나 천안노태 1단지,44,충남,2022-01-13,2022,1,40,63000,29.3,101.7,114.8327,0.0
2021000997,한화 포레나 천안노태 1단지,44,충남,2022-01-13,2022,1,20,62300,5.3,101.7,114.9995,0.0
2021000997,한화 포레나 천안노태 1단지,44,충남,2022-01-13,2022,1,22,61800,3.13,101.7,114.869,0.0
2021000996,인천 신흥동 3가 숭의역 엘크루,28,인천,2022-03-30,2022,1,20,37773,3.9,101.7,59.1269,0.0
2021000996,인천 신흥동 3가 숭의역 엘크루,28,인천,2022-03-30,2022,1,5,37662,5.6,101.7,59.1771,0.0
2021000996,인천 신흥동 3가 숭의역 엘크루,28,인천,2022-03-30,2022,1,10,52529,7.1,101.7,84.5341,0.0
2021000995,남악 오룡지구 40BL 오룡 푸르지오 파르세나,46,전남,2021-12-28,2021,4,89,37404,7.68,101.7,84.9967,0.0
2021000995,남악 오룡지구 40BL 오룡 푸르지오 파르세나,46,전남,2021-12-28,2021,4,20,37572,18.25,101.7,84.9904,0.0
2021000995,남악 오룡지구 40BL 오룡 푸르지오 파르세나,46,전남,2021-12-28,2021,4,13,38444,47.85,101.7,84.937,0.0
2021000995,남악 오룡지구 40BL 오룡 푸르지오 파르세나,46,전남,2021-12-28,2021,4,5,36671,2.53,101.7,84.9867,0.0
2021000995,남악 오룡지구 40BL 오룡 푸르지오 파르세나,46,전남,2021-12-28,2021,4,5,37816,29.2,101.7,84.9981,0.0
2021000994,남악 오룡지구 39BL 오룡 푸르지오 파르세나,46,전남,2021-12-28,2021,4,80,37415,4.32,101.7,84.9967,0.0
2021000994,남악 오룡지구 39BL 오룡 푸르지오 파르세나,46,전남,2021-12-28,2021,4,41,37584,11.06,101.7,84.9904,0.0
2021000994,남악 오룡지구 39BL 오룡 푸르지오 파르세나,46,전남,2021-12-28,2021,4,13,38458,16.18,101.7,84.937,0.0
2021000994,남악 오룡지구 39BL 오룡 푸르지오 파르세나,46,전남,2021-12-28,2021,4,7,34954,52.0,101.7,84.9867,0.0
2021000992,신천역 한라비발디,41,경기,2021-12-30,2021,4,164,69960,6.76,101.7,84.705,0.0
2021000992,신천역 한라비발디,41,경기,2021-12-30,2021,4,36,68760,2.25,101.7,84.8137,0.0
2021000992,신천역 한라비발디,41,경기,2021-12-30,2021,4,134,68060,2.31,101.7,84.7324,0.0
2021000992,신천역 한라비발디,41,경기,2021-12-30,2021,4,59,68560,60.83,101.7,84.0616,0.0
2021000992,신천역 한라비발디,41,경기,2021-12-30,2021,4,123,85290,1.61,101.7,111.6914,0.0
2021000992,신천역 한라비발디,41,경기,2021-12-30,2021,4,117,85290,61.8,101.7,111.9114,0.0
2021000992,신천역 한라비발디,41,경기,2021-12-30,2021,4,38,87540,2.79,101.7,111.8323,0.0
2021000992,신천역 한라비발디,41,경기,2021-12-30,2021,4,39,85790,31.67,101.7,111.6752,0.0
2021000990,쌍용 더 플래티넘 오시리아,26,부산,2021-12-31,2021,4,17,76860,29.88,101.7,84.9051,0.0
2021000990,쌍용 더 플래티넘 오시리아,26,부산,2021-12-31,2021,4,15,77240,5.72,101.7,84.9051,0.0
2021000990,쌍용 더 플래티넘 오시리아,26,부산,2021-12-31,2021,4,21,75790,4.59,101.7,84.3791,0.0
2021000990,쌍용 더 플래티넘 오시리아,26,부산,2021-12-31,2021,4,33,76700,17.36,101.7,84.855,0.0
2021000990,쌍용 더 플래티넘 오시리아,26,부산,2021-12-31,2021,4,17,76170,4.05,101.7,84.988,0.0
2021000988,평촌자이아이파크,41,경기,2021-12-30,2021,4,25,49000,4.92,101.7,39.9368,0.0
2021000988,평촌자이아이파크,41,경기,2021-12-30,2021,4,74,92360,15.77,101.7,84.9856,0.0
2021000988,평촌자이아이파크,41,경기,2021-12-30,2021,4,26,91960,11.19,101.7,84.989,0.0
2021000985,엘리프세종,36,세종,2021-12-24,2021,4,65,26332,5.83,101.7,59.9901,0.0
2021000985,엘리프세종,36,세종,2021-12-24,2021,4,2,25806,12.0,101.7,59.9901,0.0
2021000985,엘리프세종,36,세종,2021-12-24,2021,4,2,25016,4.5,101.7,59.9901,0.0
2021000985,엘리프세종,36,세종,2021-12-24,2021,4,45,36751,23.69,101.7,84.9976,0.0
2021000985,엘리프세종,36,세종,2021-12-24,2021,4,29,36772,8.14,101.7,84.9081,0.0
2021000985,엘리프세종,36,세종,2021-12-24,2021,4,31,37003,2.81,101.7,84.9846,0.0
2021000985,엘리프세종,36,세종,2021-12-24,2021,4,33,36945,6.33,101.7,84.9737,0.0
2021000985,엘리프세종,36,세종,2021-12-24,2021,4,5,36086,10.2,101.7,84.9224,0.0
2021000985,엘리프세종,36,세종,2021-12-24,2021,4,2,37079,27.5,101.7,84.9849,0.0
2021000982,광주탄벌 서희스타힐스2단지,41,경기,2021-12-31,2021,4,15,40290,2.27,101.7,59.9681,0.0
2021000982,광주탄벌 서희스타힐스2단지,41,경기,2021-12-31,2021,4,12,39280,2.92,101.7,59.9807,0.0
2021000982,광주탄벌 서희스타힐스2단지,41,경기,2021-12-31,2021,4,12,40210,1.92,101.7,59.9553,0.0
2021000980,광주탄벌 서희스타힐스1단지,41,경기,2021-12-31,2021,4,5,42100,4.8,101.7,59.9557,0.0
2021000980,광주탄벌 서희스타힐스1단지,41,경기,2021-12-31,2021,4,11,40240,3.18,101.7,59.9591,0.0
2021000980,광주탄벌 서희스타힐스1단지,41,경기,2021-12-31,2021,4,11,40940,1.82,101.7,59.7462,0.0
2021000980,광주탄벌 서희스타힐스1단지,41,경기,2021-12-31,2021,4,10,47480,18.6,101.7,72.9042,0.0
2021000980,광주탄벌 서희스타힐스1단지,41,경기,2021-12-31,2021,4,5,47260,11.8,101.7,72.9545,0.0
2021000979,호반써밋 포레센트 천안 삼룡1지구,44,충남,2022-01-13,2022,1,12,34400,1.42,101.7,76.9435,0.0
2021000979,호반써밋 포레센트 천안 삼룡1지구,44,충남,2022-01-13,2022,1,17,34980,12.0,101.7,76.9908,0.0
2021000979,호반써밋 포레센트 천안 삼룡1지구,44,충남,2022-01-13,2022,1,45,32770,1.34,101.7,76.9956,0.0
2021000979,호반써밋 포레센트 천안 삼룡1지구,44,충남,2022-01-13,2022,1,83,37240,5.81,101.7,84.9751,0.0
2021000979,호반써밋 포레센트 천안 삼룡1지구,44,충남,2022-01-13,2022,1,35,38470,3.54,101.7,84.8877,0.0
2021000979,호반써밋 포레센트 천안 삼룡1지구,44,충남,2022-01-13,2022,1,84,35980,2.02,101.7,84.9652,0.0
2021000979,호반써밋 포레센트 천안 삼룡1지구,44,충남,2022-01-13,2022,1,2,63070,60.5,101.7,129.0957,0.0
2021000979,호반써밋 포레센트 천안 삼룡1지구,44,충남,2022-01-13,2022,1,2,72550,17.0,101.7,144.6206,0.0
2021000978,포항자이 애서턴,47,경북,2021-12-29,2021,4,200,51320,67.35,101.7,84.9253,0.0
2021000978,포항자이 애서턴,47,경북,2021-12-29,2021,4,127,51660,24.33,101.7,84.9146,0.0
2021000978,포항자이 애서턴,47,경북,2021-12-29,2021,4,73,50850,28.19,101.7,84.9409,0.0
2021000978,포항자이 애서턴,47,경북,2021-12-29,2021,4,7,57570,199.14,101.7,84.9684,0.0
2021000974,계양 동도센트리움 골든베이,28,인천,2021-12-23,2021,4,43,39570,10.95,101.7,59.807,0.0
2021000974,계양 동도센트리움 골든베이,28,인천,2021-12-23,2021,4,23,47910,23.7,101.7,72.135,0.0
2021000973,남원 월락 유탑 유블레스 킹덤,52,전북,2021-12-24,2021,4,84,36300,2.98,101.7,84.9749,0.0
2021000973,남원 월락 유탑 유블레스 킹덤,52,전북,2021-12-24,2021,4,64,35800,20.88,101.7,84.943,0.0
2021000973,남원 월락 유탑 유블레스 킹덤,52,전북,2021-12-24,2021,4,8,39100,19.75,101.7,84.9749,0.0
2021000973,남원 월락 유탑 유블레스 킹덤,52,전북,2021-12-24,2021,4,7,38800,6.43,101.7,84.943,0.0
2021000971,펜타힐즈 푸르지오 2차,47,경북,2021-12-17,2021,4,33,47900,5.52,101.7,74.8195,0.0
2021000971,펜타힐즈 푸르지오 2차,47,경북,2021-12-17,2021,4,93,52400,10.33,101.7,84.9829,0.0
2021000971,펜타힐즈 푸르지오 2차,47,경북,2021-12-17,2021,4,31,52200,2.68,101.7,84.9789,0.0
2021000971,펜타힐즈 푸르지오 2차,47,경북,2021-12-17,2021,4,60,61000,11.69,101.7,101.4447,0.0
2021000970,효성해링턴 플레이스 안성 공도,41,경기,2021-12-17,2021,4,80,39500,63.0,101.7,75.9892,0.0
2021000970,효성해링턴 플레이스 안성 공도,41,경기,2021-12-17,2021,4,24,43890,3.25,101.7,84.9857,0.0
2021000969,창원 두산위브 더센트럴,48,경남,2021-12-13,2021,4,12,30900,94.42,101.7,59.9857,0.0
2021000969,창원 두산위브 더센트럴,48,경남,2021-12-13,2021,4,16,30900,35.81,101.7,59.9857,0.0
2021000969,창원 두산위브 더센트럴,48,경남,2021-12-13,2021,4,21,29400,30.33,101.7,59.9834,0.0
2021000969,창원 두산위브 더센트럴,48,경남,2021-12-13,2021,4,29,42800,165.83,101.7,84.9811,0.0
2021000969,창원 두산위브 더센트럴,48,경남,2021-12-13,2021,4,59,41300,67.32,101.7,84.9841,0.0
2021000969,창원 두산위브 더센트럴,48,경남,2021-12-13,2021,4,25,42800,70.72,101.7,84.9811,0.0
2021000969,창원 두산위브 더센트럴,48,경남,2021-12-13,2021,4,52,41300,41.23,101.7,84.9841,0.0
2021000964,안양 어반포레 자연앤 e편한세상(민영),41,경기,2022-01-14,2022,1,17,100195,31.71,101.7,98.996,0.0
2021000964,안양 어반포레 자연앤 e편한세상(민영),41,경기,2022-01-14,2022,1,3,99456,26.67,101.7,98.8172,0.0
2021000964,안양 어반포레 자연앤 e편한세상(민영),41,경기,2022-01-14,2022,1,9,99667,9.0,101.7,98.8172,0.0
2021000962,오산 세교2지구 A1블록 호반써밋 그랜빌 Ⅱ,41,경기,2022-01-07,2022,1,132,43150,170.27,101.7,84.9135,56.0
2021000962,오산 세교2지구 A1블록 호반써밋 그랜빌 Ⅱ,41,경기,2022-01-07,2022,1,47,41600,92.11,101.7,84.8374,52.0
2021000962,오산 세교2지구 A1블록 호반써밋 그랜빌 Ⅱ,41,경기,2022-01-07,2022,1,36,40810,107.86,101.7,84.99,50.0
2021000962,오산 세교2지구 A1블록 호반써밋 그랜빌 Ⅱ,41,경기,2022-01-07,2022,1,282,53150,117.07,101.7,111.5889,51.0
2021000961,음성 푸르지오 더 퍼스트,43,충북,2021-12-23,2021,4,13,28700,51.0,101.7,74.7838,0.0
2021000961,음성 푸르지오 더 퍼스트,43,충북,2021-12-23,2021,4,33,31700,19.0,101.7,84.8971,0.0
2021000961,음성 푸르지오 더 퍼스트,43,충북,2021-12-23,2021,4,4,32200,1.3,101.7,84.8364,0.0
2021000958,용문역 리체스트,30,대전,2021-12-17,2021,4,32,45700,6.84,101.7,54.4753,0.0
2021000958,용문역 리체스트,30,대전,2021-12-17,2021,4,6,54600,28.33,101.7,77.1786,0.0
2021000958,용문역 리체스트,30,대전,2021-12-17,2021,4,8,57900,45.75,101.7,81.8348,0.0
2021000957,제주 이도일동 벨라시티 프리미어,50,제주,2021-12-16,2021,4,9,55500,2.11,101.7,78.2635,0.0
2021000957,제주 이도일동 벨라시티 프리미어,50,제주,2021-12-16,2021,4,9,56800,1.22,101.7,80.4254,0.0
2021000957,제주 이도일동 벨라시티 프리미어,50,제주,2021-12-16,2021,4,9,63100,1.89,101.7,84.881,0.0
2021000957,제주 이도일동 벨라시티 프리미어,50,제주,2021-12-16,2021,4,9,64200,1.78,101.7,84.3557,0.0
2021000956,익산자이 그랜드파크,52,전북,2021-12-17,2021,4,297,41500,38.25,101.7,84.9797,0.0
2021000956,익산자이 그랜드파크,52,전북,2021-12-17,2021,4,110,41700,33.59,101.7,84.7505,0.0
2021000956,익산자이 그랜드파크,52,전북,2021-12-17,2021,4,70,41200,40.5,101.7,84.9132,0.0
2021000955,힐스테이트 평택 더퍼스트,41,경기,2021-12-17,2021,4,35,34714,5.34,101.7,59.96,0.0
2021000955,힐스테이트 평택 더퍼스트,41,경기,2021-12-17,2021,4,15,42454,1.64,101.7,74.86,0.0
2021000955,힐스테이트 평택 더퍼스트,41,경기,2021-12-17,2021,4,100,42526,2.97,101.7,74.86,0.0
2021000955,힐스테이트 평택 더퍼스트,41,경기,2021-12-17,2021,4,39,44882,2.39,101.7,76.89,0.0
2021000955,힐스테이트 평택 더퍼스트,41,경기,2021-12-17,2021,4,62,48733,8.24,101.7,84.88,0.0
2021000955,힐스테이트 평택 더퍼스트,41,경기,2021-12-17,2021,4,6,48475,9.83,101.7,84.94,0.0
2021000955,힐스테이트 평택 더퍼스트,41,경기,2021-12-17,2021,4,22,48639,5.32,101.7,84.96,0.0
2021000955,힐스테이트 평택 더퍼스트,41,경기,2021-12-17,2021,4,54,48444,3.76,101.7,84.94,0.0
2021000953,강릉역 경남아너스빌 더 센트로,51,강원,2021-12-17,2021,4,34,33521,22.56,101.7,59.6657,0.0
2021000953,강릉역 경남아너스빌 더 센트로,51,강원,2021-12-17,2021,4,8,34130,22.88,101.7,59.9458,0.0
2021000953,강릉역 경남아너스빌 더 센트로,51,강원,2021-12-17,2021,4,11,46540,91.91,101.7,84.9907,0.0
2021000947,김천 푸르지오 더 퍼스트,47,경북,2021-12-10,2021,4,67,36150,1.62,101.7,74.8687,0.0
2021000947,김천 푸르지오 더 퍼스트,47,경북,2021-12-10,2021,4,146,40730,2.09,101.7,84.6058,0.0
2021000947,김천 푸르지오 더 퍼스트,47,경북,2021-12-10,2021,4,72,42230,2.98,101.7,84.9453,0.0
2021000945,구미 인동 하늘채 디어반,47,경북,2021-12-17,2021,4,32,36270,5.2,101.7,76.7116,0.0
2021000945,구미 인동 하늘채 디어반,47,경북,2021-12-17,2021,4,85,40660,39.79,101.7,84.9175,0.0
2021000945,구미 인동 하늘채 디어반,47,경북,2021-12-17,2021,4,29,40190,9.24,101.7,84.9694,0.0
2021000941,오산 라온프라이빗 스위트,41,경기,2021-12-24,2021,4,96,45600,1.22,101.7,84.9617,0.0
2021000941,오산 라온프라이빗 스위트,41,경기,2021-12-24,2021,4,39,46100,1.08,101.7,84.9623,0.0
2021000941,오산 라온프라이빗 스위트,41,경기,2021-12-24,2021,4,18,45300,20.0,101.7,84.9651,0.0
2021000941,오산 라온프라이빗 스위트,41,경기,2021-12-24,2021,4,52,45300,23.0,101.7,84.9654,0.0
2021000939,부천 원종 아이원시티,41,경기,2022-03-07,2022,1,11,58900,1.36,101.7,70.12,0.0
2021000939,부천 원종 아이원시티,41,경기,2022-03-07,2022,1,11,58700,8.57,101.7,70.56,0.0
2021000939,부천 원종 아이원시티,41,경기,2022-03-07,2022,1,4,60000,5.75,101.7,73.7,0.0
2021000939,부천 원종 아이원시티,41,경기,2022-03-07,2022,1,11,62500,19.33,101.7,74.61,0.0
2021000939,부천 원종 아이원시티,41,경기,2022-03-07,2022,1,3,62100,18.0,101.7,74.62,0.0
2021000939,부천 원종 아이원시티,41,경기,2022-03-07,2022,1,11,60600,30.5,101.7,75.6,0.0
2021000939,부천 원종 아이원시티,41,경기,2022-03-07,2022,1,6,62800,6.0,101.7,76.79,0.0
2021000939,부천 원종 아이원시티,41,경기,2022-03-07,2022,1,6,68400,3.17,101.7,84.85,0.0
2021000938,울산 뉴시티 에일린의 뜰 2차,31,울산,2021-12-09,2021,4,59,56200,12.0,101.7,84.9393,0.0
2021000938,울산 뉴시티 에일린의 뜰 2차,31,울산,2021-12-09,2021,4,55,58100,1.12,101.7,84.8384,0.0
2021000938,울산 뉴시티 에일린의 뜰 2차,31,울산,2021-12-09,2021,4,76,56500,1.37,101.7,84.9521,0.0
2021000938,울산 뉴시티 에일린의 뜰 2차,31,울산,2021-12-09,2021,4,74,56500,103.0,101.7,84.9521,0.0
2021000930,북서울자이 폴라리스,11,서울,2022-01-11,2022,1,4,45100,50.0,103.2,38.9233,0.0
2021000930,북서울자이 폴라리스,11,서울,2022-01-11,2022,1,5,49800,71.4,103.2,42.9794,0.0
2021000930,북서울자이 폴라리스,11,서울,2022-01-11,2022,1,4,59900,104.75,103.2,51.911,0.0
2021000930,북서울자이 폴라리스,11,서울,2022-01-11,2022,1,3,59900,72.33,103.2,51.911,0.0
2021000930,북서울자이 폴라리스,11,서울,2022-01-11,2022,1,9,76500,241.56,103.2,59.9701,0.0
2021000930,북서울자이 폴라리스,11,서울,2022-01-11,2022,1,1,75500,199.0,103.2,59.6389,0.0
2021000930,북서울자이 폴라리스,11,서울,2022-01-11,2022,1,2,75000,166.0,103.2,59.8269,0.0
2021000930,북서울자이 폴라리스,11,서울,2022-01-11,2022,1,2,75500,133.5,103.2,59.9546,0.0
2021000930,북서울자이 폴라리스,11,서울,2022-01-11,2022,1,48,99600,21.92,103.2,84.9625,0.0
2021000930,북서울자이 폴라리스,11,서울,2022-01-11,2022,1,87,100400,18.25,103.2,84.8654,0.0
2021000930,북서울자이 폴라리스,11,서울,2022-01-11,2022,1,68,103100,16.03,103.2,84.9585,0.0
2021000930,북서울자이 폴라리스,11,서울,2022-01-11,2022,1,62,134300,36.48,103.2,112.9104,0.0
2021000926,동대구역 센텀 화성파크드림,27,대구,2021-12-10,2021,4,43,55800,3.86,101.7,84.9432,0.0
2021000921,화성 송산 동원로얄듀크 파크,41,경기,2021-12-03,2021,4,12,35160,6.92,101.7,59.9734,0.0
2021000921,화성 송산 동원로얄듀크 파크,41,경기,2021-12-03,2021,4,8,36120,7.88,101.7,59.9559,0.0
2021000921,화성 송산 동원로얄듀크 파크,41,경기,2021-12-03,2021,4,1,46960,7.0,101.7,82.1344,0.0
2021000921,화성 송산 동원로얄듀크 파크,41,경기,2021-12-03,2021,4,36,46930,8.78,101.7,84.9631,0.0
2021000921,화성 송산 동원로얄듀크 파크,41,경기,2021-12-03,2021,4,40,45590,6.98,101.7,84.7827,0.0
2021000921,화성 송산 동원로얄듀크 파크,41,경기,2021-12-03,2021,4,9,45440,4.56,101.7,84.5993,0.0
2021000921,화성 송산 동원로얄듀크 파크,41,경기,2021-12-03,2021,4,7,46670,8.71,101.7,84.9003,0.0
2021000921,화성 송산 동원로얄듀크 파크,41,경기,2021-12-03,2021,4,2,53170,47.0,101.7,90.9392,0.0
2021000921,화성 송산 동원로얄듀크 파크,41,경기,2021-12-03,2021,4,1,67240,27.0,101.7,111.3781,0.0
2021000921,화성 송산 동원로얄듀크 파크,41,경기,2021-12-03,2021,4,1,75810,27.0,101.7,123.0091,0.0
2021000920,홍천극동스타클래스,51,강원,2021-12-17,2021,4,23,33898,2.5,101.7,76.924,0.0
2021000920,홍천극동스타클래스,51,강원,2021-12-17,2021,4,54,33998,4.31,101.7,76.954,0.0
2021000920,홍천극동스타클래스,51,강원,2021-12-17,2021,4,23,37999,24.13,101.7,84.902,0.0
2021000918,동탄2신도시 A62블록 호반써밋 동탄,41,경기,2021-12-03,2021,4,33,39650,248.29,101.7,74.9655,56.0
2021000918,동탄2신도시 A62블록 호반써밋 동탄,41,경기,2021-12-03,2021,4,269,44840,228.28,101.7,84.8404,58.0
2021000918,동탄2신도시 A62블록 호반써밋 동탄,41,경기,2021-12-03,2021,4,13,43340,630.33,101.7,84.7367,56.0
2021000917,사하 삼정그린코아 더시티,26,부산,2021-12-02,2021,4,25,38373,1.97,101.7,64.7798,0.0
2021000917,사하 삼정그린코아 더시티,26,부산,2021-12-02,2021,4,10,43964,2.75,101.7,76.054,0.0
2021000917,사하 삼정그린코아 더시티,26,부산,2021-12-02,2021,4,10,45095,1.89,101.7,76.562,0.0
2021000917,사하 삼정그린코아 더시티,26,부산,2021-12-02,2021,4,24,51399,14.63,101.7,84.1218,0.0
2021000912,인천 청라국제도시 A-3블록 호반베르디움,28,인천,2021-12-17,2021,4,50,66760,161.56,101.7,84.9958,53.0
2021000912,인천 청라국제도시 A-3블록 호반베르디움,28,인천,2021-12-17,2021,4,16,61800,136.25,101.7,84.9297,50.0
2021000912,인천 청라국제도시 A-3블록 호반베르디움,28,인천,2021-12-17,2021,4,2,64020,466.0,101.7,84.9281,67.0
2021000911,제일풍경채 검단Ⅰ,28,인천,2021-12-16,2021,4,201,47800,71.03,101.7,84.7571,58.0
2021000911,제일풍경채 검단Ⅰ,28,인천,2021-12-16,2021,4,129,46900,48.22,101.7,84.8181,56.0
2021000911,제일풍경채 검단Ⅰ,28,인천,2021-12-16,2021,4,61,47700,71.63,101.7,84.9789,55.0
2021000911,제일풍경채 검단Ⅰ,28,인천,2021-12-16,2021,4,332,61300,112.49,101.7,111.6084,51.0
2021000906,더퍼스트시티 송도,28,인천,2022-06-17,2022,2,4,37100,9.5,101.7,39.6513,19.0
2021000906,더퍼스트시티 송도,28,인천,2022-06-17,2022,2,4,46690,2.33,101.7,44.2024,0.0
2021000906,더퍼스트시티 송도,28,인천,2022-06-17,2022,2,2,47320,2.0,101.7,48.2207,10.0
2021000906,더퍼스트시티 송도,28,인천,2022-06-17,2022,2,8,52210,3.75,101.7,54.0307,0.0
2021000906,더퍼스트시티 송도,28,인천,2022-06-17,2022,2,8,60330,1.8,101.7,57.7775,0.0
2021000906,더퍼스트시티 송도,28,인천,2022-06-17,2022,2,3,61390,3.33,101.7,63.7924,0.0
2021000906,더퍼스트시티 송도,28,인천,2022-06-17,2022,2,3,60940,2.0,101.7,63.4007,0.0
2021000906,더퍼스트시티 송도,28,인천,2022-06-17,2022,2,8,67830,7.75,101.7,64.925,22.0
2021000902,부평역 해링턴 플레이스,28,인천,2021-11-29,2021,4,72,49900,14.4,101.7,59.929,0.0
2021000902,부평역 해링턴 플레이스,28,인천,2021-11-29,2021,4,41,49800,7.12,101.7,59.867,0.0
2021000902,부평역 해링턴 플레이스,28,인천,2021-11-29,2021,4,41,49800,7.1,101.7,59.606,0.0
2021000902,부평역 해링턴 플레이스,28,인천,2021-11-29,2021,4,123,58400,16.59,101.7,72.873,0.0
2021000902,부평역 해링턴 플레이스,28,인천,2021-11-29,2021,4,82,57800,6.2,101.7,72.99,0.0
2021000902,부평역 해링턴 플레이스,28,인천,2021-11-29,2021,4,128,57800,9.91,101.7,72.99,0.0
2021000902,부평역 해링턴 플레이스,28,인천,2021-11-29,2021,4,6,64400,118.83,101.7,84.938,0.0
2021000902,부평역 해링턴 플레이스,28,인천,2021-11-29,2021,4,5,63700,29.2,101.7,84.818,0.0
2021000902,부평역 해링턴 플레이스,28,인천,2021-11-29,2021,4,4,63700,46.25,101.7,84.968,0.0
2021000901,힐스테이트 소사역,41,경기,2021-12-02,2021,4,14,73400,26.14,101.7,74.9494,0.0
2021000901,힐스테이트 소사역,41,경기,2021-12-02,2021,4,17,79800,12.35,101.7,80.9527,0.0
2021000901,힐스테이트 소사역,41,경기,2021-12-02,2021,4,71,85100,15.69,101.7,84.9992,0.0
2021000901,힐스테이트 소사역,41,경기,2021-12-02,2021,4,38,85100,6.84,101.7,84.9766,0.0
2021000901,힐스테이트 소사역,41,경기,2021-12-02,2021,4,25,83100,10.32,101.7,84.9285,0.0
2021000901,힐스테이트 소사역,41,경기,2021-12-02,2021,4,84,85200,13.8,101.7,84.9562,0.0
2021000901,힐스테이트 소사역,41,경기,2021-12-02,2021,4,33,85100,8.03,101.7,84.9887,0.0
2021000901,힐스테이트 소사역,41,경기,2021-12-02,2021,4,36,83900,8.06,101.7,84.921,0.0
2021000897,인천 영종하늘도시 A25BL 대성베르힐,28,인천,2021-11-26,2021,4,81,41750,41.95,101.7,84.6853,40.0
2021000897,인천 영종하늘도시 A25BL 대성베르힐,28,인천,2021-11-26,2021,4,84,41080,8.89,101.7,84.7341,32.0
2021000897,인천 영종하늘도시 A25BL 대성베르힐,28,인천,2021-11-26,2021,4,71,42690,17.41,101.7,84.3391,41.0
2021000897,인천 영종하늘도시 A25BL 대성베르힐,28,인천,2021-11-26,2021,4,71,40450,10.91,101.7,84.1579,35.0
2021000897,인천 영종하늘도시 A25BL 대성베르힐,28,인천,2021-11-26,2021,4,27,42580,11.0,101.7,84.6853,40.0
2021000895,천안 성성 비스타동원,44,충남,2021-12-22,2021,4,235,50600,17.47,101.7,84.9617,0.0
2021000895,천안 성성 비스타동원,44,충남,2021-12-22,2021,4,280,49900,7.77,101.7,84.9915,0.0
2021000895,천안 성성 비스타동원,44,충남,2021-12-22,2021,4,1,43900,156.0,101.7,84.9915,0.0
2021000895,천안 성성 비스타동원,44,충남,2021-12-22,2021,4,95,61250,40.17,101.7,101.5098,0.0
2021000893,인천 청라국제도시 A-4블록 인천청라 시티프라디움,28,인천,2021-12-17,2021,4,35,59975,170.82,101.7,84.994,51.0
2021000893,인천 청라국제도시 A-4블록 인천청라 시티프라디움,28,인천,2021-12-17,2021,4,26,59975,84.92,101.7,84.9995,54.0
2021000893,인천 청라국제도시 A-4블록 인천청라 시티프라디움,28,인천,2021-12-17,2021,4,26,59975,64.77,101.7,84.994,51.0
2021000891,해링턴플레이스 안암,11,서울,2021-11-25,2021,4,19,55480,106.68,103.2,49.56,0.0
2021000891,해링턴플레이스 안암,11,서울,2021-11-25,2021,4,3,79960,186.67,103.2,75.65,0.0
2021000891,해링턴플레이스 안암,11,서울,2021-11-25,2021,4,18,83570,135.89,103.2,75.99,0.0
2021000891,해링턴플레이스 안암,11,서울,2021-11-25,2021,4,5,83060,130.8,103.2,75.24,0.0
2021000891,해링턴플레이스 안암,11,서울,2021-11-25,2021,4,9,89550,434.56,103.2,84.83,0.0
2021000891,해링턴플레이스 안암,11,서울,2021-11-25,2021,4,1,84440,991.0,103.2,84.95,0.0
2021000887,당진 푸르지오 클라테르,44,충남,2021-11-26,2021,4,5,31010,10.0,101.7,74.9975,0.0
2021000887,당진 푸르지오 클라테르,44,충남,2021-11-26,2021,4,66,33490,3.27,101.7,84.9971,0.0
2021000887,당진 푸르지오 클라테르,44,충남,2021-11-26,2021,4,33,32420,25.0,101.7,84.9858,0.0
2021000887,당진 푸르지오 클라테르,44,충남,2021-11-26,2021,4,28,33490,1.85,101.7,84.9831,0.0
2021000883,더샵 송도아크베이(B3BL),28,인천,2021-12-24,2021,4,36,80000,109.83,101.7,84.2,58.0
2021000883,더샵 송도아크베이(B3BL),28,인천,2021-12-24,2021,4,36,77150,85.72,101.7,84.81,57.0
2021000883,더샵 송도아크베이(B3BL),28,인천,2021-12-24,2021,4,74,89990,421.22,101.7,98.06,64.0
2021000883,더샵 송도아크베이(B3BL),28,인천,2021-12-24,2021,4,99,125000,22.9,101.7,112.3,38.0
2021000883,더샵 송도아크베이(B3BL),28,인천,2021-12-24,2021,4,116,139500,30.02,101.7,121.18,47.0
2021000883,더샵 송도아크베이(B3BL),28,인천,2021-12-24,2021,4,116,132500,6.64,101.7,121.06,17.0
2021000883,더샵 송도아크베이(B3BL),28,인천,2021-12-24,2021,4,3,149000,85.0,101.7,155.33,45.0
2021000883,더샵 송도아크베이(B3BL),28,인천,2021-12-24,2021,4,3,200000,51.0,101.7,168.73,64.0
2021000883,더샵 송도아크베이(B3BL),28,인천,2021-12-24,2021,4,3,230000,114.0,101.7,179.42,64.0
2021000882,힐스테이트 초월역 2BL,41,경기,2021-12-17,2021,4,32,40350,18.06,101.7,64.8587,0.0
2021000882,힐스테이트 초월역 2BL,41,경기,2021-12-17,2021,4,8,39670,20.5,101.7,64.989,0.0
2021000882,힐스테이트 초월역 2BL,41,경기,2021-12-17,2021,4,8,47290,17.5,101.7,74.8867,0.0
2021000882,힐스테이트 초월역 2BL,41,경기,2021-12-17,2021,4,8,47140,18.38,101.7,74.7999,0.0
2021000882,힐스테이트 초월역 2BL,41,경기,2021-12-17,2021,4,14,47180,19.21,101.7,74.8118,0.0
2021000882,힐스테이트 초월역 2BL,41,경기,2021-12-17,2021,4,133,54330,17.59,101.7,84.9436,0.0
2021000882,힐스테이트 초월역 2BL,41,경기,2021-12-17,2021,4,23,53310,19.65,101.7,84.9893,0.0
2021000881,힐스테이트 초월역 1BL,41,경기,2021-12-17,2021,4,36,37960,25.11,101.7,59.9515,0.0
2021000881,힐스테이트 초월역 1BL,41,경기,2021-12-17,2021,4,7,37130,19.86,101.7,59.7725,0.0
2021000881,힐스테이트 초월역 1BL,41,경기,2021-12-17,2021,4,36,47960,23.31,101.7,74.9803,0.0
2021000881,힐스테이트 초월역 1BL,41,경기,2021-12-17,2021,4,6,47080,15.83,101.7,74.9743,0.0
2021000881,힐스테이트 초월역 1BL,41,경기,2021-12-17,2021,4,7,47960,20.71,101.7,74.825,0.0
2021000881,힐스테이트 초월역 1BL,41,경기,2021-12-17,2021,4,7,47980,10.14,101.7,74.8867,0.0
2021000881,힐스테이트 초월역 1BL,41,경기,2021-12-17,2021,4,12,47820,14.58,101.7,74.7999,0.0
2021000881,힐스테이트 초월역 1BL,41,경기,2021-12-17,2021,4,25,47860,18.28,101.7,74.8118,0.0
2021000881,힐스테이트 초월역 1BL,41,경기,2021-12-17,2021,4,126,55120,29.44,101.7,84.9436,0.0
2021000881,힐스테이트 초월역 1BL,41,경기,2021-12-17,2021,4,8,55420,27.0,101.7,84.9636,0.0
2021000881,힐스테이트 초월역 1BL,41,경기,2021-12-17,2021,4,8,55120,22.5,101.7,84.9436,0.0
2021000879,두류 중흥S-클래스 센텀포레,27,대구,2021-12-03,2021,4,8,39000,2.88,101.7,59.8198,0.0
2021000878,미륵산 더 테라스 오투그란데 2차,52,전북,2021-12-09,2021,4,16,37690,1.07,101.7,84.9625,0.0
2021000878,미륵산 더 테라스 오투그란데 2차,52,전북,2021-12-09,2021,4,17,36920,1.47,101.7,84.9625,0.0
2021000878,미륵산 더 테라스 오투그란데 2차,52,전북,2021-12-09,2021,4,15,44490,2.82,101.7,84.9625,0.0
2021000876,순천 오네뜨센트럴,46,전남,2022-01-14,2022,1,94,37700,2.33,101.7,84.9617,0.0
2021000876,순천 오네뜨센트럴,46,전남,2022-01-14,2022,1,11,36600,2.45,101.7,84.956,0.0
2021000876,순천 오네뜨센트럴,46,전남,2022-01-14,2022,1,1,54300,10.0,101.7,110.998,0.0
2021000876,순천 오네뜨센트럴,46,전남,2022-01-14,2022,1,14,53500,3.0,101.7,111.7211,0.0
2021000876,순천 오네뜨센트럴,46,전남,2022-01-14,2022,1,4,57200,5.0,101.7,117.0128,0.0
2021000876,순천 오네뜨센트럴,46,전남,2022-01-14,2022,1,1,60600,24.0,101.7,120.6483,0.0
2021000875,봉선 유탑메트로시티,29,광주,2021-12-06,2021,4,21,50100,3.03,101.7,65.287,0.0
2021000875,봉선 유탑메트로시티,29,광주,2021-12-06,2021,4,19,50100,1.57,101.7,65.5857,0.0
2021000874,e편한세상 신곡 파크프라임,41,경기,2021-12-17,2021,4,102,62639,3.73,101.7,84.9426,0.0
2021000874,e편한세상 신곡 파크프라임,41,경기,2021-12-17,2021,4,131,63709,4.84,101.7,84.9594,0.0
2021000874,e편한세상 신곡 파크프라임,41,경기,2021-12-17,2021,4,81,61342,2.09,101.7,84.845,0.0
2021000868,대전 씨엘리오 스위첸,30,대전,2021-11-15,2021,4,21,53200,18.57,101.7,81.912,0.0
2021000868,대전 씨엘리오 스위첸,30,대전,2021-11-15,2021,4,35,55800,35.0,101.7,83.945,0.0
2021000868,대전 씨엘리오 스위첸,30,대전,2021-11-15,2021,4,19,54700,21.74,101.7,83.9451,0.0
2021000866,창원 감계 데시앙,48,경남,2021-11-26,2021,4,83,24200,1.44,101.7,59.8318,0.0
2021000866,창원 감계 데시앙,48,경남,2021-11-26,2021,4,136,29900,1.49,101.7,72.9082,0.0
2021000866,창원 감계 데시앙,48,경남,2021-11-26,2021,4,87,35300,12.52,101.7,84.9332,0.0
2021000866,창원 감계 데시앙,48,경남,2021-11-26,2021,4,29,34000,5.14,101.7,84.8941,0.0
2021000865,익산 제일풍경채 센트럴파크,52,전북,2021-11-23,2021,4,79,25307,4.89,101.7,59.6629,0.0
2021000865,익산 제일풍경채 센트럴파크,52,전북,2021-11-23,2021,4,80,31831,14.3,101.7,74.8539,0.0
2021000865,익산 제일풍경채 센트럴파크,52,전북,2021-11-23,2021,4,255,35771,24.57,101.7,84.9368,0.0
2021000865,익산 제일풍경채 센트럴파크,52,전북,2021-11-23,2021,4,133,35387,10.73,101.7,84.7209,0.0
2021000865,익산 제일풍경채 센트럴파크,52,전북,2021-11-23,2021,4,108,34179,8.43,101.7,84.8277,0.0
2021000864,더샵 남양산센텀포레,48,경남,2021-12-10,2021,4,7,33125,20.14,101.7,59.9879,0.0
2021000864,더샵 남양산센텀포레,48,경남,2021-12-10,2021,4,8,32992,5.13,101.7,59.9705,0.0
2021000864,더샵 남양산센텀포레,48,경남,2021-12-10,2021,4,7,40886,15.0,101.7,74.9876,0.0
2021000864,더샵 남양산센텀포레,48,경남,2021-12-10,2021,4,22,41786,5.16,101.7,74.9496,0.0
2021000864,더샵 남양산센텀포레,48,경남,2021-12-10,2021,4,115,46740,18.4,101.7,84.9886,0.0
2021000862,쌍용 더 플래티넘 광주,41,경기,2021-11-23,2021,4,2,36800,16.0,101.7,59.9739,0.0
2021000862,쌍용 더 플래티넘 광주,41,경기,2021-11-23,2021,4,2,35600,10.5,101.7,59.8004,0.0
2021000862,쌍용 더 플래티넘 광주,41,경기,2021-11-23,2021,4,9,43500,10.78,101.7,73.5338,0.0
2021000862,쌍용 더 플래티넘 광주,41,경기,2021-11-23,2021,4,3,43000,8.33,101.7,73.8508,0.0
2021000862,쌍용 더 플래티넘 광주,41,경기,2021-11-23,2021,4,10,48100,24.9,101.7,84.9908,0.0
2021000862,쌍용 더 플래티넘 광주,41,경기,2021-11-23,2021,4,3,47300,18.0,101.7,84.4933,0.0
2021000861,아산탕정지구2-A3블록 탕정역 예미지,44,충남,2021-11-26,2021,4,28,33920,217.0,101.7,74.2838,0.0
2021000861,아산탕정지구2-A3블록 탕정역 예미지,44,충남,2021-11-26,2021,4,32,33810,185.44,101.7,74.2166,0.0
2021000861,아산탕정지구2-A3블록 탕정역 예미지,44,충남,2021-11-26,2021,4,174,38500,321.82,101.7,84.6132,0.0
2021000861,아산탕정지구2-A3블록 탕정역 예미지,44,충남,2021-11-26,2021,4,27,38190,412.44,101.7,84.2589,0.0
2021000859,안성 공도 스타허브 서희스타힐스,41,경기,2021-11-26,2021,4,48,30700,1.02,101.7,59.9941,0.0
2021000859,안성 공도 스타허브 서희스타힐스,41,경기,2021-11-26,2021,4,11,30400,9.0,101.7,59.9764,0.0
2021000859,안성 공도 스타허브 서희스타힐스,41,경기,2021-11-26,2021,4,15,36200,2.53,101.7,74.779,0.0
2021000859,안성 공도 스타허브 서희스타힐스,41,경기,2021-11-26,2021,4,6,40000,7.67,101.7,84.9851,0.0
2021000857,힐스테이트 대연 센트럴,26,부산,2021-11-12,2021,4,28,50287,156.71,101.7,59.864,0.0
2021000857,힐스테이트 대연 센트럴,26,부산,2021-11-12,2021,4,11,57088,196.18,101.7,74.9533,0.0
2021000857,힐스테이트 대연 센트럴,26,부산,2021-11-12,2021,4,36,60350,210.06,101.7,74.937,0.0
2021000857,힐스테이트 대연 센트럴,26,부산,2021-11-12,2021,4,2,67187,1695.5,101.7,84.9611,0.0
2021000856,구미 푸르지오 엘리포레시티2블록,47,경북,2021-11-26,2021,4,330,39800,2.37,101.7,84.976,0.0
2021000856,구미 푸르지오 엘리포레시티2블록,47,경북,2021-11-26,2021,4,45,39800,1.73,101.7,84.9404,0.0
2021000856,구미 푸르지오 엘리포레시티2블록,47,경북,2021-11-26,2021,4,43,37800,1.56,101.7,84.9944,0.0
2021000856,구미 푸르지오 엘리포레시티2블록,47,경북,2021-11-26,2021,4,18,38800,10.28,101.7,84.9803,0.0
2021000855,구미 푸르지오 엘리포레시티1블록,47,경북,2021-11-26,2021,4,233,39800,5.1,101.7,84.976,0.0
2021000855,구미 푸르지오 엘리포레시티1블록,47,경북,2021-11-26,2021,4,48,39800,1.49,101.7,84.9404,0.0
2021000855,구미 푸르지오 엘리포레시티1블록,47,경북,2021-11-26,2021,4,30,37800,3.11,101.7,84.9944,0.0
2021000855,구미 푸르지오 엘리포레시티1블록,47,경북,2021-11-26,2021,4,57,38800,4.3,101.7,84.9803,0.0
2021000853,내포신도시 반도유보라 마크에디션,44,충남,2021-11-26,2021,4,85,31760,38.0,101.7,84.8443,0.0
2021000853,내포신도시 반도유보라 마크에디션,44,충남,2021-11-26,2021,4,139,31980,2.08,101.7,84.8822,0.0
2021000851,힐스테이트 오룡 45블록,46,전남,2021-11-12,2021,4,114,40510,2.3,101.7,84.9321,0.0
2021000851,힐스테이트 오룡 45블록,46,전남,2021-11-12,2021,4,24,41880,3.68,101.7,84.9589,0.0
2021000851,힐스테이트 오룡 45블록,46,전남,2021-11-12,2021,4,14,39140,54.0,101.7,84.9339,0.0
2021000850,힐스테이트 오룡 42블록,46,전남,2021-11-12,2021,4,53,40200,1.67,101.7,84.9321,0.0
2021000850,힐스테이트 오룡 42블록,46,전남,2021-11-12,2021,4,102,41520,6.79,101.7,84.9589,0.0
2021000850,힐스테이트 오룡 42블록,46,전남,2021-11-12,2021,4,54,38980,49.0,101.7,84.9339,0.0
2021000849,사천 엘크루 센텀포레,48,경남,2021-12-03,2021,4,11,30400,1.1,101.7,84.9053,0.0
2021000847,더 리치먼드 평창,51,강원,2021-11-26,2021,4,16,45800,11.0,101.7,84.9489,0.0
2021000847,더 리치먼드 평창,51,강원,2021-11-26,2021,4,8,48800,1.25,101.7,84.9489,0.0
2021000846,이천 휴먼빌 에듀파크시티,41,경기,2021-12-10,2021,4,37,32800,3.84,101.7,59.9783,0.0
2021000846,이천 휴먼빌 에듀파크시티,41,경기,2021-12-10,2021,4,174,43700,2.22,101.7,84.9922,0.0
2021000846,이천 휴먼빌 에듀파크시티,41,경기,2021-12-10,2021,4,72,42300,1.45,101.7,84.9703,0.0
2021000844,김해 장유역 한라비발디 센트로,48,경남,2022-01-20,2022,1,79,37431,5.1,101.7,76.3928,0.0
2021000844,김해 장유역 한라비발디 센트로,48,경남,2022-01-20,2022,1,28,37741,5.8,101.7,76.54,0.0
2021000844,김해 장유역 한라비발디 센트로,48,경남,2022-01-20,2022,1,108,40891,28.16,101.7,84.8474,0.0
2021000842,천안 극동스타클래스 더퍼스트,44,충남,2021-12-03,2021,4,89,23000,1.51,101.7,59.9912,0.0
2021000842,천안 극동스타클래스 더퍼스트,44,충남,2021-12-03,2021,4,24,32700,18.96,101.7,74.9864,0.0
2021000842,천안 극동스타클래스 더퍼스트,44,충남,2021-12-03,2021,4,107,32600,2.25,101.7,74.9463,0.0
2021000839,이안 더 센트로 의정부,41,경기,2021-11-26,2021,4,50,56080,3.08,101.7,84.3216,0.0
2021000839,이안 더 센트로 의정부,41,경기,2021-11-26,2021,4,25,53690,1.4,101.7,84.3216,0.0
2021000838,브라운스톤 더 프라임,28,인천,2021-12-17,2021,4,54,36170,10.91,101.7,59.3534,0.0
2021000838,브라운스톤 더 프라임,28,인천,2021-12-17,2021,4,10,35010,14.8,101.7,59.5699,0.0
2021000838,브라운스톤 더 프라임,28,인천,2021-12-17,2021,4,7,45400,64.14,101.7,74.4273,0.0
2021000838,브라운스톤 더 프라임,28,인천,2021-12-17,2021,4,11,45250,34.0,101.7,74.1924,0.0
2021000837,이안 센트럴포레 장유 2단지,48,경남,2021-11-25,2021,4,18,26000,1.42,101.7,59.9814,0.0
2021000837,이안 센트럴포레 장유 2단지,48,경남,2021-11-25,2021,4,8,26200,2.22,101.7,59.9616,0.0
2021000837,이안 센트럴포레 장유 2단지,48,경남,2021-11-25,2021,4,6,26100,2.14,101.7,59.9365,0.0
2021000837,이안 센트럴포레 장유 2단지,48,경남,2021-11-25,2021,4,10,36500,20.1,101.7,84.9638,0.0
2021000836,이안 센트럴포레 장유 1단지,48,경남,2021-11-25,2021,4,20,26000,6.04,101.7,59.9814,0.0
2021000836,이안 센트럴포레 장유 1단지,48,경남,2021-11-25,2021,4,9,26200,4.33,101.7,59.9616,0.0
2021000836,이안 센트럴포레 장유 1단지,48,경남,2021-11-25,2021,4,6,25800,5.33,101.7,59.9365,0.0
2021000836,이안 센트럴포레 장유 1단지,48,경남,2021-11-25,2021,4,12,36500,56.08,101.7,84.9638,0.0
2021000835,화성동탄2 제일풍경채 퍼스티어,41,경기,2021-11-24,2021,4,136,56400,531.19,101.7,101.9777,62.0
2021000835,화성동탄2 제일풍경채 퍼스티어,41,경기,2021-11-24,2021,4,134,56150,283.85,101.7,101.9722,58.0
2021000833,수원 하늘채 더퍼스트 2단지,41,경기,2021-11-05,2021,4,9,47990,41.11,101.7,59.96,0.0
2021000833,수원 하늘채 더퍼스트 2단지,41,경기,2021-11-05,2021,4,4,46510,50.5,101.7,59.92,0.0
2021000833,수원 하늘채 더퍼스트 2단지,41,경기,2021-11-05,2021,4,4,57790,25.0,101.7,74.92,0.0
2021000833,수원 하늘채 더퍼스트 2단지,41,경기,2021-11-05,2021,4,9,56280,47.22,101.7,74.88,0.0
2021000833,수원 하늘채 더퍼스트 2단지,41,경기,2021-11-05,2021,4,7,60900,77.43,101.7,84.96,0.0
2021000832,김해 내덕지구 중흥S-클래스 더퍼스트,48,경남,2022-01-19,2022,1,54,29000,7.7,101.7,59.9221,0.0
2021000832,김해 내덕지구 중흥S-클래스 더퍼스트,48,경남,2022-01-19,2022,1,49,37500,6.48,101.7,76.9489,0.0
2021000832,김해 내덕지구 중흥S-클래스 더퍼스트,48,경남,2022-01-19,2022,1,49,37000,1.82,101.7,76.602,0.0
2021000832,김해 내덕지구 중흥S-클래스 더퍼스트,48,경남,2022-01-19,2022,1,293,41800,18.65,101.7,84.9996,0.0
2021000832,김해 내덕지구 중흥S-클래스 더퍼스트,48,경남,2022-01-19,2022,1,51,41300,4.45,101.7,84.9985,0.0
2021000831,북수원 하우스토리,41,경기,2021-11-12,2021,4,1,46788,27.0,101.7,59.897,0.0
2021000831,북수원 하우스토리,41,경기,2021-11-12,2021,4,1,45477,27.0,101.7,59.855,0.0
2021000831,북수원 하우스토리,41,경기,2021-11-12,2021,4,1,46064,42.0,101.7,59.944,0.0
2021000831,북수원 하우스토리,41,경기,2021-11-12,2021,4,1,46985,30.0,101.7,59.988,0.0
2021000831,북수원 하우스토리,41,경기,2021-11-12,2021,4,1,54644,22.0,101.7,71.778,0.0
2021000831,북수원 하우스토리,41,경기,2021-11-12,2021,4,6,60756,22.67,101.7,84.988,0.0
2021000831,북수원 하우스토리,41,경기,2021-11-12,2021,4,1,60976,51.0,101.7,84.968,0.0
2021000831,북수원 하우스토리,41,경기,2021-11-12,2021,4,7,60423,19.0,101.7,84.976,0.0
2021000831,북수원 하우스토리,41,경기,2021-11-12,2021,4,4,61189,20.25,101.7,84.989,0.0
2021000831,북수원 하우스토리,41,경기,2021-11-12,2021,4,7,60242,13.29,101.7,84.987,0.0
2021000830,송도자이 더 스타,28,인천,2021-11-05,2021,4,744,95540,8.81,101.7,84.0,36.0
2021000830,송도자이 더 스타,28,인천,2021-11-05,2021,4,166,95540,6.94,101.7,84.7098,28.0
2021000830,송도자이 더 스타,28,인천,2021-11-05,2021,4,142,94540,6.69,101.7,84.9964,28.0
2021000830,송도자이 더 스타,28,인천,2021-11-05,2021,4,86,93540,10.49,101.7,84.9559,37.0
2021000830,송도자이 더 스타,28,인천,2021-11-05,2021,4,12,117600,112.33,101.7,97.6414,49.0
2021000830,송도자이 더 스타,28,인천,2021-11-05,2021,4,242,112430,86.72,101.7,99.7748,51.0
2021000830,송도자이 더 스타,28,인천,2021-11-05,2021,4,40,112430,44.65,101.7,99.9742,48.0
2021000830,송도자이 더 스타,28,인천,2021-11-05,2021,4,38,108990,49.89,101.7,99.8725,48.0
2021000830,송도자이 더 스타,28,인천,2021-11-05,2021,4,15,108030,52.29,101.7,99.0,46.0
2021000830,송도자이 더 스타,28,인천,2021-11-05,2021,4,4,123400,51.5,101.7,103.9728,69.0
2021000830,송도자이 더 스타,28,인천,2021-11-05,2021,4,4,121700,26.5,101.7,104.8719,48.0
2021000830,송도자이 더 스타,28,인천,2021-11-05,2021,4,5,119700,18.5,101.7,105.0454,0.0
2021000830,송도자이 더 스타,28,인천,2021-11-05,2021,4,6,134500,27.33,101.7,107.0657,33.0
2021000830,송도자이 더 스타,28,인천,2021-11-05,2021,4,6,127700,18.33,101.7,107.9607,0.0
2021000830,송도자이 더 스타,28,인천,2021-11-05,2021,4,5,125000,26.5,101.7,111.3754,36.0
2021000830,송도자이 더 스타,28,인천,2021-11-05,2021,4,4,127400,30.5,101.7,112.6599,55.0
2021000830,송도자이 더 스타,28,인천,2021-11-05,2021,4,10,137100,109.8,101.7,118.9899,61.0
2021000830,송도자이 더 스타,28,인천,2021-11-05,2021,4,1,211240,28.0,101.7,133.499,0.0
2021000830,송도자이 더 스타,28,인천,2021-11-05,2021,4,2,223400,68.0,101.7,144.6744,57.0
2021000830,송도자이 더 스타,28,인천,2021-11-05,2021,4,1,237890,41.0,101.7,151.3362,0.0
2021000829,구서역 포르투나,26,부산,2021-11-12,2021,4,22,33490,1.06,101.7,50.9432,0.0
2021000829,구서역 포르투나,26,부산,2021-11-12,2021,4,1,30840,5.0,101.7,51.0868,0.0
2021000829,구서역 포르투나,26,부산,2021-11-12,2021,4,11,33670,7.0,101.7,51.0868,0.0
2021000829,구서역 포르투나,26,부산,2021-11-12,2021,4,12,30980,1.17,101.7,51.9447,0.0
2021000829,구서역 포르투나,26,부산,2021-11-12,2021,4,13,49930,12.62,101.7,77.7477,0.0
2021000828,수원 하늘채 더퍼스트 1단지,41,경기,2021-11-05,2021,4,7,48410,82.71,101.7,59.96,0.0
2021000828,수원 하늘채 더퍼스트 1단지,41,경기,2021-11-05,2021,4,4,47670,37.25,101.7,59.92,0.0
2021000828,수원 하늘채 더퍼스트 1단지,41,경기,2021-11-05,2021,4,2,58440,91.0,101.7,74.92,0.0
2021000828,수원 하늘채 더퍼스트 1단지,41,경기,2021-11-05,2021,4,4,57770,45.0,101.7,74.88,0.0
2021000828,수원 하늘채 더퍼스트 1단지,41,경기,2021-11-05,2021,4,9,62740,212.11,101.7,84.96,0.0
2021000828,수원 하늘채 더퍼스트 1단지,41,경기,2021-11-05,2021,4,2,62050,124.0,101.7,84.94,0.0
2021000827,GTX 운정 금강펜테리움 센트럴파크,41,경기,2021-11-12,2021,4,176,47000,274.51,101.7,84.7064,59.0
2021000827,GTX 운정 금강펜테리움 센트럴파크,41,경기,2021-11-12,2021,4,75,47140,242.13,101.7,84.8692,59.0
2021000827,GTX 운정 금강펜테리움 센트럴파크,41,경기,2021-11-12,2021,4,83,47700,238.35,101.7,84.8736,60.0
2021000826,군산 신역세권 우미린 센텀오션,52,전북,2021-12-08,2021,4,119,31920,11.6,101.7,84.9163,0.0
2021000826,군산 신역세권 우미린 센텀오션,52,전북,2021-12-08,2021,4,11,31920,18.45,101.7,84.8681,0.0
2021000826,군산 신역세권 우미린 센텀오션,52,전북,2021-12-08,2021,4,22,31920,13.82,101.7,84.8707,0.0
2021000825,파주 운정3지구 A7BL 제일풍경채 3차 그랑포레,41,경기,2021-11-12,2021,4,28,45500,266.67,101.7,84.9404,54.0
2021000825,파주 운정3지구 A7BL 제일풍경채 3차 그랑포레,41,경기,2021-11-12,2021,4,57,45500,237.45,101.7,84.9958,52.0
2021000825,파주 운정3지구 A7BL 제일풍경채 3차 그랑포레,41,경기,2021-11-12,2021,4,12,44900,307.5,101.7,84.9863,56.0
2021000825,파주 운정3지구 A7BL 제일풍경채 3차 그랑포레,41,경기,2021-11-12,2021,4,93,59000,154.32,101.7,118.9928,50.0
2021000822,신진주역세권 B-1BL 우미린,48,경남,2021-11-01,2021,4,195,45150,63.15,101.7,84.986,0.0
2021000822,신진주역세권 B-1BL 우미린,48,경남,2021-11-01,2021,4,125,44830,27.18,101.7,84.9888,0.0
2021000820,화성파크드림 공주월송,44,충남,2022-01-14,2022,1,114,39340,10.59,101.7,84.9739,0.0
2021000816,금촌역 신일해피트리 더루츠,41,경기,2021-11-04,2021,4,38,34121,52.0,101.7,57.3187,0.0
2021000816,금촌역 신일해피트리 더루츠,41,경기,2021-11-04,2021,4,18,35179,1.06,101.7,59.7155,0.0
2021000814,부산에코델타 7BL 호반써밋,26,부산,2021-11-04,2021,4,152,53360,60.17,101.7,84.9146,0.0
2021000814,부산에코델타 7BL 호반써밋,26,부산,2021-11-04,2021,4,39,52380,34.54,101.7,84.9365,0.0
2021000814,부산에코델타 7BL 호반써밋,26,부산,2021-11-04,2021,4,34,53660,65.74,101.7,84.8888,0.0
2021000808,더 센트럴 화성파크드림,27,대구,2021-11-25,2021,4,29,42800,2.24,101.7,61.9738,0.0
2021000808,더 센트럴 화성파크드림,27,대구,2021-11-25,2021,4,31,42200,10.35,101.7,61.6537,0.0
2021000808,더 센트럴 화성파크드림,27,대구,2021-11-25,2021,4,11,58100,72.64,101.7,84.9354,0.0
2021000807,남원주역세권A1 호반써밋 원주역,51,강원,2021-11-05,2021,4,27,27420,58.11,101.7,62.964,0.0
2021000807,남원주역세권A1 호반써밋 원주역,51,강원,2021-11-05,2021,4,139,36510,102.6,101.7,84.9687,0.0
2021000807,남원주역세권A1 호반써밋 원주역,51,강원,2021-11-05,2021,4,69,34990,42.81,101.7,84.9587,0.0
2021000806,과천 한양수자인,41,경기,2021-11-25,2021,4,16,65000,19.81,101.7,59.9152,0.0
2021000806,과천 한양수자인,41,경기,2021-11-25,2021,4,13,65420,25.54,101.7,59.9396,0.0
2021000806,과천 한양수자인,41,경기,2021-11-25,2021,4,17,64920,26.29,101.7,59.9615,0.0
2021000806,과천 한양수자인,41,경기,2021-11-25,2021,4,25,88520,41.8,101.7,84.5609,0.0
2021000806,과천 한양수자인,41,경기,2021-11-25,2021,4,16,88600,38.31,101.7,84.9172,0.0
2021000803,두산위브더제니스 센트럴 여의,28,인천,2021-11-02,2021,4,7,32600,9.71,101.7,52.93,0.0
2021000803,두산위브더제니스 센트럴 여의,28,인천,2021-11-02,2021,4,66,42800,12.79,101.7,59.97,0.0
2021000803,두산위브더제니스 센트럴 여의,28,인천,2021-11-02,2021,4,29,42700,6.83,101.7,59.81,0.0
2021000803,두산위브더제니스 센트럴 여의,28,인천,2021-11-02,2021,4,45,44700,4.8,101.7,62.97,0.0
2021000803,두산위브더제니스 센트럴 여의,28,인천,2021-11-02,2021,4,44,50800,13.36,101.7,72.83,0.0
2021000803,두산위브더제니스 센트럴 여의,28,인천,2021-11-02,2021,4,22,50600,7.14,101.7,72.61,0.0
2021000803,두산위브더제니스 센트럴 여의,28,인천,2021-11-02,2021,4,32,49100,7.03,101.7,72.92,0.0
2021000803,두산위브더제니스 센트럴 여의,28,인천,2021-11-02,2021,4,26,57000,36.88,101.7,84.97,0.0
2021000803,두산위브더제니스 센트럴 여의,28,인천,2021-11-02,2021,4,9,56900,17.78,101.7,84.76,0.0
2021000803,두산위브더제니스 센트럴 여의,28,인천,2021-11-02,2021,4,43,56200,16.79,101.7,84.98,0.0
2021000803,두산위브더제니스 센트럴 여의,28,인천,2021-11-02,2021,4,28,73000,15.5,101.7,109.33,0.0
2021000802,힐스테이트 앞산 센트럴,27,대구,2021-10-28,2021,4,47,51500,3.33,101.7,84.89,0.0
2021000801,대봉 서한이다음,27,대구,2021-11-12,2021,4,48,72400,1.94,101.7,99.7273,0.0
2021000799,양산사송지구B-2BL 사송신도시 제일풍경채 퍼스트파크,48,경남,2021-10-29,2021,4,176,40300,24.02,101.7,84.9552,0.0
2021000799,양산사송지구B-2BL 사송신도시 제일풍경채 퍼스트파크,48,경남,2021-10-29,2021,4,16,40500,45.88,101.7,84.9544,0.0
2021000796,센트럴운암 모아엘가 트레뷰,29,광주,2021-11-12,2021,4,16,62500,24.88,101.7,84.826,0.0
2021000796,센트럴운암 모아엘가 트레뷰,29,광주,2021-11-12,2021,4,13,63000,16.54,101.7,84.9636,0.0
2021000796,센트럴운암 모아엘가 트레뷰,29,광주,2021-11-12,2021,4,18,63500,9.28,101.7,84.8857,0.0
2021000796,센트럴운암 모아엘가 트레뷰,29,광주,2021-11-12,2021,4,39,63200,31.13,101.7,84.5199,0.0
2021000796,센트럴운암 모아엘가 트레뷰,29,광주,2021-11-12,2021,4,11,65400,21.27,101.7,84.5199,0.0
2021000796,센트럴운암 모아엘가 트레뷰,29,광주,2021-11-12,2021,4,32,63100,14.22,101.7,84.5044,0.0
2021000796,센트럴운암 모아엘가 트레뷰,29,광주,2021-11-12,2021,4,6,55700,13.0,101.7,89.6962,0.0
2021000796,센트럴운암 모아엘가 트레뷰,29,광주,2021-11-12,2021,4,4,57200,6.5,101.7,90.4831,0.0
2021000796,센트럴운암 모아엘가 트레뷰,29,광주,2021-11-12,2021,4,4,59200,7.5,101.7,91.2064,0.0
2021000796,센트럴운암 모아엘가 트레뷰,29,광주,2021-11-12,2021,4,2,57200,13.0,101.7,92.379,0.0
2021000796,센트럴운암 모아엘가 트레뷰,29,광주,2021-11-12,2021,4,2,56900,9.0,101.7,93.1117,0.0
2021000796,센트럴운암 모아엘가 트레뷰,29,광주,2021-11-12,2021,4,2,59400,15.5,101.7,95.0146,0.0
2021000796,센트럴운암 모아엘가 트레뷰,29,광주,2021-11-12,2021,4,2,62000,34.0,101.7,96.6882,0.0
2021000796,센트럴운암 모아엘가 트레뷰,29,광주,2021-11-12,2021,4,46,88300,15.13,101.7,114.7231,0.0
2021000795,경주자이르네,47,경북,2021-11-10,2021,4,113,40500,10.97,101.7,84.793,0.0
2021000795,경주자이르네,47,경북,2021-11-10,2021,4,50,42100,4.18,101.7,84.919,0.0
2021000795,경주자이르네,47,경북,2021-11-10,2021,4,38,42900,19.37,101.7,84.9789,0.0
2021000794,광주 행정타운 아이파크,41,경기,2021-11-08,2021,4,251,53000,5.8,101.7,84.9939,0.0
2021000794,광주 행정타운 아이파크,41,경기,2021-11-08,2021,4,22,53900,5.23,101.7,84.9927,0.0
2021000794,광주 행정타운 아이파크,41,경기,2021-11-08,2021,4,56,50300,4.8,101.7,84.9091,0.0
2021000794,광주 행정타운 아이파크,41,경기,2021-11-08,2021,4,46,53000,6.52,101.7,84.9939,0.0
2021000794,광주 행정타운 아이파크,41,경기,2021-11-08,2021,4,73,63200,8.01,101.7,99.5304,0.0
2021000793,학익 SK VIEW,28,인천,2021-11-04,2021,4,348,40080,6.38,101.7,59.9482,0.0
2021000793,학익 SK VIEW,28,인천,2021-11-04,2021,4,81,39080,6.94,101.7,59.9209,0.0
2021000793,학익 SK VIEW,28,인천,2021-11-04,2021,4,77,48530,17.56,101.7,74.7584,0.0
2021000793,학익 SK VIEW,28,인천,2021-11-04,2021,4,40,47310,14.03,101.7,74.7244,0.0
2021000793,학익 SK VIEW,28,인천,2021-11-04,2021,4,27,53970,101.96,101.7,84.9912,0.0
2021000793,학익 SK VIEW,28,인천,2021-11-04,2021,4,49,53950,43.69,101.7,84.9908,0.0
2021000792,양수역 이지움 리버뷰,41,경기,2021-11-05,2021,4,19,49200,3.47,101.7,84.79,0.0
2021000792,양수역 이지움 리버뷰,41,경기,2021-11-05,2021,4,2,52700,9.0,101.7,84.79,0.0
2021000790,반월역 두산위브 더 센트럴,41,경기,2021-11-05,2021,4,22,44400,11.09,101.7,59.9464,0.0
2021000790,반월역 두산위브 더 센트럴,41,경기,2021-11-05,2021,4,1,43800,26.0,101.7,59.8029,0.0
2021000790,반월역 두산위브 더 센트럴,41,경기,2021-11-05,2021,4,82,54500,6.61,101.7,75.997,0.0
2021000790,반월역 두산위브 더 센트럴,41,경기,2021-11-05,2021,4,1,54900,93.0,101.7,79.9924,0.0
2021000784,대전 하늘채 엘센트로,30,대전,2021-10-28,2021,4,28,36110,34.04,101.7,59.9617,0.0
2021000784,대전 하늘채 엘센트로,30,대전,2021-10-28,2021,4,9,35960,44.78,101.7,59.9736,0.0
2021000784,대전 하늘채 엘센트로,30,대전,2021-10-28,2021,4,77,45900,32.56,101.7,74.9947,0.0
2021000784,대전 하늘채 엘센트로,30,대전,2021-10-28,2021,4,29,45900,25.48,101.7,74.9947,0.0
2021000784,대전 하늘채 엘센트로,30,대전,2021-10-28,2021,4,8,50950,307.25,101.7,84.9913,0.0
2021000782,첨단 센트럴시티 서희스타힐스,29,광주,2021-10-29,2021,4,21,41480,21.33,101.7,72.9962,0.0
2021000782,첨단 센트럴시티 서희스타힐스,29,광주,2021-10-29,2021,4,13,44910,18.38,101.7,79.7094,0.0
2021000782,첨단 센트럴시티 서희스타힐스,29,광주,2021-10-29,2021,4,17,48090,120.82,101.7,84.928,0.0
2021000780,운정신도시 푸르지오 파르세나,41,경기,2021-10-22,2021,4,239,33200,66.96,101.7,59.97,49.0
2021000780,운정신도시 푸르지오 파르세나,41,경기,2021-10-22,2021,4,62,33530,55.75,101.7,59.9659,45.0
2021000780,운정신도시 푸르지오 파르세나,41,경기,2021-10-22,2021,4,85,32550,55.06,101.7,59.9559,44.0
2021000780,운정신도시 푸르지오 파르세나,41,경기,2021-10-22,2021,4,39,33340,45.88,101.7,59.847,50.0
2021000780,운정신도시 푸르지오 파르세나,41,경기,2021-10-22,2021,4,80,44470,188.94,101.7,84.921,59.0
2021000780,운정신도시 푸르지오 파르세나,41,경기,2021-10-22,2021,4,89,44700,138.94,101.7,84.7106,54.0
2021000780,운정신도시 푸르지오 파르세나,41,경기,2021-10-22,2021,4,73,44090,144.27,101.7,84.982,57.0
2021000780,운정신도시 푸르지오 파르세나,41,경기,2021-10-22,2021,4,86,44670,272.94,101.7,84.9646,63.0
2021000777,부산 에코델타시티 한양수자인,26,부산,2021-10-22,2021,4,272,55310,20.31,101.7,102.0221,0.0
2021000777,부산 에코델타시티 한양수자인,26,부산,2021-10-22,2021,4,59,58280,29.73,101.7,107.8421,0.0
2021000777,부산 에코델타시티 한양수자인,26,부산,2021-10-22,2021,4,41,70050,20.0,101.7,132.9686,0.0
2021000777,부산 에코델타시티 한양수자인,26,부산,2021-10-22,2021,4,83,69730,21.27,101.7,132.4631,0.0
2021000777,부산 에코델타시티 한양수자인,26,부산,2021-10-22,2021,4,28,70450,37.57,101.7,132.2489,0.0
2021000775,은파 오투그란데 레이크원,52,전북,2021-11-25,2021,4,20,23480,10.0,101.7,59.8631,0.0
2021000775,은파 오투그란데 레이크원,52,전북,2021-11-25,2021,4,61,33710,33.05,101.7,84.9111,0.0
2021000775,은파 오투그란데 레이크원,52,전북,2021-11-25,2021,4,59,32290,19.2,101.7,84.9706,0.0
2021000770,송도 센트럴파크 리버리치,28,인천,2021-10-15,2021,4,6,89015,207.33,101.7,84.5448,57.0
2021000770,송도 센트럴파크 리버리치,28,인천,2021-10-15,2021,4,6,87280,96.67,101.7,84.5118,48.0
2021000770,송도 센트럴파크 리버리치,28,인천,2021-10-15,2021,4,4,85741,62.0,101.7,84.875,45.0
2021000770,송도 센트럴파크 리버리치,28,인천,2021-10-15,2021,4,3,84975,142.0,101.7,84.069,37.0
2021000770,송도 센트럴파크 리버리치,28,인천,2021-10-15,2021,4,6,84928,112.0,101.7,84.007,50.0
2021000770,송도 센트럴파크 리버리치,28,인천,2021-10-15,2021,4,6,85788,105.0,101.7,84.937,51.0
2021000770,송도 센트럴파크 리버리치,28,인천,2021-10-15,2021,4,4,84721,88.5,101.7,84.3712,41.0
2021000770,송도 센트럴파크 리버리치,28,인천,2021-10-15,2021,4,4,85313,108.5,101.7,84.9168,36.0
2021000765,오치동 광신프로그레스,29,광주,2021-10-29,2021,4,16,26979,1.67,101.7,57.0107,0.0
2021000765,오치동 광신프로그레스,29,광주,2021-10-29,2021,4,23,40768,2.15,101.7,84.4843,0.0
2021000761,시지 센트레빌,27,대구,2021-10-15,2021,4,5,53400,2.33,101.7,72.665,0.0
2021000761,시지 센트레빌,27,대구,2021-10-15,2021,4,11,59000,4.0,101.7,78.2006,0.0
2021000761,시지 센트레빌,27,대구,2021-10-15,2021,4,4,64100,25.75,101.7,84.983,0.0
2021000760,내포신도시 RH-3블록 중흥S클래스 더시티,44,충남,2021-10-08,2021,4,190,32500,393.0,101.7,84.9642,0.0
2021000752,춘천 학곡지구 모아엘가 그랑데,51,강원,2021-10-08,2021,4,179,42080,16.28,101.7,84.966,0.0
2021000752,춘천 학곡지구 모아엘가 그랑데,51,강원,2021-10-08,2021,4,169,43580,9.35,101.7,84.925,0.0
2021000752,춘천 학곡지구 모아엘가 그랑데,51,강원,2021-10-08,2021,4,26,42080,5.4,101.7,84.9584,0.0
2021000751,이안 퍼스티엄 이천부발,41,경기,2021-11-25,2021,4,43,27290,26.0,101.7,75.1109,0.0
2021000751,이안 퍼스티엄 이천부발,41,경기,2021-11-25,2021,4,53,27250,28.0,101.7,75.9909,0.0
2021000751,이안 퍼스티엄 이천부발,41,경기,2021-11-25,2021,4,24,27360,1.11,101.7,75.7971,0.0
2021000751,이안 퍼스티엄 이천부발,41,경기,2021-11-25,2021,4,7,27410,9.0,101.7,75.5251,0.0
2021000751,이안 퍼스티엄 이천부발,41,경기,2021-11-25,2021,4,50,31850,5.42,101.7,84.5604,0.0
2021000751,이안 퍼스티엄 이천부발,41,경기,2021-11-25,2021,4,37,31570,1.44,101.7,84.8222,0.0
2021000750,송학동3차 예다음,52,전북,2021-11-26,2021,4,322,32810,69.0,101.7,84.9899,0.0
2021000749,남원2차 오투그란데 디아트,52,전북,2021-11-15,2021,4,18,21600,3.5,101.7,59.9463,0.0
2021000749,남원2차 오투그란데 디아트,52,전북,2021-11-15,2021,4,4,22000,1.2,101.7,66.4104,0.0
2021000748,오포자이 오브제 C-1BL,41,경기,2021-10-15,2021,4,77,38190,4.62,101.7,62.9691,0.0
2021000748,오포자이 오브제 C-1BL,41,경기,2021-10-15,2021,4,81,45880,5.56,101.7,74.9676,0.0
2021000748,오포자이 오브제 C-1BL,41,경기,2021-10-15,2021,4,15,44840,3.87,101.7,74.9676,0.0
2021000748,오포자이 오브제 C-1BL,41,경기,2021-10-15,2021,4,49,45590,2.96,101.7,74.9678,0.0
2021000748,오포자이 오브제 C-1BL,41,경기,2021-10-15,2021,4,50,45690,3.2,101.7,74.7276,0.0
2021000748,오포자이 오브제 C-1BL,41,경기,2021-10-15,2021,4,68,50100,17.19,101.7,84.9959,0.0
2021000748,오포자이 오브제 C-1BL,41,경기,2021-10-15,2021,4,35,48960,8.6,101.7,84.9959,0.0
2021000748,오포자이 오브제 C-1BL,41,경기,2021-10-15,2021,4,53,49980,7.43,101.7,84.9658,0.0
2021000748,오포자이 오브제 C-1BL,41,경기,2021-10-15,2021,4,54,50000,6.33,101.7,84.8537,0.0
2021000748,오포자이 오브제 C-1BL,41,경기,2021-10-15,2021,4,2,86460,49.0,101.7,104.9454,0.0
2021000736,포항 아이파크,47,경북,2021-10-29,2021,4,84,31990,29.0,101.7,75.9101,0.0
2021000736,포항 아이파크,47,경북,2021-10-29,2021,4,377,35300,3.27,101.7,84.5134,0.0
2021000736,포항 아이파크,47,경북,2021-10-29,2021,4,48,34960,1.55,101.7,84.9827,0.0
2021000736,포항 아이파크,47,경북,2021-10-29,2021,4,37,34990,2.19,101.7,84.9913,0.0
2021000731,한화 포레나 제주중문,50,제주,2021-10-15,2021,4,26,53133,4.31,101.7,76.8886,0.0
2021000731,한화 포레나 제주중문,50,제주,2021-10-15,2021,4,39,60862,4.62,101.7,84.9366,0.0
2021000731,한화 포레나 제주중문,50,제주,2021-10-15,2021,4,59,58407,2.86,101.7,84.9685,0.0
2021000729,용인 경남아너스빌 디센트 H4BL(3단지),41,경기,2022-03-25,2022,1,145,44500,5.39,101.7,84.6367,0.0
2021000729,용인 경남아너스빌 디센트 H4BL(3단지),41,경기,2022-03-25,2022,1,37,45100,4.75,101.7,84.9114,0.0
2021000728,용인 경남아너스빌 디센트 H3BL(2단지),41,경기,2022-03-25,2022,1,105,44200,6.38,101.7,84.6367,0.0
2021000728,용인 경남아너스빌 디센트 H3BL(2단지),41,경기,2022-03-25,2022,1,106,44700,2.13,101.7,84.9114,0.0
2021000727,용인 경남아너스빌 디센트 H2BL(1단지),41,경기,2022-03-25,2022,1,100,44300,7.91,101.7,84.6367,0.0
2021000727,용인 경남아너스빌 디센트 H2BL(1단지),41,경기,2022-03-25,2022,1,53,44900,3.06,101.7,84.9114,0.0
2021000726,동해자이,51,강원,2021-10-08,2021,4,183,33970,3.72,101.7,84.9356,0.0
2021000726,동해자이,51,강원,2021-10-08,2021,4,116,33780,1.48,101.7,84.9468,0.0
2021000725,더샵 진주피에르테,48,경남,2021-09-29,2021,3,56,36400,37.27,101.7,74.9969,0.0
2021000725,더샵 진주피에르테,48,경남,2021-09-29,2021,3,166,42100,71.42,101.7,84.9656,0.0
2021000725,더샵 진주피에르테,48,경남,2021-09-29,2021,3,101,42100,46.92,101.7,84.9871,0.0
2021000722,장유자이 더 파크,48,경남,2021-10-29,2021,4,58,29860,13.36,101.7,59.7355,0.0
2021000722,장유자이 더 파크,48,경남,2021-10-29,2021,4,25,29570,6.64,101.7,59.7288,0.0
2021000722,장유자이 더 파크,48,경남,2021-10-29,2021,4,15,38260,12.73,101.7,78.5312,0.0
2021000722,장유자이 더 파크,48,경남,2021-10-29,2021,4,122,41860,48.98,101.7,84.7313,0.0
2021000722,장유자이 더 파크,48,경남,2021-10-29,2021,4,56,42030,19.2,101.7,84.3186,0.0
2021000722,장유자이 더 파크,48,경남,2021-10-29,2021,4,28,41850,72.71,101.7,84.5614,0.0
2021000721,남구 진아리채 리센츠,29,광주,2021-10-08,2021,4,24,56000,8.88,101.7,84.8989,0.0
2021000721,남구 진아리채 리센츠,29,광주,2021-10-08,2021,4,24,56000,2.59,101.7,84.9913,0.0
2021000721,남구 진아리채 리센츠,29,광주,2021-10-08,2021,4,11,55600,1.95,101.7,84.9741,0.0
2021000721,남구 진아리채 리센츠,29,광주,2021-10-08,2021,4,23,55600,1.15,101.7,84.763,0.0
2021000710,신진주역세권 데시앙,48,경남,2021-10-15,2021,4,294,45180,30.46,101.7,84.9301,0.0
2021000710,신진주역세권 데시앙,48,경남,2021-10-15,2021,4,20,45030,62.85,101.7,84.9786,0.0
2021000708,더샵 하남에디피스,41,경기,2021-09-23,2021,3,3,30569,38.0,101.7,39.449,0.0
2021000708,더샵 하남에디피스,41,경기,2021-09-23,2021,3,2,30518,31.0,101.7,39.51,0.0
2021000708,더샵 하남에디피스,41,경기,2021-09-23,2021,3,5,37826,50.2,101.7,50.199,0.0
2021000708,더샵 하남에디피스,41,경기,2021-09-23,2021,3,157,48065,14.48,101.7,59.98,0.0
2021000708,더샵 하남에디피스,41,경기,2021-09-23,2021,3,54,48245,17.13,101.7,59.882,0.0
2021000708,더샵 하남에디피스,41,경기,2021-09-23,2021,3,42,63025,29.5,101.7,74.642,0.0
2021000708,더샵 하남에디피스,41,경기,2021-09-23,2021,3,38,76413,84.61,101.7,84.874,0.0
2021000707,평택 지제역 동문 디 이스트(5단지),41,경기,2021-09-23,2021,3,278,46300,6.09,101.7,84.9942,0.0
2021000707,평택 지제역 동문 디 이스트(5단지),41,경기,2021-09-23,2021,3,75,46000,3.4,101.7,84.9366,0.0
2021000707,평택 지제역 동문 디 이스트(5단지),41,경기,2021-09-23,2021,3,11,46600,11.36,101.7,84.9882,0.0
2021000707,평택 지제역 동문 디 이스트(5단지),41,경기,2021-09-23,2021,3,7,45900,9.57,101.7,84.9882,0.0
2021000704,여주역 센트레빌 트리니체,41,경기,2021-10-26,2021,4,23,31500,3.5,101.7,66.9687,0.0
2021000704,여주역 센트레빌 트리니체,41,경기,2021-10-26,2021,4,9,31000,4.78,101.7,66.8499,0.0
2021000704,여주역 센트레빌 트리니체,41,경기,2021-10-26,2021,4,55,36100,6.27,101.7,76.6971,0.0
2021000700,안산 한신더휴,41,경기,2021-10-15,2021,4,94,39900,7.3,101.7,59.9324,0.0
2021000700,안산 한신더휴,41,경기,2021-10-15,2021,4,12,40700,10.42,101.7,59.9499,0.0
2021000700,안산 한신더휴,41,경기,2021-10-15,2021,4,8,39800,12.88,101.7,59.415,0.0
2021000700,안산 한신더휴,41,경기,2021-10-15,2021,4,27,51000,19.15,101.7,84.7391,0.0
2021000699,송도 대경스위트리아 파크뷰,28,인천,2021-09-23,2021,3,4,37500,62.0,101.7,46.6,43.0
2021000699,송도 대경스위트리아 파크뷰,28,인천,2021-09-23,2021,3,4,41000,58.0,101.7,52.398,45.0
2021000699,송도 대경스위트리아 파크뷰,28,인천,2021-09-23,2021,3,10,45400,48.4,101.7,53.28,40.0
2021000699,송도 대경스위트리아 파크뷰,28,인천,2021-09-23,2021,3,6,45000,220.67,101.7,58.041,50.0
2021000698,경주 황성 베스티움 프레스티지,47,경북,2021-09-17,2021,3,38,41700,2.11,101.7,75.9897,0.0
2021000698,경주 황성 베스티움 프레스티지,47,경북,2021-09-17,2021,3,18,47500,10.62,101.7,84.9152,0.0
2021000698,경주 황성 베스티움 프레스티지,47,경북,2021-09-17,2021,3,39,46700,21.74,101.7,84.9538,0.0
2021000697,거제 미소지움 더퍼스트,26,부산,2021-10-08,2021,4,4,48820,55.0,101.7,59.8278,0.0
2021000697,거제 미소지움 더퍼스트,26,부산,2021-10-08,2021,4,19,68840,26.21,101.7,84.9897,0.0
2021000697,거제 미소지움 더퍼스트,26,부산,2021-10-08,2021,4,37,68330,14.84,101.7,84.9589,0.0
2021000696,지제 더샵 센트럴파크,41,경기,2021-09-27,2021,3,12,41066,27.75,101.7,59.6236,0.0
2021000696,지제 더샵 센트럴파크,41,경기,2021-09-27,2021,3,4,41066,19.75,101.7,59.7656,0.0
2021000696,지제 더샵 센트럴파크,41,경기,2021-09-27,2021,3,10,49669,14.3,101.7,74.9929,0.0
2021000696,지제 더샵 센트럴파크,41,경기,2021-09-27,2021,3,10,49993,11.9,101.7,74.9744,0.0
2021000696,지제 더샵 센트럴파크,41,경기,2021-09-27,2021,3,24,49507,12.54,101.7,74.7312,0.0
2021000696,지제 더샵 센트럴파크,41,경기,2021-09-27,2021,3,16,53078,19.25,101.7,83.7111,0.0
2021000696,지제 더샵 센트럴파크,41,경기,2021-09-27,2021,3,18,53889,63.0,101.7,84.7982,0.0
2021000695,강릉 교동하늘채 스카이파크,51,강원,2021-09-30,2021,3,200,40010,67.85,101.7,84.828,0.0
2021000695,강릉 교동하늘채 스카이파크,51,강원,2021-09-30,2021,3,77,39950,42.53,101.7,84.8689,0.0
2021000695,강릉 교동하늘채 스카이파크,51,강원,2021-09-30,2021,3,52,39860,44.94,101.7,84.9668,0.0
2021000687,주안역 센트레빌,28,인천,2021-09-10,2021,3,1,35750,37.0,101.7,47.9816,0.0
2021000687,주안역 센트레빌,28,인천,2021-09-10,2021,3,1,35200,40.0,101.7,47.9558,0.0
2021000687,주안역 센트레빌,28,인천,2021-09-10,2021,3,1,44000,79.0,101.7,59.9698,0.0
2021000687,주안역 센트레빌,28,인천,2021-09-10,2021,3,1,42900,102.0,101.7,59.9712,0.0
2021000687,주안역 센트레빌,28,인천,2021-09-10,2021,3,1,42900,91.0,101.7,59.9824,0.0
2021000687,주안역 센트레빌,28,인천,2021-09-10,2021,3,1,52250,104.0,101.7,74.9245,0.0
2021000687,주안역 센트레빌,28,인천,2021-09-10,2021,3,1,53350,126.0,101.7,74.9691,0.0
2021000687,주안역 센트레빌,28,인천,2021-09-10,2021,3,1,60500,301.0,101.7,84.8145,0.0
2021000686,안성아양 흥화하브,41,경기,2021-09-30,2021,3,62,37215,14.88,101.7,84.9872,30.0
2021000686,안성아양 흥화하브,41,경기,2021-09-30,2021,3,26,38356,7.38,101.7,84.91,21.0
2021000686,안성아양 흥화하브,41,경기,2021-09-30,2021,3,23,38438,7.5,101.7,84.9704,19.0
2021000686,안성아양 흥화하브,41,경기,2021-09-30,2021,3,9,37208,6.0,101.7,84.972,16.0
2021000686,안성아양 흥화하브,41,경기,2021-09-30,2021,3,20,36673,3.89,101.7,84.986,13.0
2021000686,안성아양 흥화하브,41,경기,2021-09-30,2021,3,36,37505,6.27,101.7,84.9836,15.0
2021000683,오산 세교2지구 A-9블록 중흥S-클래스 에듀하이,41,경기,2021-10-01,2021,4,68,36400,194.71,101.7,77.9977,46.0
2021000683,오산 세교2지구 A-9블록 중흥S-클래스 에듀하이,41,경기,2021-10-01,2021,4,23,35400,207.2,101.7,77.9957,36.0
2021000683,오산 세교2지구 A-9블록 중흥S-클래스 에듀하이,41,경기,2021-10-01,2021,4,153,40500,244.39,101.7,84.9818,49.0
2021000683,오산 세교2지구 A-9블록 중흥S-클래스 에듀하이,41,경기,2021-10-01,2021,4,39,38400,232.38,101.7,84.9885,47.0
2021000682,오산 세교2지구 A-4블록 중흥S-클래스 에듀파크,41,경기,2021-10-01,2021,4,120,32300,61.83,101.7,59.9784,46.0
2021000682,오산 세교2지구 A-4블록 중흥S-클래스 에듀파크,41,경기,2021-10-01,2021,4,41,31000,50.0,101.7,59.9706,32.0
2021000682,오산 세교2지구 A-4블록 중흥S-클래스 에듀파크,41,경기,2021-10-01,2021,4,50,31300,71.2,101.7,59.9854,29.0
2021000682,오산 세교2지구 A-4블록 중흥S-클래스 에듀파크,41,경기,2021-10-01,2021,4,97,36500,100.89,101.7,72.961,52.0
2021000682,오산 세교2지구 A-4블록 중흥S-클래스 에듀파크,41,경기,2021-10-01,2021,4,70,35500,78.86,101.7,72.9637,39.0
2021000682,오산 세교2지구 A-4블록 중흥S-클래스 에듀파크,41,경기,2021-10-01,2021,4,120,41500,415.17,101.7,84.9818,58.0
2021000682,오산 세교2지구 A-4블록 중흥S-클래스 에듀파크,41,경기,2021-10-01,2021,4,41,40500,220.75,101.7,84.9865,50.0
2021000681,원주기업도시 EG the1 3차,51,강원,2021-09-16,2021,3,244,24660,1.77,101.7,59.8867,0.0
2021000681,원주기업도시 EG the1 3차,51,강원,2021-09-16,2021,3,32,24660,1.43,101.7,59.9673,0.0
2021000681,원주기업도시 EG the1 3차,51,강원,2021-09-16,2021,3,177,34650,10.07,101.7,84.9507,0.0
2021000681,원주기업도시 EG the1 3차,51,강원,2021-09-16,2021,3,160,34650,4.31,101.7,84.6445,0.0
2021000680,은어송 하늘채 리버뷰,30,대전,2021-09-10,2021,3,63,28800,7.11,101.7,59.9307,0.0
2021000680,은어송 하늘채 리버뷰,30,대전,2021-09-10,2021,3,16,36500,13.0,101.7,76.6182,0.0
2021000680,은어송 하늘채 리버뷰,30,대전,2021-09-10,2021,3,177,40900,12.59,101.7,84.9598,0.0
2021000680,은어송 하늘채 리버뷰,30,대전,2021-09-10,2021,3,102,40900,4.96,101.7,84.9598,0.0
2021000680,은어송 하늘채 리버뷰,30,대전,2021-09-10,2021,3,110,40800,4.57,101.7,84.926,0.0
2021000680,은어송 하늘채 리버뷰,30,대전,2021-09-10,2021,3,6,48500,48.67,101.7,84.9598,0.0
2021000680,은어송 하늘채 리버뷰,30,대전,2021-09-10,2021,3,2,48500,65.0,101.7,84.9598,0.0
2021000679,완주 이서 양우내안애 퍼스트힐,52,전북,2021-10-01,2021,4,88,20890,107.0,101.7,59.9322,0.0
2021000679,완주 이서 양우내안애 퍼스트힐,52,전북,2021-10-01,2021,4,1,20850,6.0,101.7,59.9322,0.0
2021000679,완주 이서 양우내안애 퍼스트힐,52,전북,2021-10-01,2021,4,4,25820,4.67,101.7,74.2722,0.0
2021000679,완주 이서 양우내안애 퍼스트힐,52,전북,2021-10-01,2021,4,23,29410,1.48,101.7,84.9674,0.0
2021000678,신경주 더 퍼스트 데시앙,47,경북,2021-09-24,2021,3,82,34800,1.06,101.7,84.9646,0.0
2021000678,신경주 더 퍼스트 데시앙,47,경북,2021-09-24,2021,3,6,36500,16.67,101.7,84.9249,0.0
2021000677,동두천중앙역 엘크루 더퍼스트,41,경기,2021-10-22,2021,4,21,33902,16.0,101.7,72.4132,0.0
2021000677,동두천중앙역 엘크루 더퍼스트,41,경기,2021-10-22,2021,4,43,32885,69.0,101.7,72.4132,0.0
2021000677,동두천중앙역 엘크루 더퍼스트,41,경기,2021-10-22,2021,4,23,32885,28.0,101.7,72.4132,0.0
2021000676,동래 다솜시티,26,부산,2021-09-17,2021,3,7,27112,1.3,101.7,48.8767,0.0
2021000676,동래 다솜시티,26,부산,2021-09-17,2021,3,16,30921,1.54,101.7,51.3704,0.0
2021000676,동래 다솜시티,26,부산,2021-09-17,2021,3,8,39678,15.5,101.7,66.1546,0.0
2021000675,부암서희스타힐스,26,부산,2021-09-03,2021,3,91,36052,11.79,101.7,59.9448,0.0
2021000675,부암서희스타힐스,26,부산,2021-09-03,2021,3,21,35000,6.2,101.7,59.9525,0.0
2021000675,부암서희스타힐스,26,부산,2021-09-03,2021,3,3,34809,10.0,101.7,59.9448,0.0
2021000675,부암서희스타힐스,26,부산,2021-09-03,2021,3,16,38464,12.69,101.7,65.0978,0.0
2021000675,부암서희스타힐스,26,부산,2021-09-03,2021,3,6,37862,12.67,101.7,65.0978,0.0
2021000675,부암서희스타힐스,26,부산,2021-09-03,2021,3,56,50576,47.8,101.7,84.9897,0.0
2021000675,부암서희스타힐스,26,부산,2021-09-03,2021,3,25,49595,18.72,101.7,84.9099,0.0
2021000675,부암서희스타힐스,26,부산,2021-09-03,2021,3,10,50739,43.8,101.7,84.9897,0.0
2021000671,힐스테이트 가평 더뉴클래스,41,경기,2021-09-23,2021,3,66,27200,1.29,101.7,59.9947,0.0
2021000671,힐스테이트 가평 더뉴클래스,41,경기,2021-09-23,2021,3,7,26600,121.0,101.7,59.9945,0.0
2021000671,힐스테이트 가평 더뉴클래스,41,경기,2021-09-23,2021,3,77,38400,3.81,101.7,84.9594,0.0
2021000671,힐스테이트 가평 더뉴클래스,41,경기,2021-09-23,2021,3,33,38300,1.62,101.7,84.975,0.0
2021000671,힐스테이트 가평 더뉴클래스,41,경기,2021-09-23,2021,3,43,37700,1.44,101.7,84.9709,0.0
2021000667,이천자이 더 파크,41,경기,2021-10-01,2021,4,68,33220,20.24,101.7,59.9904,0.0
2021000667,이천자이 더 파크,41,경기,2021-10-01,2021,4,34,32220,11.58,101.7,59.9475,0.0
2021000667,이천자이 더 파크,41,경기,2021-10-01,2021,4,114,47880,39.96,101.7,84.9299,0.0
2021000667,이천자이 더 파크,41,경기,2021-10-01,2021,4,65,46840,15.71,101.7,84.8924,0.0
2021000667,이천자이 더 파크,41,경기,2021-10-01,2021,4,12,47330,26.08,101.7,84.9855,0.0
2021000667,이천자이 더 파크,41,경기,2021-10-01,2021,4,11,53210,32.64,101.7,84.9818,0.0
2021000657,힐스테이트 광교중앙역 퍼스트,41,경기,2021-09-02,2021,3,14,72440,800.33,101.7,60.97,65.0
2021000657,힐스테이트 광교중앙역 퍼스트,41,경기,2021-09-02,2021,3,11,71180,839.0,101.7,60.9,64.0
2021000657,힐스테이트 광교중앙역 퍼스트,41,경기,2021-09-02,2021,3,22,82380,711.0,101.7,69.92,69.0
2021000657,힐스테이트 광교중앙역 퍼스트,41,경기,2021-09-02,2021,3,104,98540,748.81,101.7,84.56,69.0
2021000655,이천 빌리브 어바인시티 2BL,41,경기,2021-09-10,2021,3,42,52300,5.93,101.7,84.325,0.0
2021000655,이천 빌리브 어바인시티 2BL,41,경기,2021-09-10,2021,3,22,51530,1.23,101.7,84.616,0.0
2021000655,이천 빌리브 어바인시티 2BL,41,경기,2021-09-10,2021,3,42,53020,3.76,101.7,84.804,0.0
2021000655,이천 빌리브 어바인시티 2BL,41,경기,2021-09-10,2021,3,22,51530,1.91,101.7,84.707,0.0
2021000654,이천 빌리브 어바인시티 1BL,41,경기,2021-09-10,2021,3,42,52300,7.76,101.7,84.325,0.0
2021000654,이천 빌리브 어바인시티 1BL,41,경기,2021-09-10,2021,3,22,51530,2.39,101.7,84.616,0.0
2021000654,이천 빌리브 어바인시티 1BL,41,경기,2021-09-10,2021,3,42,53020,3.81,101.7,84.804,0.0
2021000654,이천 빌리브 어바인시티 1BL,41,경기,2021-09-10,2021,3,22,51530,1.25,101.7,84.707,0.0
2021000653,평촌 엘프라우드,41,경기,2021-09-03,2021,3,20,54521,13.5,101.7,49.5923,0.0
2021000653,평촌 엘프라우드,41,경기,2021-09-03,2021,3,18,53938,13.78,101.7,49.5923,0.0
2021000653,평촌 엘프라우드,41,경기,2021-09-03,2021,3,103,66651,11.98,101.7,59.9793,0.0
2021000653,평촌 엘프라우드,41,경기,2021-09-03,2021,3,68,68298,15.85,101.7,59.7632,0.0
2021000653,평촌 엘프라우드,41,경기,2021-09-03,2021,3,82,66709,9.02,101.7,59.9793,0.0
2021000653,평촌 엘프라우드,41,경기,2021-09-03,2021,3,58,68357,14.95,101.7,59.7632,0.0
2021000646,속초 동명 휴티스 오션시티,51,강원,2021-10-12,2021,4,19,30600,1.07,101.7,59.844,0.0
2021000646,속초 동명 휴티스 오션시티,51,강원,2021-10-12,2021,4,8,30200,1.13,101.7,59.95,0.0
2021000646,속초 동명 휴티스 오션시티,51,강원,2021-10-12,2021,4,9,30300,1.83,101.7,59.598,0.0
2021000646,속초 동명 휴티스 오션시티,51,강원,2021-10-12,2021,4,9,30300,1.13,101.7,59.913,0.0
2021000635,거제 반도유보라,48,경남,2021-09-24,2021,3,75,36940,3.68,101.7,84.4086,0.0
2021000635,거제 반도유보라,48,경남,2021-09-24,2021,3,39,37320,5.83,101.7,84.8494,0.0
2021000634,안동 영무예다음 포레스트,47,경북,2021-09-10,2021,3,111,28500,3.19,101.7,84.9419,0.0
2021000633,달서 SK VIEW,27,대구,2021-08-27,2021,3,19,52060,25.63,101.7,74.6698,0.0
2021000626,인천강화 서희스타힐스 1단지,28,인천,2021-09-14,2021,3,25,37300,2.0,101.7,84.9495,0.0
2021000625,태봉공원 푸르지오 파크몬트,41,경기,2021-09-02,2021,3,109,41200,12.11,101.7,84.9662,0.0
2021000625,태봉공원 푸르지오 파크몬트,41,경기,2021-09-02,2021,3,76,40200,4.18,101.7,84.9718,0.0
2021000625,태봉공원 푸르지오 파크몬트,41,경기,2021-09-02,2021,3,92,40500,4.62,101.7,84.7824,0.0
2021000623,양평 우방아이유쉘 에코리버,41,경기,2021-09-17,2021,3,69,40800,23.0,101.7,77.9189,0.0
2021000623,양평 우방아이유쉘 에코리버,41,경기,2021-09-17,2021,3,34,40500,46.0,101.7,77.8676,0.0
2021000623,양평 우방아이유쉘 에코리버,41,경기,2021-09-17,2021,3,7,42100,7.29,101.7,77.9189,0.0
2021000617,시티오씨엘 4단지,28,인천,2021-09-09,2021,3,56,52900,37.07,101.7,74.95,0.0
2021000617,시티오씨엘 4단지,28,인천,2021-09-09,2021,3,130,58800,42.82,101.7,84.87,0.0
2021000617,시티오씨엘 4단지,28,인천,2021-09-09,2021,3,59,69300,55.49,101.7,101.13,0.0
2021000616,파주 문산역 2차 동문 디 이스트,41,경기,2021-09-10,2021,3,107,26610,65.0,101.7,59.9841,0.0
2021000616,파주 문산역 2차 동문 디 이스트,41,경기,2021-09-10,2021,3,191,37440,213.0,101.7,84.9838,0.0
2021000616,파주 문산역 2차 동문 디 이스트,41,경기,2021-09-10,2021,3,192,38440,58.0,101.7,84.9838,0.0
2021000610,홍성자이,44,충남,2021-08-27,2021,3,63,35690,16.81,101.7,84.6218,0.0
2021000610,홍성자이,44,충남,2021-08-27,2021,3,100,35180,10.73,101.7,84.6218,0.0
2021000610,홍성자이,44,충남,2021-08-27,2021,3,82,33990,3.0,101.7,84.8796,0.0
2021000606,전주 모아미래도바울루체,52,전북,2021-10-01,2021,4,23,32969,8.78,101.7,84.9735,0.0
2021000606,전주 모아미래도바울루체,52,전북,2021-10-01,2021,4,11,32937,3.86,101.7,84.7712,0.0
2021000606,전주 모아미래도바울루체,52,전북,2021-10-01,2021,4,11,32720,2.5,101.7,84.2552,0.0
2021000605,시청역 동원시티비스타,26,부산,2021-08-25,2021,3,1,43100,93.0,101.7,59.9919,0.0
2021000605,시청역 동원시티비스타,26,부산,2021-08-25,2021,3,31,45500,16.06,101.7,59.9919,0.0
2021000605,시청역 동원시티비스타,26,부산,2021-08-25,2021,3,17,52300,19.47,101.7,69.2114,0.0
2021000605,시청역 동원시티비스타,26,부산,2021-08-25,2021,3,17,58500,82.88,101.7,77.629,0.0
2021000603,무등산 한국아델리움 더힐 2단지,29,광주,2021-08-18,2021,3,7,33200,9.29,101.7,60.7281,0.0
2021000603,무등산 한국아델리움 더힐 2단지,29,광주,2021-08-18,2021,3,5,32500,7.67,101.7,60.5685,0.0
2021000603,무등산 한국아델리움 더힐 2단지,29,광주,2021-08-18,2021,3,111,47800,7.01,101.7,84.9749,0.0
2021000603,무등산 한국아델리움 더힐 2단지,29,광주,2021-08-18,2021,3,27,46900,4.18,101.7,84.9217,0.0
2021000601,우장산 한울에이치밸리움,11,서울,2021-08-27,2021,3,1,76000,75.0,103.2,50.433,0.0
2021000601,우장산 한울에이치밸리움,11,서울,2021-08-27,2021,3,1,74000,46.0,103.2,50.438,0.0
2021000601,우장산 한울에이치밸리움,11,서울,2021-08-27,2021,3,21,74630,47.48,103.2,51.421,0.0
2021000601,우장산 한울에이치밸리움,11,서울,2021-08-27,2021,3,2,74630,31.0,103.2,51.421,0.0
2021000601,우장산 한울에이치밸리움,11,서울,2021-08-27,2021,3,5,75630,32.8,103.2,52.218,0.0
2021000601,우장산 한울에이치밸리움,11,서울,2021-08-27,2021,3,5,75630,39.4,103.2,52.218,0.0
2021000601,우장산 한울에이치밸리움,11,서울,2021-08-27,2021,3,1,78000,459.0,103.2,54.803,0.0
2021000601,우장산 한울에이치밸리움,11,서울,2021-08-27,2021,3,1,77130,288.0,103.2,54.803,0.0
2021000600,더샵 천안레이크마크,44,충남,2021-08-27,2021,3,59,28800,3.32,101.7,65.57,0.0
2021000600,더샵 천안레이크마크,44,충남,2021-08-27,2021,3,15,29100,2.2,101.7,65.26,0.0
2021000600,더샵 천안레이크마크,44,충남,2021-08-27,2021,3,49,27200,1.85,101.7,65.02,0.0
2021000600,더샵 천안레이크마크,44,충남,2021-08-27,2021,3,25,27500,1.25,101.7,65.15,0.0
2021000600,더샵 천안레이크마크,44,충남,2021-08-27,2021,3,35,33300,27.74,101.7,75.97,0.0
2021000600,더샵 천안레이크마크,44,충남,2021-08-27,2021,3,26,33000,16.17,101.7,75.81,0.0
2021000596,광양 와우지구 A3블록 중흥S클래스,46,전남,2021-08-20,2021,3,8,33500,2.0,101.7,84.9344,0.0
2021000591,의정부역 리버카운티아파트,41,경기,2021-08-23,2021,3,16,33000,1.13,101.7,64.93,0.0
2021000591,의정부역 리버카운티아파트,41,경기,2021-08-23,2021,3,16,30000,20.25,101.7,64.99,0.0
2021000591,의정부역 리버카운티아파트,41,경기,2021-08-23,2021,3,1,39600,1.0,101.7,64.93,0.0
2021000591,의정부역 리버카운티아파트,41,경기,2021-08-23,2021,3,1,36600,2.0,101.7,64.99,0.0
2021000591,의정부역 리버카운티아파트,41,경기,2021-08-23,2021,3,16,34200,1.25,101.7,70.05,0.0
2021000591,의정부역 리버카운티아파트,41,경기,2021-08-23,2021,3,1,40800,14.0,101.7,70.05,0.0
2021000589,KTX 송도역 서해그랑블,28,인천,2021-08-27,2021,3,31,40500,65.68,101.7,59.146,0.0
2021000587,양산 평산 코아루 에듀포레,48,경남,2021-08-12,2021,3,84,24845,1.16,101.7,59.9821,0.0
2021000587,양산 평산 코아루 에듀포레,48,경남,2021-08-12,2021,3,26,24621,25.0,101.7,59.9931,0.0
2021000584,트리마제 양산 2단지,48,경남,2021-08-06,2021,3,42,33900,4.07,101.7,59.8008,0.0
2021000584,트리마제 양산 2단지,48,경남,2021-08-06,2021,3,165,45800,13.01,101.7,84.465,0.0
2021000583,트리마제 양산 1단지,48,경남,2021-08-06,2021,3,181,34800,61.0,101.7,65.9649,0.0
2021000583,트리마제 양산 1단지,48,경남,2021-08-06,2021,3,331,45800,5.3,101.7,84.465,0.0
2021000582,한화 포레나 수원원천,41,경기,2021-08-20,2021,3,11,55560,52.45,101.7,66.8113,0.0
2021000582,한화 포레나 수원원천,41,경기,2021-08-20,2021,3,56,57600,31.98,101.7,68.9883,0.0
2021000582,한화 포레나 수원원천,41,경기,2021-08-20,2021,3,17,70220,119.94,101.7,84.997,0.0
2021000581,효성해링턴 플레이스 상무역,29,광주,2021-08-05,2021,3,24,53500,96.67,101.7,84.9978,0.0
2021000581,효성해링턴 플레이스 상무역,29,광주,2021-08-05,2021,3,15,53500,68.6,101.7,84.9661,0.0
2021000581,효성해링턴 플레이스 상무역,29,광주,2021-08-05,2021,3,15,53500,79.53,101.7,84.9759,0.0
2021000581,효성해링턴 플레이스 상무역,29,광주,2021-08-05,2021,3,24,51500,43.79,101.7,84.9812,0.0
2021000581,효성해링턴 플레이스 상무역,29,광주,2021-08-05,2021,3,131,70500,18.85,101.7,119.9945,0.0
2021000581,효성해링턴 플레이스 상무역,29,광주,2021-08-05,2021,3,66,67800,8.47,101.7,119.841,0.0
2021000580,더샵 광양베이센트,46,전남,2021-08-20,2021,3,173,33600,1.36,101.7,84.8849,0.0
2021000580,더샵 광양베이센트,46,전남,2021-08-20,2021,3,18,33400,1.16,101.7,84.6846,0.0
2021000580,더샵 광양베이센트,46,전남,2021-08-20,2021,3,34,35000,3.56,101.7,84.9461,0.0
2021000579,더샵 청주센트럴,43,충북,2021-09-16,2021,3,39,14840,1.75,101.7,39.25,0.0
2021000579,더샵 청주센트럴,43,충북,2021-09-16,2021,3,11,26440,25.0,101.7,59.94,0.0
2021000579,더샵 청주센트럴,43,충북,2021-09-16,2021,3,5,26630,22.6,101.7,59.98,0.0
2021000579,더샵 청주센트럴,43,충북,2021-09-16,2021,3,73,33270,9.7,101.7,74.99,0.0
2021000579,더샵 청주센트럴,43,충북,2021-09-16,2021,3,169,35260,48.81,101.7,84.98,0.0
2021000579,더샵 청주센트럴,43,충북,2021-09-16,2021,3,41,34600,19.63,101.7,84.98,0.0
2021000579,더샵 청주센트럴,43,충북,2021-09-16,2021,3,26,34910,18.38,101.7,84.96,0.0
2021000579,더샵 청주센트럴,43,충북,2021-09-16,2021,3,22,34910,17.59,101.7,84.96,0.0
2021000578,힐스테이트 봉담 프라이드시티,41,경기,2021-08-13,2021,3,24,35940,2.15,101.7,59.9568,0.0
2021000578,힐스테이트 봉담 프라이드시티,41,경기,2021-08-13,2021,3,302,34920,1.42,101.7,59.6481,0.0
2021000578,힐스테이트 봉담 프라이드시티,41,경기,2021-08-13,2021,3,18,35690,2.33,101.7,59.6538,0.0
2021000578,힐스테이트 봉담 프라이드시티,41,경기,2021-08-13,2021,3,158,34050,106.53,101.7,59.9982,0.0
2021000578,힐스테이트 봉담 프라이드시티,41,경기,2021-08-13,2021,3,34,34450,1.17,101.7,59.9982,0.0
2021000578,힐스테이트 봉담 프라이드시티,41,경기,2021-08-13,2021,3,126,41140,3.65,101.7,72.0452,0.0
2021000578,힐스테이트 봉담 프라이드시티,41,경기,2021-08-13,2021,3,67,41010,3.16,101.7,72.0506,0.0
2021000578,힐스테이트 봉담 프라이드시티,41,경기,2021-08-13,2021,3,48,39890,2.13,101.7,72.6719,0.0
2021000578,힐스테이트 봉담 프라이드시티,41,경기,2021-08-13,2021,3,53,40360,2.96,101.7,72.6572,0.0
2021000578,힐스테이트 봉담 프라이드시티,41,경기,2021-08-13,2021,3,31,42240,4.16,101.7,72.759,0.0
2021000578,힐스테이트 봉담 프라이드시티,41,경기,2021-08-13,2021,3,33,47950,6.39,101.7,84.5115,0.0
2021000578,힐스테이트 봉담 프라이드시티,41,경기,2021-08-13,2021,3,33,46770,16.3,101.7,84.7822,0.0
2021000578,힐스테이트 봉담 프라이드시티,41,경기,2021-08-13,2021,3,52,46520,15.69,101.7,84.3879,0.0
2021000578,힐스테이트 봉담 프라이드시티,41,경기,2021-08-13,2021,3,33,47790,11.55,101.7,84.7822,0.0
2021000578,힐스테이트 봉담 프라이드시티,41,경기,2021-08-13,2021,3,103,45310,6.83,101.7,84.4409,0.0
2021000578,힐스테이트 봉담 프라이드시티,41,경기,2021-08-13,2021,3,51,45850,3.61,101.7,84.4409,0.0
2021000578,힐스테이트 봉담 프라이드시티,41,경기,2021-08-13,2021,3,3,79190,82.67,101.7,105.3774,0.0
2021000572,낙민역 삼정그린코아 더시티,26,부산,2021-09-16,2021,3,12,42230,21.25,101.7,61.7782,0.0
2021000572,낙민역 삼정그린코아 더시티,26,부산,2021-09-16,2021,3,13,42390,9.77,101.7,61.0392,0.0
2021000572,낙민역 삼정그린코아 더시티,26,부산,2021-09-16,2021,3,15,42320,13.8,101.7,61.5456,0.0
2021000572,낙민역 삼정그린코아 더시티,26,부산,2021-09-16,2021,3,12,43130,34.67,101.7,61.8928,0.0
2021000572,낙민역 삼정그린코아 더시티,26,부산,2021-09-16,2021,3,15,42000,12.13,101.7,61.0026,0.0
2021000572,낙민역 삼정그린코아 더시티,26,부산,2021-09-16,2021,3,12,42790,14.42,101.7,61.6038,0.0
2021000569,계양 서해그랑블 더테라스,28,인천,2021-08-11,2021,3,1,54614,165.0,101.7,84.9938,0.0
2021000569,계양 서해그랑블 더테라스,28,인천,2021-08-11,2021,3,4,56236,48.75,101.7,84.9773,0.0
2021000569,계양 서해그랑블 더테라스,28,인천,2021-08-11,2021,3,4,56236,25.5,101.7,84.9773,0.0
2021000569,계양 서해그랑블 더테라스,28,인천,2021-08-11,2021,3,4,56236,18.5,101.7,84.4405,0.0
2021000569,계양 서해그랑블 더테라스,28,인천,2021-08-11,2021,3,2,53903,74.5,101.7,84.9972,0.0
2021000569,계양 서해그랑블 더테라스,28,인천,2021-08-11,2021,3,10,55525,46.5,101.7,84.8672,0.0
2021000569,계양 서해그랑블 더테라스,28,인천,2021-08-11,2021,3,8,55525,27.5,101.7,84.8452,0.0
2021000569,계양 서해그랑블 더테라스,28,인천,2021-08-11,2021,3,7,55525,34.57,101.7,84.3084,0.0
2021000569,계양 서해그랑블 더테라스,28,인천,2021-08-11,2021,3,1,50470,48.0,101.7,84.9889,0.0
2021000569,계양 서해그랑블 더테라스,28,인천,2021-08-11,2021,3,8,55099,16.63,101.7,84.8589,0.0
2021000569,계양 서해그랑블 더테라스,28,인천,2021-08-11,2021,3,8,55087,13.38,101.7,84.3001,0.0
2021000569,계양 서해그랑블 더테라스,28,인천,2021-08-11,2021,3,8,54614,16.75,101.7,84.3001,0.0
2021000566,포천 리버포레 세영리첼,41,경기,2021-07-30,2021,3,40,34800,21.0,101.7,84.4966,0.0
2021000563,여수 소호동 금호어울림 오션테라스,46,전남,2021-08-06,2021,3,47,65000,5.38,101.7,84.9805,0.0
2021000563,여수 소호동 금호어울림 오션테라스,46,전남,2021-08-06,2021,3,30,69500,5.43,101.7,89.0525,0.0
2021000563,여수 소호동 금호어울림 오션테라스,46,전남,2021-08-06,2021,3,31,66500,2.69,101.7,101.0192,0.0
2021000562,남악신도시 오룡지구 41BL 중흥S-클래스 에듀파크,46,전남,2021-07-30,2021,3,213,34000,1.74,101.7,84.9968,0.0
2021000562,남악신도시 오룡지구 41BL 중흥S-클래스 에듀파크,46,전남,2021-07-30,2021,3,21,32800,1.33,101.7,84.9766,0.0
2021000561,외도 해담은 아파트,50,제주,2021-09-17,2021,3,11,42100,1.91,101.7,82.1272,0.0
2021000561,외도 해담은 아파트,50,제주,2021-09-17,2021,3,11,42100,1.82,101.7,82.8628,0.0
2021000561,외도 해담은 아파트,50,제주,2021-09-17,2021,3,11,42700,9.18,101.7,82.8628,0.0
2021000561,외도 해담은 아파트,50,제주,2021-09-17,2021,3,11,42400,7.0,101.7,82.1272,0.0
2021000561,외도 해담은 아파트,50,제주,2021-09-17,2021,3,10,41900,2.6,101.7,83.4815,0.0
2021000561,외도 해담은 아파트,50,제주,2021-09-17,2021,3,11,42900,12.27,101.7,83.4815,0.0
2021000558,함덕 천마에버하임오션,50,제주,2021-07-30,2021,3,1,22000,2.0,101.7,34.9492,0.0
2021000557,고덕 하늘채 시그니처,41,경기,2021-07-26,2021,3,9,36500,21.56,101.7,59.949,0.0
2021000557,고덕 하늘채 시그니처,41,경기,2021-07-26,2021,3,6,35800,14.83,101.7,59.9717,0.0
2021000557,고덕 하늘채 시그니처,41,경기,2021-07-26,2021,3,1,47050,281.0,101.7,84.7048,0.0
2021000556,검산 이지움 라프라임,52,전북,2021-08-06,2021,3,67,30000,4.61,101.7,84.6825,0.0
2021000556,검산 이지움 라프라임,52,전북,2021-08-06,2021,3,26,29700,1.4,101.7,84.7634,0.0
2021000554,아산 모종 리슈빌 더 스카이,44,충남,2021-08-09,2021,3,38,36100,29.0,101.7,59.73,0.0
2021000554,아산 모종 리슈빌 더 스카이,44,충남,2021-08-09,2021,3,38,35100,14.0,101.7,59.97,0.0
2021000554,아산 모종 리슈빌 더 스카이,44,충남,2021-08-09,2021,3,13,33200,5.0,101.7,59.97,0.0
2021000554,아산 모종 리슈빌 더 스카이,44,충남,2021-08-09,2021,3,14,33000,16.0,101.7,59.97,0.0
2021000554,아산 모종 리슈빌 더 스카이,44,충남,2021-08-09,2021,3,18,41000,6.75,101.7,67.48,0.0
2021000549,충남내포신도시 이지더원 3차,44,충남,2021-07-30,2021,3,116,33860,1.27,101.7,84.92,0.0
2021000549,충남내포신도시 이지더원 3차,44,충남,2021-07-30,2021,3,53,33860,43.0,101.7,84.97,0.0
2021000549,충남내포신도시 이지더원 3차,44,충남,2021-07-30,2021,3,63,33420,127.0,101.7,84.93,0.0
2021000543,서대구역 센텀 화성파크드림,27,대구,2021-07-23,2021,3,2,35000,14.0,101.7,59.9533,0.0
2021000543,서대구역 센텀 화성파크드림,27,대구,2021-07-23,2021,3,41,34100,5.88,101.7,59.9785,0.0
2021000543,서대구역 센텀 화성파크드림,27,대구,2021-07-23,2021,3,68,42200,3.1,101.7,74.8982,0.0
2021000543,서대구역 센텀 화성파크드림,27,대구,2021-07-23,2021,3,92,49000,5.47,101.7,84.9957,0.0
2021000543,서대구역 센텀 화성파크드림,27,대구,2021-07-23,2021,3,110,49000,2.84,101.7,84.929,0.0
2021000543,서대구역 센텀 화성파크드림,27,대구,2021-07-23,2021,3,116,54600,3.4,101.7,99.4861,0.0
2021000540,세종자이 더 시티,36,세종,2021-07-16,2021,3,33,42200,1085.94,101.7,84.0,63.0
2021000540,세종자이 더 시티,36,세종,2021-07-16,2021,3,12,41900,726.83,101.7,84.8376,60.0
2021000540,세종자이 더 시티,36,세종,2021-07-16,2021,3,16,44500,642.5,101.7,84.9369,59.0
2021000540,세종자이 더 시티,36,세종,2021-07-16,2021,3,2,47000,2474.0,101.7,84.8604,69.0
2021000540,세종자이 더 시티,36,세종,2021-07-16,2021,3,4,46100,1255.0,101.7,93.4318,70.0
2021000540,세종자이 더 시티,36,세종,2021-07-16,2021,3,1,43300,77.0,101.7,93.5103,0.0
2021000540,세종자이 더 시티,36,세종,2021-07-16,2021,3,206,52700,395.31,101.7,101.4205,63.0
2021000540,세종자이 더 시티,36,세종,2021-07-16,2021,3,384,52800,368.18,101.7,101.8207,60.0
2021000540,세종자이 더 시티,36,세종,2021-07-16,2021,3,27,52500,559.46,101.7,101.1965,58.0
2021000540,세종자이 더 시티,36,세종,2021-07-16,2021,3,4,45500,723.5,101.7,101.4532,65.0
2021000540,세종자이 더 시티,36,세종,2021-07-16,2021,3,4,44900,603.5,101.7,101.5957,57.0
2021000540,세종자이 더 시티,36,세종,2021-07-16,2021,3,12,45300,437.5,101.7,101.0,56.0
2021000540,세종자이 더 시티,36,세종,2021-07-16,2021,3,2,54900,377.0,101.7,105.9049,58.0
2021000540,세종자이 더 시티,36,세종,2021-07-16,2021,3,1,55100,19.0,101.7,106.1841,0.0
2021000540,세종자이 더 시티,36,세종,2021-07-16,2021,3,2,55900,132.0,101.7,108.1895,54.0
2021000540,세종자이 더 시티,36,세종,2021-07-16,2021,3,12,59700,510.0,101.7,108.0,69.0
2021000540,세종자이 더 시티,36,세종,2021-07-16,2021,3,13,53200,308.83,101.7,109.4287,61.0
2021000540,세종자이 더 시티,36,세종,2021-07-16,2021,3,1,56800,22.0,101.7,109.9745,0.0
2021000540,세종자이 더 시티,36,세종,2021-07-16,2021,3,7,56500,217.67,101.7,114.7885,57.0
2021000540,세종자이 더 시티,36,세종,2021-07-16,2021,3,1,60700,39.0,101.7,114.8283,0.0
2021000540,세종자이 더 시티,36,세종,2021-07-16,2021,3,4,48600,169.0,101.7,115.8007,58.0
2021000540,세종자이 더 시티,36,세종,2021-07-16,2021,3,1,66900,29.0,101.7,117.2367,0.0
2021000540,세종자이 더 시티,36,세종,2021-07-16,2021,3,26,48500,394.62,101.7,119.9725,65.0
2021000540,세종자이 더 시티,36,세종,2021-07-16,2021,3,3,48000,170.0,101.7,122.2879,60.0
2021000540,세종자이 더 시티,36,세종,2021-07-16,2021,3,3,49000,214.0,101.7,123.2137,52.0
2021000540,세종자이 더 시티,36,세종,2021-07-16,2021,3,184,61100,322.88,101.7,124.2733,63.0
2021000540,세종자이 더 시티,36,세종,2021-07-16,2021,3,76,64500,277.89,101.7,124.6827,58.0
2021000540,세종자이 더 시티,36,세종,2021-07-16,2021,3,9,55500,315.5,101.7,124.0,60.0
2021000540,세종자이 더 시티,36,세종,2021-07-16,2021,3,6,48700,307.33,101.7,125.695,57.0
2021000540,세종자이 더 시티,36,세종,2021-07-16,2021,3,6,72000,713.33,101.7,125.2662,66.0
2021000540,세종자이 더 시티,36,세종,2021-07-16,2021,3,4,47300,470.5,101.7,128.5964,58.0
2021000540,세종자이 더 시티,36,세종,2021-07-16,2021,3,1,75100,29.0,101.7,136.1844,0.0
2021000540,세종자이 더 시티,36,세종,2021-07-16,2021,3,7,68000,162.67,101.7,138.8464,57.0
2021000540,세종자이 더 시티,36,세종,2021-07-16,2021,3,2,75600,240.0,101.7,138.8855,59.0
2021000540,세종자이 더 시티,36,세종,2021-07-16,2021,3,1,75200,36.0,101.7,143.826,0.0
2021000540,세종자이 더 시티,36,세종,2021-07-16,2021,3,15,62000,328.57,101.7,144.5009,59.0
2021000540,세종자이 더 시티,36,세종,2021-07-16,2021,3,13,58800,250.67,101.7,153.1255,57.0
2021000540,세종자이 더 시티,36,세종,2021-07-16,2021,3,1,87500,105.0,101.7,154.2968,0.0
2021000539,구미 푸르지오 센트럴파크,47,경북,2021-07-30,2021,3,367,40930,11.58,101.7,84.909,0.0
2021000536,아시아드 삼정그린코아 더시티,26,부산,2021-08-13,2021,3,8,54710,20.38,101.7,66.2324,0.0
2021000536,아시아드 삼정그린코아 더시티,26,부산,2021-08-13,2021,3,8,56430,19.38,101.7,68.0982,0.0
2021000536,아시아드 삼정그린코아 더시티,26,부산,2021-08-13,2021,3,6,52280,98.33,101.7,69.0984,0.0
2021000536,아시아드 삼정그린코아 더시티,26,부산,2021-08-13,2021,3,14,57780,74.36,101.7,69.0237,0.0
2021000534,힐스테이트자이 계양,28,인천,2021-07-21,2021,3,100,36500,20.34,101.7,53.94,0.0
2021000534,힐스테이트자이 계양,28,인천,2021-07-21,2021,3,44,36600,13.05,101.7,53.83,0.0
2021000534,힐스테이트자이 계양,28,인천,2021-07-21,2021,3,39,36600,10.46,101.7,53.8,0.0
2021000534,힐스테이트자이 계양,28,인천,2021-07-21,2021,3,7,42200,177.0,101.7,59.79,0.0
2021000534,힐스테이트자이 계양,28,인천,2021-07-21,2021,3,8,41900,75.88,101.7,59.86,0.0
2021000534,힐스테이트자이 계양,28,인천,2021-07-21,2021,3,88,56400,95.14,101.7,84.53,0.0
2021000534,힐스테이트자이 계양,28,인천,2021-07-21,2021,3,31,56100,42.1,101.7,84.5,0.0
2021000534,힐스테이트자이 계양,28,인천,2021-07-21,2021,3,91,56400,60.41,101.7,84.81,0.0
2021000533,힐스테이트 익산,52,전북,2021-07-16,2021,3,9,24410,16.42,101.7,59.9458,0.0
2021000533,힐스테이트 익산,52,전북,2021-07-16,2021,3,74,33780,35.08,101.7,84.5822,0.0
2021000533,힐스테이트 익산,52,전북,2021-07-16,2021,3,17,33780,10.1,101.7,84.9124,0.0
2021000533,힐스테이트 익산,52,전북,2021-07-16,2021,3,33,33970,9.71,101.7,84.9787,0.0
2021000533,힐스테이트 익산,52,전북,2021-07-16,2021,3,45,33710,21.18,101.7,84.7959,0.0
2021000532,남천 세원 수,26,부산,2021-07-15,2021,3,27,39600,4.78,101.7,52.9263,0.0
2021000532,남천 세원 수,26,부산,2021-07-15,2021,3,13,40700,12.77,101.7,53.1743,0.0
2021000532,남천 세원 수,26,부산,2021-07-15,2021,3,1,35700,25.0,101.7,53.1743,0.0
2021000532,남천 세원 수,26,부산,2021-07-15,2021,3,14,40300,5.93,101.7,53.8262,0.0
2021000531,구미 송정 범양레우스 센트럴포레,47,경북,2021-07-13,2021,3,18,28360,7.0,101.7,59.9928,0.0
2021000531,구미 송정 범양레우스 센트럴포레,47,경북,2021-07-13,2021,3,57,28900,1.15,101.7,59.9605,0.0
2021000531,구미 송정 범양레우스 센트럴포레,47,경북,2021-07-13,2021,3,175,40810,1.2,101.7,84.8936,0.0
2021000528,강릉 롯데캐슬 시그니처,51,강원,2021-07-23,2021,3,270,43000,51.61,101.7,84.9242,0.0
2021000528,강릉 롯데캐슬 시그니처,51,강원,2021-07-23,2021,3,124,43000,34.43,101.7,84.9972,0.0
2021000528,강릉 롯데캐슬 시그니처,51,강원,2021-07-23,2021,3,123,41800,34.36,101.7,84.9366,0.0
2021000527,내포신도시 모아미래도 메가시티1차,44,충남,2021-07-16,2021,3,274,31000,501.0,101.7,84.9957,0.0
2021000522,양산 사송 더샵데시앙3차,48,경남,2021-07-16,2021,3,159,41100,30.01,101.7,84.9815,0.0
2021000522,양산 사송 더샵데시앙3차,48,경남,2021-07-16,2021,3,20,40600,38.65,101.7,84.9871,0.0
2021000522,양산 사송 더샵데시앙3차,48,경남,2021-07-16,2021,3,38,41400,19.34,101.7,84.9871,0.0
2021000522,양산 사송 더샵데시앙3차,48,경남,2021-07-16,2021,3,8,40400,16.0,101.7,84.9898,0.0
2021000520,이안 더 메트로,41,경기,2021-07-20,2021,3,33,43770,1.73,101.7,67.7803,0.0
2021000520,이안 더 메트로,41,경기,2021-07-20,2021,3,18,43640,34.8,101.7,68.1987,0.0
2021000520,이안 더 메트로,41,경기,2021-07-20,2021,3,33,43640,2.73,101.7,69.7194,0.0
2021000517,아산 한라비발디 스마트밸리,44,충남,2021-08-06,2021,3,80,23100,174.0,101.7,54.8736,0.0
2021000517,아산 한라비발디 스마트밸리,44,충남,2021-08-06,2021,3,50,28100,1.14,101.7,65.7289,0.0
2021000517,아산 한라비발디 스마트밸리,44,충남,2021-08-06,2021,3,39,27650,90.0,101.7,65.4777,0.0
2021000517,아산 한라비발디 스마트밸리,44,충남,2021-08-06,2021,3,15,28070,73.5,101.7,65.3007,0.0
2021000517,아산 한라비발디 스마트밸리,44,충남,2021-08-06,2021,3,9,28070,8.67,101.7,65.3007,0.0
2021000517,아산 한라비발디 스마트밸리,44,충남,2021-08-06,2021,3,49,32380,1.66,101.7,75.7226,0.0
2021000517,아산 한라비발디 스마트밸리,44,충남,2021-08-06,2021,3,57,35570,17.18,101.7,84.9286,0.0
2021000517,아산 한라비발디 스마트밸리,44,충남,2021-08-06,2021,3,25,35470,7.9,101.7,84.7415,0.0
2021000516,e편한세상 강일 어반브릿지,11,서울,2021-09-10,2021,3,26,80607,520.38,103.2,84.0964,70.0
2021000516,e편한세상 강일 어반브릿지,11,서울,2021-09-10,2021,3,15,79897,339.43,103.2,84.0964,70.0
2021000516,e편한세상 강일 어반브릿지,11,서울,2021-09-10,2021,3,5,80391,513.0,103.2,84.8514,69.0
2021000516,e편한세상 강일 어반브릿지,11,서울,2021-09-10,2021,3,48,80527,689.79,103.2,84.0835,70.0
2021000516,e편한세상 강일 어반브릿지,11,서울,2021-09-10,2021,3,12,79849,204.0,103.2,84.2087,69.0
2021000516,e편한세상 강일 어반브릿지,11,서울,2021-09-10,2021,3,6,80561,193.33,103.2,84.2087,69.0
2021000516,e편한세상 강일 어반브릿지,11,서울,2021-09-10,2021,3,11,79057,262.0,103.2,84.1277,69.0
2021000516,e편한세상 강일 어반브릿지,11,서울,2021-09-10,2021,3,1,77951,539.0,103.2,84.0593,0.0
2021000516,e편한세상 강일 어반브릿지,11,서울,2021-09-10,2021,3,16,77284,362.63,103.2,84.0505,69.0
2021000516,e편한세상 강일 어반브릿지,11,서울,2021-09-10,2021,3,4,79491,481.0,103.2,84.358,69.0
2021000516,e편한세상 강일 어반브릿지,11,서울,2021-09-10,2021,3,14,80289,221.29,103.2,84.2924,69.0
2021000516,e편한세상 강일 어반브릿지,11,서울,2021-09-10,2021,3,14,79138,196.0,103.2,84.2718,69.0
2021000516,e편한세상 강일 어반브릿지,11,서울,2021-09-10,2021,3,6,79737,266.33,103.2,84.4162,69.0
2021000516,e편한세상 강일 어반브릿지,11,서울,2021-09-10,2021,3,9,79763,250.5,103.2,84.2515,69.0
2021000516,e편한세상 강일 어반브릿지,11,서울,2021-09-10,2021,3,7,78959,336.67,103.2,84.0536,69.0
2021000516,e편한세상 강일 어반브릿지,11,서울,2021-09-10,2021,3,4,80127,303.0,103.2,84.241,69.0
2021000516,e편한세상 강일 어반브릿지,11,서울,2021-09-10,2021,3,2,79965,603.0,103.2,84.241,69.0
2021000516,e편한세상 강일 어반브릿지,11,서울,2021-09-10,2021,3,5,77135,414.5,103.2,84.5069,66.0
2021000516,e편한세상 강일 어반브릿지,11,서울,2021-09-10,2021,3,6,78137,231.67,103.2,84.0754,68.0
2021000516,e편한세상 강일 어반브릿지,11,서울,2021-09-10,2021,3,4,78477,354.0,103.2,84.0941,69.0
2021000516,e편한세상 강일 어반브릿지,11,서울,2021-09-10,2021,3,32,95393,1504.38,103.2,101.0619,69.0
2021000516,e편한세상 강일 어반브릿지,11,서울,2021-09-10,2021,3,36,98160,488.22,103.2,101.0532,67.0
2021000516,e편한세상 강일 어반브릿지,11,서울,2021-09-10,2021,3,48,97544,1254.54,103.2,101.0459,69.0
2021000516,e편한세상 강일 어반브릿지,11,서울,2021-09-10,2021,3,36,98190,894.56,103.2,101.0327,69.0
2021000516,e편한세상 강일 어반브릿지,11,서울,2021-09-10,2021,3,16,98274,689.5,103.2,101.0804,68.0
2021000516,e편한세상 강일 어반브릿지,11,서울,2021-09-10,2021,3,6,97326,1003.0,103.2,101.0797,69.0
2021000515,신림스카이아파트,11,서울,2021-07-22,2021,3,1,45000,29.0,103.2,35.71,0.0
2021000515,신림스카이아파트,11,서울,2021-07-22,2021,3,9,45000,9.11,103.2,38.34,0.0
2021000515,신림스카이아파트,11,서울,2021-07-22,2021,3,1,53000,21.0,103.2,45.85,0.0
2021000515,신림스카이아파트,11,서울,2021-07-22,2021,3,1,48000,21.0,103.2,49.57,0.0
2021000515,신림스카이아파트,11,서울,2021-07-22,2021,3,1,57000,12.0,103.2,50.46,0.0
2021000515,신림스카이아파트,11,서울,2021-07-22,2021,3,1,56000,19.0,103.2,53.51,0.0
2021000515,신림스카이아파트,11,서울,2021-07-22,2021,3,9,59900,8.89,103.2,55.34,0.0
2021000515,신림스카이아파트,11,서울,2021-07-22,2021,3,9,59900,15.33,103.2,56.45,0.0
2021000515,신림스카이아파트,11,서울,2021-07-22,2021,3,10,59900,34.6,103.2,56.46,0.0
2021000515,신림스카이아파트,11,서울,2021-07-22,2021,3,1,59900,246.0,103.2,56.56,0.0
2021000507,용인 명지대역 서희스타힐스 포레스트,41,경기,2021-07-09,2021,3,7,32000,20.86,101.7,59.9957,0.0
2021000507,용인 명지대역 서희스타힐스 포레스트,41,경기,2021-07-09,2021,3,1,32100,13.0,101.7,59.9752,0.0
2021000507,용인 명지대역 서희스타힐스 포레스트,41,경기,2021-07-09,2021,3,6,32000,14.67,101.7,59.9957,0.0
2021000507,용인 명지대역 서희스타힐스 포레스트,41,경기,2021-07-09,2021,3,1,37500,42.0,101.7,74.9987,0.0
2021000507,용인 명지대역 서희스타힐스 포레스트,41,경기,2021-07-09,2021,3,1,37900,31.0,101.7,74.9987,0.0
2021000507,용인 명지대역 서희스타힐스 포레스트,41,경기,2021-07-09,2021,3,1,38700,30.0,101.7,76.4926,0.0
2021000507,용인 명지대역 서희스타힐스 포레스트,41,경기,2021-07-09,2021,3,1,38500,39.0,101.7,76.962,0.0
2021000507,용인 명지대역 서희스타힐스 포레스트,41,경기,2021-07-09,2021,3,4,44900,98.0,101.7,84.4547,0.0
2021000507,용인 명지대역 서희스타힐스 포레스트,41,경기,2021-07-09,2021,3,1,45000,90.0,101.7,84.4547,0.0
2021000506,강릉 영진 코아루 휴티스 디오션,51,강원,2021-06-25,2021,2,18,29326,10.0,101.7,84.96,0.0
2021000494,부천 브라운스톤 원종,41,경기,2021-07-02,2021,3,12,36550,2.92,101.7,49.97,0.0
2021000494,부천 브라운스톤 원종,41,경기,2021-07-02,2021,3,5,46090,18.6,101.7,59.97,0.0
2021000494,부천 브라운스톤 원종,41,경기,2021-07-02,2021,3,2,45800,14.5,101.7,59.97,0.0
2021000494,부천 브라운스톤 원종,41,경기,2021-07-02,2021,3,3,61050,36.0,101.7,84.97,0.0
2021000492,한화 포레나 부산덕천 2차,26,부산,2021-06-25,2021,2,12,35430,163.75,101.7,59.9984,0.0
2021000492,한화 포레나 부산덕천 2차,26,부산,2021-06-25,2021,2,18,35520,87.44,101.7,59.9905,0.0
2021000492,한화 포레나 부산덕천 2차,26,부산,2021-06-25,2021,2,2,35230,136.0,101.7,59.9984,0.0
2021000492,한화 포레나 부산덕천 2차,26,부산,2021-06-25,2021,2,1,34880,126.0,101.7,59.9984,0.0
2021000492,한화 포레나 부산덕천 2차,26,부산,2021-06-25,2021,2,46,42300,270.52,101.7,74.7172,0.0
2021000484,충주 모아미래도,43,충북,2021-06-25,2021,2,81,35900,47.0,101.7,84.9682,0.0
2021000484,충주 모아미래도,43,충북,2021-06-25,2021,2,4,53500,2.17,101.7,84.9682,0.0
2021000482,태왕디아너스 오페라,27,대구,2021-06-30,2021,2,134,57780,2.4,101.7,84.8822,0.0
2021000478,평촌 트리지아,41,경기,2021-06-24,2021,2,242,62350,8.79,101.7,59.99,0.0
2021000478,평촌 트리지아,41,경기,2021-06-24,2021,2,140,62120,9.17,101.7,59.98,0.0
2021000478,평촌 트리지아,41,경기,2021-06-24,2021,2,83,78460,38.98,101.7,74.9,0.0
2021000477,모아미래도 에듀파크,29,광주,2021-07-16,2021,3,15,33361,4.35,101.7,66.3616,0.0
2021000477,모아미래도 에듀파크,29,광주,2021-07-16,2021,3,9,41379,26.33,101.7,76.6084,0.0
2021000469,힐스테이트 초곡,47,경북,2021-06-25,2021,2,74,26000,13.0,101.7,59.76,0.0
2021000469,힐스테이트 초곡,47,경북,2021-06-25,2021,2,10,26700,1.06,101.7,59.983,0.0
2021000469,힐스테이트 초곡,47,경북,2021-06-25,2021,2,151,32000,2.27,101.7,74.638,0.0
2021000469,힐스테이트 초곡,47,경북,2021-06-25,2021,2,49,32300,1.77,101.7,74.993,0.0
2021000469,힐스테이트 초곡,47,경북,2021-06-25,2021,2,51,32900,1.12,101.7,76.843,0.0
2021000469,힐스테이트 초곡,47,경북,2021-06-25,2021,2,278,36300,18.75,101.7,84.856,0.0
2021000469,힐스테이트 초곡,47,경북,2021-06-25,2021,2,224,36200,6.46,101.7,84.839,0.0
2021000468,지행역 센트레빌 파크뷰,41,경기,2021-06-25,2021,2,126,36300,8.83,101.7,84.933,0.0
2021000468,지행역 센트레빌 파크뷰,41,경기,2021-06-25,2021,2,8,36200,7.5,101.7,84.9422,0.0
2021000465,교대역 푸르지오 트레힐즈,27,대구,2021-07-08,2021,3,45,39100,4.86,101.7,59.9302,0.0
2021000465,교대역 푸르지오 트레힐즈,27,대구,2021-07-08,2021,3,26,38500,7.0,101.7,59.995,0.0
2021000465,교대역 푸르지오 트레힐즈,27,대구,2021-07-08,2021,3,100,52600,7.33,101.7,84.9946,0.0
2021000465,교대역 푸르지오 트레힐즈,27,대구,2021-07-08,2021,3,156,51300,25.0,101.7,84.9362,0.0
2021000465,교대역 푸르지오 트레힐즈,27,대구,2021-07-08,2021,3,17,69000,6.85,101.7,104.9247,0.0
2021000462,파주 운정3지구 A10BL 제일풍경채 2차 그랑베뉴,41,경기,2021-06-25,2021,2,35,31150,57.0,101.7,59.7661,48.0
2021000462,파주 운정3지구 A10BL 제일풍경채 2차 그랑베뉴,41,경기,2021-06-25,2021,2,19,29780,22.0,101.7,59.7577,36.0
2021000462,파주 운정3지구 A10BL 제일풍경채 2차 그랑베뉴,41,경기,2021-06-25,2021,2,9,30140,32.0,101.7,59.9577,44.0
2021000462,파주 운정3지구 A10BL 제일풍경채 2차 그랑베뉴,41,경기,2021-06-25,2021,2,10,30900,60.5,101.7,59.9652,51.0
2021000462,파주 운정3지구 A10BL 제일풍경채 2차 그랑베뉴,41,경기,2021-06-25,2021,2,67,43740,96.38,101.7,84.2682,50.0
2021000462,파주 운정3지구 A10BL 제일풍경채 2차 그랑베뉴,41,경기,2021-06-25,2021,2,67,43260,46.62,101.7,84.9591,45.0
2021000462,파주 운정3지구 A10BL 제일풍경채 2차 그랑베뉴,41,경기,2021-06-25,2021,2,74,53890,81.8,101.7,104.5207,46.0
2021000462,파주 운정3지구 A10BL 제일풍경채 2차 그랑베뉴,41,경기,2021-06-25,2021,2,74,53700,48.38,101.7,104.9904,44.0
2021000457,창원칸타빌 오션뷰,48,경남,2021-07-02,2021,3,8,29830,2.67,101.7,63.8376,0.0
2021000457,창원칸타빌 오션뷰,48,경남,2021-07-02,2021,3,24,33590,3.96,101.7,74.8907,0.0
2021000457,창원칸타빌 오션뷰,48,경남,2021-07-02,2021,3,33,33590,1.58,101.7,74.8693,0.0
2021000456,한화 포레나 서충주,43,충북,2021-06-22,2021,2,76,28290,4.36,101.7,77.4723,0.0
2021000456,한화 포레나 서충주,43,충북,2021-06-22,2021,2,114,33570,6.77,101.7,84.9986,0.0
2021000456,한화 포레나 서충주,43,충북,2021-06-22,2021,2,17,33880,9.71,101.7,84.977,0.0
2021000456,한화 포레나 서충주,43,충북,2021-06-22,2021,2,30,33360,2.68,101.7,84.9513,0.0
2021000448,창원 롯데캐슬 센텀골드,48,경남,2021-07-02,2021,3,25,29200,32.68,101.7,59.9542,0.0
2021000448,창원 롯데캐슬 센텀골드,48,경남,2021-07-02,2021,3,54,36200,34.72,101.7,74.9451,0.0
2021000448,창원 롯데캐슬 센텀골드,48,경남,2021-07-02,2021,3,165,41300,78.55,101.7,84.9774,0.0
2021000448,창원 롯데캐슬 센텀골드,48,경남,2021-07-02,2021,3,90,39000,33.86,101.7,84.9653,0.0
2021000446,브이티스타일,11,서울,2021-07-14,2021,3,1,37611,47.0,103.2,29.58,0.0
2021000446,브이티스타일,11,서울,2021-07-14,2021,3,7,50990,32.57,103.2,40.43,0.0
2021000446,브이티스타일,11,서울,2021-07-14,2021,3,7,69330,15.57,103.2,54.52,0.0
2021000446,브이티스타일,11,서울,2021-07-14,2021,3,8,68610,17.13,103.2,54.56,0.0
2021000446,브이티스타일,11,서울,2021-07-14,2021,3,8,69820,33.13,103.2,55.08,0.0
2021000446,브이티스타일,11,서울,2021-07-14,2021,3,7,70230,29.0,103.2,55.18,0.0
2021000446,브이티스타일,11,서울,2021-07-14,2021,3,1,85760,78.0,103.2,67.44,0.0
2021000446,브이티스타일,11,서울,2021-07-14,2021,3,7,85440,77.43,103.2,68.39,0.0
2021000446,브이티스타일,11,서울,2021-07-14,2021,3,1,153270,76.0,103.2,126.62,0.0
2021000437,오창 반도유보라 퍼스티지,43,충북,2021-07-08,2021,3,83,23040,8.71,101.7,59.9721,0.0
2021000437,오창 반도유보라 퍼스티지,43,충북,2021-07-08,2021,3,18,29400,18.44,101.7,74.5404,0.0
2021000437,오창 반도유보라 퍼스티지,43,충북,2021-07-08,2021,3,13,33500,94.46,101.7,84.9654,0.0
2021000437,오창 반도유보라 퍼스티지,43,충북,2021-07-08,2021,3,12,33200,52.42,101.7,84.8453,0.0
2021000437,오창 반도유보라 퍼스티지,43,충북,2021-07-08,2021,3,16,33000,112.5,101.7,84.9193,0.0
2021000436,목동모아엘가그랑데,30,대전,2021-06-18,2021,2,4,32440,45.25,101.7,59.9392,0.0
2021000436,목동모아엘가그랑데,30,대전,2021-06-18,2021,2,14,32850,13.64,101.7,62.7786,0.0
2021000436,목동모아엘가그랑데,30,대전,2021-06-18,2021,2,32,33260,14.25,101.7,62.9868,0.0
2021000436,목동모아엘가그랑데,30,대전,2021-06-18,2021,2,64,40370,19.86,101.7,77.6222,0.0
2021000436,목동모아엘가그랑데,30,대전,2021-06-18,2021,2,14,44840,81.43,101.7,84.7783,0.0
2021000436,목동모아엘가그랑데,30,대전,2021-06-18,2021,2,30,45200,46.9,101.7,84.8708,0.0
2021000435,대전역 대라수 어썸브릿지 2차,30,대전,2021-06-17,2021,2,59,40700,13.41,101.7,84.94,0.0
2021000435,대전역 대라수 어썸브릿지 2차,30,대전,2021-06-17,2021,2,12,41200,35.75,101.7,84.75,0.0
2021000434,대전역 대라수 어썸브릿지 1차,30,대전,2021-06-17,2021,2,59,40700,21.69,101.7,84.94,0.0
2021000434,대전역 대라수 어썸브릿지 1차,30,대전,2021-06-17,2021,2,12,41300,38.83,101.7,84.75,0.0
2021000433,양주 회천신도시 센트럴 아리스타,41,경기,2021-07-01,2021,3,26,43954,50.2,101.7,84.9644,19.0
2021000433,양주 회천신도시 센트럴 아리스타,41,경기,2021-07-01,2021,3,6,43900,47.0,101.7,84.9926,23.0
2021000433,양주 회천신도시 센트럴 아리스타,41,경기,2021-07-01,2021,3,7,43900,52.0,101.7,84.9926,23.0
2021000424,울산 온양발리 한양립스 더퍼스트,31,울산,2021-07-02,2021,3,57,35643,19.0,101.7,68.6576,0.0
2021000422,에비뉴 청계 II,11,서울,2021-07-15,2021,3,9,29000,4.56,103.2,16.79,0.0
2021000422,에비뉴 청계 II,11,서울,2021-07-15,2021,3,9,29000,1.78,103.2,16.95,0.0
2021000422,에비뉴 청계 II,11,서울,2021-07-15,2021,3,18,29000,6.5,103.2,17.04,0.0
2021000422,에비뉴 청계 II,11,서울,2021-07-15,2021,3,18,26300,2.39,103.2,17.36,0.0
2021000422,에비뉴 청계 II,11,서울,2021-07-15,2021,3,18,29000,4.89,103.2,17.04,0.0
2021000422,에비뉴 청계 II,11,서울,2021-07-15,2021,3,9,40900,86.44,103.2,27.37,0.0
2021000420,파주 운정신도시 A9블록 중흥S-클래스 에듀파크,41,경기,2021-06-25,2021,2,78,32600,35.06,101.7,59.9701,34.0
2021000420,파주 운정신도시 A9블록 중흥S-클래스 에듀파크,41,경기,2021-06-25,2021,2,101,43000,66.8,101.7,84.9873,42.0
2021000420,파주 운정신도시 A9블록 중흥S-클래스 에듀파크,41,경기,2021-06-25,2021,2,17,42500,103.67,101.7,84.939,37.0
2021000419,파주 운정신도시 A11블록 중흥S-클래스 에듀하이,41,경기,2021-06-25,2021,2,89,32600,47.78,101.7,59.9701,47.0
2021000419,파주 운정신도시 A11블록 중흥S-클래스 에듀하이,41,경기,2021-06-25,2021,2,129,43000,76.88,101.7,84.9873,49.0
2021000419,파주 운정신도시 A11블록 중흥S-클래스 에듀하이,41,경기,2021-06-25,2021,2,37,41000,53.43,101.7,84.939,44.0
2021000419,파주 운정신도시 A11블록 중흥S-클래스 에듀하이,41,경기,2021-06-25,2021,2,147,51000,83.66,101.7,113.9742,45.0
2021000418,래미안 원베일리,11,서울,2021-06-07,2021,2,2,92370,1873.5,103.2,46.93,0.0
2021000418,래미안 원베일리,11,서울,2021-06-07,2021,2,112,142500,124.9,103.2,59.96,0.0
2021000418,래미안 원베일리,11,서울,2021-06-07,2021,2,85,139500,79.62,103.2,59.96,0.0
2021000418,래미안 원베일리,11,서울,2021-06-07,2021,2,8,176000,537.63,103.2,74.97,0.0
2021000418,래미안 원베일리,11,서울,2021-06-07,2021,2,6,176000,471.33,103.2,74.97,0.0
2021000418,래미안 원베일리,11,서울,2021-06-07,2021,2,11,172000,407.55,103.2,74.92,0.0
2021000416,용계역 푸르지오 아츠베르 1단지,27,대구,2021-06-17,2021,2,40,40091,1.04,101.7,74.99,0.0
2021000414,북구청역 푸르지오 에듀포레,27,대구,2021-06-04,2021,2,8,48800,3.0,101.7,78.5211,0.0
2021000414,북구청역 푸르지오 에듀포레,27,대구,2021-06-04,2021,2,35,52600,11.0,101.7,84.9541,0.0
2021000413,초읍 하늘채 포레스원,26,부산,2021-06-30,2021,2,134,39130,39.83,101.7,59.9424,0.0
2021000413,초읍 하늘채 포레스원,26,부산,2021-06-30,2021,2,73,39400,26.77,101.7,59.994,0.0
2021000413,초읍 하늘채 포레스원,26,부산,2021-06-30,2021,2,43,53990,280.58,101.7,84.9624,0.0
2021000411,당진 센트레빌 르네블루 2차,44,충남,2021-07-08,2021,3,42,23740,2.89,101.7,59.9722,0.0
2021000411,당진 센트레빌 르네블루 2차,44,충남,2021-07-08,2021,3,97,29750,3.4,101.7,74.9585,0.0
2021000411,당진 센트레빌 르네블루 2차,44,충남,2021-07-08,2021,3,23,29010,2.15,101.7,74.9267,0.0
2021000411,당진 센트레빌 르네블루 2차,44,충남,2021-07-08,2021,3,427,33920,9.5,101.7,84.9699,0.0
2021000411,당진 센트레빌 르네블루 2차,44,충남,2021-07-08,2021,3,151,33410,3.38,101.7,84.9169,0.0
2021000407,춘천 파밀리에 리버파크,51,강원,2021-06-11,2021,2,7,30600,5.83,101.7,59.9001,0.0
2021000407,춘천 파밀리에 리버파크,51,강원,2021-06-11,2021,2,11,31200,11.46,101.7,59.9856,0.0
2021000407,춘천 파밀리에 리버파크,51,강원,2021-06-11,2021,2,11,30600,4.2,101.7,59.9648,0.0
2021000407,춘천 파밀리에 리버파크,51,강원,2021-06-11,2021,2,10,44320,38.2,101.7,84.9904,0.0
2021000407,춘천 파밀리에 리버파크,51,강원,2021-06-11,2021,2,32,43470,51.97,101.7,84.8817,0.0
2021000407,춘천 파밀리에 리버파크,51,강원,2021-06-11,2021,2,7,43470,33.43,101.7,84.7804,0.0
2021000404,힐스테이트 대구역 퍼스트,27,대구,2021-07-09,2021,3,36,59800,1.2,101.7,84.6679,0.0
2021000401,봉담자이 프라이드시티,41,경기,2021-06-07,2021,2,48,34540,1.69,101.7,59.6481,0.0
2021000401,봉담자이 프라이드시티,41,경기,2021-06-07,2021,2,17,33500,1.04,101.7,59.9982,0.0
2021000401,봉담자이 프라이드시티,41,경기,2021-06-07,2021,2,93,34540,3.37,101.7,59.6481,0.0
2021000401,봉담자이 프라이드시티,41,경기,2021-06-07,2021,2,18,34530,2.89,101.7,59.6538,0.0
2021000401,봉담자이 프라이드시티,41,경기,2021-06-07,2021,2,46,33500,1.78,101.7,59.9982,0.0
2021000401,봉담자이 프라이드시티,41,경기,2021-06-07,2021,2,12,33170,1.42,101.7,59.9227,0.0
2021000401,봉담자이 프라이드시티,41,경기,2021-06-07,2021,2,84,39460,1.21,101.7,72.018,0.0
2021000401,봉담자이 프라이드시티,41,경기,2021-06-07,2021,2,17,39460,40.33,101.7,72.0163,0.0
2021000401,봉담자이 프라이드시티,41,경기,2021-06-07,2021,2,32,39870,2.66,101.7,72.0452,0.0
2021000401,봉담자이 프라이드시티,41,경기,2021-06-07,2021,2,68,40670,3.07,101.7,72.0452,0.0
2021000401,봉담자이 프라이드시티,41,경기,2021-06-07,2021,2,86,39460,2.45,101.7,72.6719,0.0
2021000401,봉담자이 프라이드시티,41,경기,2021-06-07,2021,2,49,39870,71.56,101.7,72.6572,0.0
2021000401,봉담자이 프라이드시티,41,경기,2021-06-07,2021,2,163,46220,11.72,101.7,84.7822,0.0
2021000401,봉담자이 프라이드시티,41,경기,2021-06-07,2021,2,102,46220,6.53,101.7,84.3879,0.0
2021000401,봉담자이 프라이드시티,41,경기,2021-06-07,2021,2,17,46210,9.0,101.7,84.7822,0.0
2021000401,봉담자이 프라이드시티,41,경기,2021-06-07,2021,2,2,77580,91.5,101.7,105.3773,0.0
2021000394,더샵 오산엘리포레,41,경기,2021-06-11,2021,2,144,33430,1.88,101.7,59.98,0.0
2021000394,더샵 오산엘리포레,41,경기,2021-06-11,2021,2,82,39810,3.35,101.7,75.54,0.0
2021000394,더샵 오산엘리포레,41,경기,2021-06-11,2021,2,82,39380,1.99,101.7,75.77,0.0
2021000394,더샵 오산엘리포레,41,경기,2021-06-11,2021,2,161,44700,5.65,101.7,84.9,0.0
2021000392,대전 해모로 더 센트라,30,대전,2021-05-28,2021,2,6,20180,5.8,101.7,39.9179,0.0
2021000392,대전 해모로 더 센트라,30,대전,2021-05-28,2021,2,7,23570,14.73,101.7,45.9607,0.0
2021000392,대전 해모로 더 센트라,30,대전,2021-05-28,2021,2,46,34830,13.33,101.7,59.9785,0.0
2021000392,대전 해모로 더 센트라,30,대전,2021-05-28,2021,2,76,34180,11.78,101.7,59.9647,0.0
2021000392,대전 해모로 더 센트라,30,대전,2021-05-28,2021,2,112,41930,16.64,101.7,73.9544,0.0
2021000392,대전 해모로 더 센트라,30,대전,2021-05-28,2021,2,60,48720,72.67,101.7,84.9567,0.0
2021000386,석림 엘크루 에듀포레,44,충남,2021-05-31,2021,2,5,23410,3.1,101.7,59.2738,0.0
2021000386,석림 엘크루 에듀포레,44,충남,2021-05-31,2021,2,12,26334,6.0,101.7,67.5854,0.0
2021000386,석림 엘크루 에듀포레,44,충남,2021-05-31,2021,2,25,28360,14.16,101.7,71.3473,0.0
2021000386,석림 엘크루 에듀포레,44,충남,2021-05-31,2021,2,6,31070,121.17,101.7,80.0948,0.0
2021000386,석림 엘크루 에듀포레,44,충남,2021-05-31,2021,2,10,32150,50.7,101.7,80.5127,0.0
2021000384,해링턴 플레이스 스마트밸리,44,충남,2021-06-09,2021,2,12,26500,1.36,101.7,59.886,0.0
2021000384,해링턴 플레이스 스마트밸리,44,충남,2021-06-09,2021,2,21,24970,31.0,101.7,59.5744,0.0
2021000384,해링턴 플레이스 스마트밸리,44,충남,2021-06-09,2021,2,53,31190,1.62,101.7,71.3487,0.0
2021000384,해링턴 플레이스 스마트밸리,44,충남,2021-06-09,2021,2,32,30880,30.0,101.7,71.5519,0.0
2021000384,해링턴 플레이스 스마트밸리,44,충남,2021-06-09,2021,2,79,37150,9.8,101.7,84.8309,0.0
2021000384,해링턴 플레이스 스마트밸리,44,충남,2021-06-09,2021,2,31,36620,2.35,101.7,84.4796,0.0
2021000381,오송역 파라곤 센트럴시티,43,충북,2021-05-28,2021,2,79,23860,2.42,101.7,59.9822,0.0
2021000381,오송역 파라곤 센트럴시티,43,충북,2021-05-28,2021,2,108,23860,2.79,101.7,59.98,0.0
2021000381,오송역 파라곤 센트럴시티,43,충북,2021-05-28,2021,2,153,23860,4.14,101.7,59.8447,0.0
2021000381,오송역 파라곤 센트럴시티,43,충북,2021-05-28,2021,2,79,23860,19.37,101.7,59.7397,0.0
2021000379,서충주신도시 월드메르디앙 엔라체,43,충북,2021-06-24,2021,2,86,27460,41.0,101.7,84.96,0.0
2021000379,서충주신도시 월드메르디앙 엔라체,43,충북,2021-06-24,2021,2,31,27740,31.0,101.7,84.96,0.0
2021000370,경산아이파크,47,경북,2021-06-04,2021,2,355,43600,4.72,101.7,84.9541,0.0
2021000370,경산아이파크,47,경북,2021-06-04,2021,2,78,43200,2.16,101.7,84.8519,0.0
2021000368,시티오씨엘 1단지,28,인천,2021-06-03,2021,2,80,40180,21.05,101.7,59.965,0.0
2021000368,시티오씨엘 1단지,28,인천,2021-06-03,2021,2,135,52470,9.75,101.7,77.9196,0.0
2021000368,시티오씨엘 1단지,28,인천,2021-06-03,2021,2,205,56950,22.76,101.7,84.9849,0.0
2021000368,시티오씨엘 1단지,28,인천,2021-06-03,2021,2,87,56270,10.87,101.7,84.9789,0.0
2021000368,시티오씨엘 1단지,28,인천,2021-06-03,2021,2,117,67680,14.69,101.7,102.9863,0.0
2021000368,시티오씨엘 1단지,28,인천,2021-06-03,2021,2,2,77300,113.5,101.7,117.039,0.0
2021000368,시티오씨엘 1단지,28,인천,2021-06-03,2021,2,2,83740,56.0,101.7,126.793,0.0
2021000362,번영로 센텀파크 에일린의 뜰,31,울산,2021-06-30,2021,2,24,43600,9.0,101.7,59.8432,0.0
2021000362,번영로 센텀파크 에일린의 뜰,31,울산,2021-06-30,2021,2,22,52900,19.14,101.7,70.3274,0.0
2021000362,번영로 센텀파크 에일린의 뜰,31,울산,2021-06-30,2021,2,7,48900,12.86,101.7,70.1712,0.0
2021000362,번영로 센텀파크 에일린의 뜰,31,울산,2021-06-30,2021,2,26,61800,25.69,101.7,84.0887,0.0
2021000362,번영로 센텀파크 에일린의 뜰,31,울산,2021-06-30,2021,2,7,61800,46.71,101.7,84.336,0.0
2021000361,유블레스47 모현,52,전북,2021-11-26,2021,4,173,39630,149.0,101.7,84.4386,0.0
2021000357,송도 아리스타 프라임,28,인천,2021-05-24,2021,2,37,41940,25.22,101.7,41.1,39.0
2021000357,송도 아리스타 프라임,28,인천,2021-05-24,2021,2,2,76370,143.0,101.7,77.07,41.0
2021000357,송도 아리스타 프라임,28,인천,2021-05-24,2021,2,2,79440,124.0,101.7,80.3,57.0
2021000357,송도 아리스타 프라임,28,인천,2021-05-24,2021,2,2,81180,371.0,101.7,82.53,53.0
2021000356,더샵 거제디클리브,48,경남,2021-05-27,2021,2,108,34750,51.0,101.7,74.9775,0.0
2021000356,더샵 거제디클리브,48,경남,2021-05-27,2021,2,25,34030,12.0,101.7,74.9759,0.0
2021000356,더샵 거제디클리브,48,경남,2021-05-27,2021,2,147,39660,11.99,101.7,84.9981,0.0
2021000356,더샵 거제디클리브,48,경남,2021-05-27,2021,2,176,38550,2.44,101.7,84.9988,0.0
2021000356,더샵 거제디클리브,48,경남,2021-05-27,2021,2,76,39520,5.31,101.7,84.9933,0.0
2021000356,더샵 거제디클리브,48,경남,2021-05-27,2021,2,86,38550,23.67,101.7,84.9954,0.0
2021000352,e편한세상 석림 더노블,44,충남,2021-05-27,2021,2,62,33200,34.9,101.7,84.2717,0.0
2021000352,e편한세상 석림 더노블,44,충남,2021-05-27,2021,2,79,33100,27.05,101.7,84.6387,0.0
2021000352,e편한세상 석림 더노블,44,충남,2021-05-27,2021,2,48,32600,5.68,101.7,84.9209,0.0
2021000352,e편한세상 석림 더노블,44,충남,2021-05-27,2021,2,19,31900,5.21,101.7,84.8549,0.0
2021000351,더샵 지제역 센트럴파크 1BL,41,경기,2021-05-14,2021,2,24,40161,12.54,101.7,59.6236,0.0
2021000351,더샵 지제역 센트럴파크 1BL,41,경기,2021-05-14,2021,2,7,40397,7.14,101.7,59.7656,0.0
2021000351,더샵 지제역 센트럴파크 1BL,41,경기,2021-05-14,2021,2,11,49353,16.91,101.7,74.9929,0.0
2021000351,더샵 지제역 센트럴파크 1BL,41,경기,2021-05-14,2021,2,4,46809,16.25,101.7,74.9744,0.0
2021000351,더샵 지제역 센트럴파크 1BL,41,경기,2021-05-14,2021,2,5,49879,10.4,101.7,74.7312,0.0
2021000351,더샵 지제역 센트럴파크 1BL,41,경기,2021-05-14,2021,2,6,54150,20.67,101.7,83.7111,0.0
2021000351,더샵 지제역 센트럴파크 1BL,41,경기,2021-05-14,2021,2,10,54449,74.2,101.7,84.7982,0.0
2021000349,익산 푸르지오 더 퍼스트,52,전북,2021-06-04,2021,2,32,29960,98.0,101.7,84.9654,0.0
2021000349,익산 푸르지오 더 퍼스트,52,전북,2021-06-04,2021,2,56,29510,72.0,101.7,84.9852,0.0
2021000343,아산 테크노밸리 6차 이지더원,44,충남,2021-08-10,2021,3,56,25450,27.5,101.7,68.9262,0.0
2021000343,아산 테크노밸리 6차 이지더원,44,충남,2021-08-10,2021,3,213,31700,1.03,101.7,84.9673,0.0
2021000343,아산 테크노밸리 6차 이지더원,44,충남,2021-08-10,2021,3,144,31700,122.0,101.7,84.9022,0.0
2021000342,완주복합행정타운 모아미래도 센트럴시티 3차,52,전북,2021-05-13,2021,2,93,27400,70.0,101.7,84.9911,0.0
2021000341,한화 포레나 천안신부,44,충남,2021-07-22,2021,3,64,32890,11.56,101.7,76.1747,0.0
2021000341,한화 포레나 천안신부,44,충남,2021-07-22,2021,3,100,36040,33.35,101.7,84.9899,0.0
2021000341,한화 포레나 천안신부,44,충남,2021-07-22,2021,3,17,36420,29.53,101.7,84.9869,0.0
2021000341,한화 포레나 천안신부,44,충남,2021-07-22,2021,3,87,42400,7.58,101.7,104.4971,0.0
2021000341,한화 포레나 천안신부,44,충남,2021-07-22,2021,3,113,45590,17.49,101.7,113.2933,0.0
2021000341,한화 포레나 천안신부,44,충남,2021-07-22,2021,3,26,45610,9.15,101.7,113.6656,0.0
2021000341,한화 포레나 천안신부,44,충남,2021-07-22,2021,3,2,65810,42.5,101.7,159.7977,0.0
2021000341,한화 포레나 천안신부,44,충남,2021-07-22,2021,3,1,65810,16.0,101.7,159.7977,0.0
2021000339,오포자이 디 오브 C-4BL,41,경기,2021-05-20,2021,2,14,37020,15.79,101.7,62.9797,0.0
2021000339,오포자이 디 오브 C-4BL,41,경기,2021-05-20,2021,2,8,36370,11.75,101.7,62.9691,0.0
2021000339,오포자이 디 오브 C-4BL,41,경기,2021-05-20,2021,2,6,36840,8.17,101.7,69.0,0.0
2021000339,오포자이 디 오브 C-4BL,41,경기,2021-05-20,2021,2,22,43770,10.5,101.7,74.9676,0.0
2021000339,오포자이 디 오브 C-4BL,41,경기,2021-05-20,2021,2,18,43340,9.44,101.7,74.9676,0.0
2021000339,오포자이 디 오브 C-4BL,41,경기,2021-05-20,2021,2,11,42560,8.27,101.7,74.9499,0.0
2021000339,오포자이 디 오브 C-4BL,41,경기,2021-05-20,2021,2,5,43500,8.2,101.7,74.9678,0.0
2021000339,오포자이 디 오브 C-4BL,41,경기,2021-05-20,2021,2,4,42960,8.5,101.7,74.7276,0.0
2021000339,오포자이 디 오브 C-4BL,41,경기,2021-05-20,2021,2,7,43560,9.0,101.7,82.0,0.0
2021000339,오포자이 디 오브 C-4BL,41,경기,2021-05-20,2021,2,44,48940,25.0,101.7,84.9959,0.0
2021000339,오포자이 디 오브 C-4BL,41,경기,2021-05-20,2021,2,16,47780,11.63,101.7,84.9959,0.0
2021000339,오포자이 디 오브 C-4BL,41,경기,2021-05-20,2021,2,17,47290,10.35,101.7,84.9525,0.0
2021000339,오포자이 디 오브 C-4BL,41,경기,2021-05-20,2021,2,22,48820,11.14,101.7,84.9658,0.0
2021000339,오포자이 디 오브 C-4BL,41,경기,2021-05-20,2021,2,23,48140,6.61,101.7,84.8537,0.0
2021000339,오포자이 디 오브 C-4BL,41,경기,2021-05-20,2021,2,17,48010,45.0,101.7,92.0,0.0
2021000339,오포자이 디 오브 C-4BL,41,경기,2021-05-20,2021,2,6,85120,22.5,101.7,104.0,0.0
2021000338,오포자이 디 오브 C-3BL,41,경기,2021-05-20,2021,2,18,37280,15.33,101.7,62.9797,0.0
2021000338,오포자이 디 오브 C-3BL,41,경기,2021-05-20,2021,2,8,36570,10.5,101.7,69.8197,0.0
2021000338,오포자이 디 오브 C-3BL,41,경기,2021-05-20,2021,2,41,44080,10.51,101.7,74.9676,0.0
2021000338,오포자이 디 오브 C-3BL,41,경기,2021-05-20,2021,2,37,42240,7.57,101.7,74.9499,0.0
2021000338,오포자이 디 오브 C-3BL,41,경기,2021-05-20,2021,2,8,41440,8.75,101.7,82.1499,0.0
2021000338,오포자이 디 오브 C-3BL,41,경기,2021-05-20,2021,2,43,48580,23.16,101.7,84.9959,0.0
2021000338,오포자이 디 오브 C-3BL,41,경기,2021-05-20,2021,2,28,47430,11.32,101.7,84.9959,0.0
2021000338,오포자이 디 오브 C-3BL,41,경기,2021-05-20,2021,2,21,46940,9.67,101.7,84.9525,0.0
2021000338,오포자이 디 오브 C-3BL,41,경기,2021-05-20,2021,2,13,48460,10.62,101.7,84.9658,0.0
2021000338,오포자이 디 오브 C-3BL,41,경기,2021-05-20,2021,2,12,47790,8.0,101.7,84.8537,0.0
2021000338,오포자이 디 오브 C-3BL,41,경기,2021-05-20,2021,2,12,47660,48.5,101.7,92.0,0.0
2021000338,오포자이 디 오브 C-3BL,41,경기,2021-05-20,2021,2,5,84430,26.4,101.7,104.0,0.0
2021000336,에비뉴 청계 I,11,서울,2021-05-14,2021,2,9,26100,2.33,103.2,16.01,0.0
2021000336,에비뉴 청계 I,11,서울,2021-05-14,2021,2,30,26100,2.67,103.2,16.23,0.0
2021000336,에비뉴 청계 I,11,서울,2021-05-14,2021,2,20,28600,2.7,103.2,18.41,0.0
2021000336,에비뉴 청계 I,11,서울,2021-05-14,2021,2,10,31700,8.4,103.2,20.02,0.0
2021000336,에비뉴 청계 I,11,서울,2021-05-14,2021,2,20,31700,13.55,103.2,20.21,0.0
2021000336,에비뉴 청계 I,11,서울,2021-05-14,2021,2,10,43800,96.7,103.2,24.52,0.0
2021000334,힐스테이트 용인 고진역 D2BL,41,경기,2021-07-01,2021,3,138,29960,4.55,101.7,59.9786,0.0
2021000334,힐스테이트 용인 고진역 D2BL,41,경기,2021-07-01,2021,3,147,29060,2.58,101.7,59.9837,0.0
2021000334,힐스테이트 용인 고진역 D2BL,41,경기,2021-07-01,2021,3,85,35060,8.73,101.7,70.9138,0.0
2021000334,힐스테이트 용인 고진역 D2BL,41,경기,2021-07-01,2021,3,310,41880,10.47,101.7,84.9868,0.0
2021000333,힐스테이트 용인 고진역 D1BL,41,경기,2021-07-01,2021,3,56,29780,9.57,101.7,59.9786,0.0
2021000333,힐스테이트 용인 고진역 D1BL,41,경기,2021-07-01,2021,3,145,28830,2.66,101.7,59.9837,0.0
2021000333,힐스테이트 용인 고진역 D1BL,41,경기,2021-07-01,2021,3,141,34780,7.11,101.7,70.9138,0.0
2021000333,힐스테이트 용인 고진역 D1BL,41,경기,2021-07-01,2021,3,332,41540,10.3,101.7,84.9868,0.0
2021000332,대전 하늘채 스카이앤 2차,30,대전,2021-12-17,2021,4,144,51700,12.98,101.7,84.777,0.0
2021000332,대전 하늘채 스카이앤 2차,30,대전,2021-12-17,2021,4,102,48800,11.97,101.7,84.9438,0.0
2021000332,대전 하늘채 스카이앤 2차,30,대전,2021-12-17,2021,4,105,52600,14.06,101.7,84.8926,0.0
2021000331,경산 하양 제일풍경채,47,경북,2021-05-07,2021,2,137,34350,119.0,101.7,84.8769,0.0
2021000330,두산위브더제니스 양산,48,경남,2021-05-07,2021,2,168,25800,131.0,101.7,59.4913,0.0
2021000330,두산위브더제니스 양산,48,경남,2021-05-07,2021,2,264,36020,2.36,101.7,84.8567,0.0
2021000330,두산위브더제니스 양산,48,경남,2021-05-07,2021,2,44,36410,1.33,101.7,84.9955,0.0
2021000330,두산위브더제니스 양산,48,경남,2021-05-07,2021,2,45,36060,11.1,101.7,84.8567,0.0
2021000329,대덕브라운스톤,30,대전,2021-04-29,2021,2,25,30410,11.04,101.7,63.8491,0.0
2021000329,대덕브라운스톤,30,대전,2021-04-29,2021,2,42,29480,11.76,101.7,63.4496,0.0
2021000329,대덕브라운스톤,30,대전,2021-04-29,2021,2,30,34820,26.57,101.7,75.9248,0.0
2021000329,대덕브라운스톤,30,대전,2021-04-29,2021,2,44,34000,23.95,101.7,75.743,0.0
2021000329,대덕브라운스톤,30,대전,2021-04-29,2021,2,11,34770,15.73,101.7,75.8596,0.0
2021000329,대덕브라운스톤,30,대전,2021-04-29,2021,2,15,37920,118.33,101.7,84.6729,0.0
2021000329,대덕브라운스톤,30,대전,2021-04-29,2021,2,1,36280,304.0,101.7,84.4656,0.0
2021000328,화성향남 상신지구 A1-1블록 향남역 한양수자인 디에스티지,41,경기,2021-05-18,2021,2,34,33900,11.0,101.7,61.8084,0.0
2021000328,화성향남 상신지구 A1-1블록 향남역 한양수자인 디에스티지,41,경기,2021-05-18,2021,2,45,33200,9.0,101.7,61.1536,0.0
2021000328,화성향남 상신지구 A1-1블록 향남역 한양수자인 디에스티지,41,경기,2021-05-18,2021,2,2,32300,3.0,101.7,61.1236,0.0
2021000328,화성향남 상신지구 A1-1블록 향남역 한양수자인 디에스티지,41,경기,2021-05-18,2021,2,83,36700,1.25,101.7,66.7746,0.0
2021000328,화성향남 상신지구 A1-1블록 향남역 한양수자인 디에스티지,41,경기,2021-05-18,2021,2,55,36500,62.0,101.7,67.5283,0.0
2021000328,화성향남 상신지구 A1-1블록 향남역 한양수자인 디에스티지,41,경기,2021-05-18,2021,2,71,39200,16.0,101.7,76.8208,0.0
2021000328,화성향남 상신지구 A1-1블록 향남역 한양수자인 디에스티지,41,경기,2021-05-18,2021,2,99,43500,5.02,101.7,84.9892,0.0
2021000328,화성향남 상신지구 A1-1블록 향남역 한양수자인 디에스티지,41,경기,2021-05-18,2021,2,23,43800,4.17,101.7,84.9944,0.0
2021000328,화성향남 상신지구 A1-1블록 향남역 한양수자인 디에스티지,41,경기,2021-05-18,2021,2,33,52300,5.91,101.7,101.9972,0.0
2021000327,무등산 한국아델리움 더힐 1단지,29,광주,2021-05-06,2021,2,7,34860,11.29,101.7,59.9895,0.0
2021000327,무등산 한국아델리움 더힐 1단지,29,광주,2021-05-06,2021,2,23,49500,20.96,101.7,84.9693,0.0
2021000327,무등산 한국아델리움 더힐 1단지,29,광주,2021-05-06,2021,2,22,48660,7.14,101.7,84.9457,0.0
2021000327,무등산 한국아델리움 더힐 1단지,29,광주,2021-05-06,2021,2,1,57800,63.0,101.7,84.9644,0.0
2021000326,마전 양우 내안애 퍼스트힐,28,인천,2021-06-16,2021,2,4,30244,19.25,101.7,59.9575,0.0
2021000326,마전 양우 내안애 퍼스트힐,28,인천,2021-06-16,2021,2,3,29270,5.25,101.7,59.6939,0.0
2021000326,마전 양우 내안애 퍼스트힐,28,인천,2021-06-16,2021,2,2,36347,6.0,101.7,71.9519,0.0
2021000326,마전 양우 내안애 퍼스트힐,28,인천,2021-06-16,2021,2,31,43330,5.35,101.7,84.9398,0.0
2021000326,마전 양우 내안애 퍼스트힐,28,인천,2021-06-16,2021,2,8,42743,5.0,101.7,84.8116,0.0
2021000324,동해 프라우드 스위첸,51,강원,2021-05-07,2021,2,11,34310,1.27,101.7,84.8978,0.0
2021000322,휴앤인더라움,48,경남,2021-05-20,2021,2,32,30400,1.2,101.7,84.7343,0.0
2021000320,평택역 경남아너스빌 디아트,41,경기,2021-04-30,2021,2,21,46935,2.13,101.7,84.9225,0.0
2021000320,평택역 경남아너스빌 디아트,41,경기,2021-04-30,2021,2,40,48276,1.02,101.7,84.7974,0.0
2021000319,율동지구 한신더휴 C2블록,31,울산,2021-04-30,2021,2,49,39500,20.9,101.7,84.8852,0.0
2021000319,율동지구 한신더휴 C2블록,31,울산,2021-04-30,2021,2,36,39900,58.42,101.7,84.8848,0.0
2021000319,율동지구 한신더휴 C2블록,31,울산,2021-04-30,2021,2,7,36300,5.93,101.7,84.8985,0.0
2021000319,율동지구 한신더휴 C2블록,31,울산,2021-04-30,2021,2,19,36300,4.64,101.7,84.854,0.0
2021000319,율동지구 한신더휴 C2블록,31,울산,2021-04-30,2021,2,19,37900,6.26,101.7,84.9141,0.0
2021000319,율동지구 한신더휴 C2블록,31,울산,2021-04-30,2021,2,7,37900,5.56,101.7,84.9141,0.0
2021000318,율동지구 한신더휴 B2블록,31,울산,2021-04-30,2021,2,55,39400,17.09,101.7,84.8852,0.0
2021000318,율동지구 한신더휴 B2블록,31,울산,2021-04-30,2021,2,6,39400,26.14,101.7,84.9931,0.0
2021000318,율동지구 한신더휴 B2블록,31,울산,2021-04-30,2021,2,15,39900,16.61,101.7,84.8848,0.0
2021000318,율동지구 한신더휴 B2블록,31,울산,2021-04-30,2021,2,7,36100,4.43,101.7,84.854,0.0
2021000318,율동지구 한신더휴 B2블록,31,울산,2021-04-30,2021,2,37,37700,9.51,101.7,84.9141,0.0
2021000318,율동지구 한신더휴 B2블록,31,울산,2021-04-30,2021,2,7,36300,2.27,101.7,84.7737,0.0
2021000318,율동지구 한신더휴 B2블록,31,울산,2021-04-30,2021,2,7,36300,3.88,101.7,84.99,0.0
2021000318,율동지구 한신더휴 B2블록,31,울산,2021-04-30,2021,2,15,36200,4.45,101.7,84.5376,0.0
2021000317,율동지구 한신더휴 B1블록,31,울산,2021-04-30,2021,2,21,38500,16.15,101.7,84.8852,0.0
2021000317,율동지구 한신더휴 B1블록,31,울산,2021-04-30,2021,2,13,38600,14.31,101.7,84.9931,0.0
2021000317,율동지구 한신더휴 B1블록,31,울산,2021-04-30,2021,2,33,39700,9.26,101.7,84.8848,0.0
2021000317,율동지구 한신더휴 B1블록,31,울산,2021-04-30,2021,2,22,35700,6.53,101.7,84.5376,0.0
2021000316,의정부역 월드메르디앙 웰라시티,41,경기,2021-06-11,2021,2,38,45000,44.14,101.7,71.612,0.0
2021000316,의정부역 월드메르디앙 웰라시티,41,경기,2021-06-11,2021,2,38,45600,2.11,101.7,77.303,0.0
2021000315,더샵 양평리버포레,41,경기,2021-04-29,2021,2,87,41460,7.23,101.7,76.6094,0.0
2021000315,더샵 양평리버포레,41,경기,2021-04-29,2021,2,96,45930,13.5,101.7,84.9694,0.0
2021000315,더샵 양평리버포레,41,경기,2021-04-29,2021,2,50,45490,6.48,101.7,84.5345,0.0
2021000314,미평동 해광샹그릴라 힐즈파크,46,전남,2021-04-30,2021,2,4,33100,3.5,101.7,84.9536,0.0
2021000313,이천 진암지구 우방 아이유쉘 메가하이브,41,경기,2021-05-14,2021,2,21,34890,2.1,101.7,84.9838,0.0
2021000312,더샵 거창포르시엘,48,경남,2021-04-29,2021,2,23,25920,6.52,101.7,66.95,0.0
2021000312,더샵 거창포르시엘,48,경남,2021-04-29,2021,2,89,31470,16.43,101.7,84.92,0.0
2021000312,더샵 거창포르시엘,48,경남,2021-04-29,2021,2,76,30600,6.66,101.7,84.8,0.0
2021000312,더샵 거창포르시엘,48,경남,2021-04-29,2021,2,36,30960,2.07,101.7,84.9,0.0
2021000302,동탄2신도시 동탄역 디에트르 퍼스티지,41,경기,2021-04-29,2021,2,80,48867,1302.63,101.7,84.9882,69.0
2021000302,동탄2신도시 동탄역 디에트르 퍼스티지,41,경기,2021-04-29,2021,2,81,44034,891.44,101.7,84.9963,69.0
2021000302,동탄2신도시 동탄역 디에트르 퍼스티지,41,경기,2021-04-29,2021,2,71,58390,5435.86,101.7,102.9838,69.0
2021000302,동탄2신도시 동탄역 디에트르 퍼스티지,41,경기,2021-04-29,2021,2,70,51405,3734.5,101.7,102.9986,69.0
2021000301,아산 ZOOM파크,44,충남,2021-04-30,2021,2,34,29220,6.0,101.7,79.46,0.0
2021000301,아산 ZOOM파크,44,충남,2021-04-30,2021,2,155,30830,1.65,101.7,84.76,0.0
2021000297,포레나 안산 고잔,41,경기,2021-04-29,2021,2,9,31660,10.33,101.7,45.9721,0.0
2021000297,포레나 안산 고잔,41,경기,2021-04-29,2021,2,34,40850,14.91,101.7,59.9803,0.0
2021000297,포레나 안산 고잔,41,경기,2021-04-29,2021,2,37,40790,16.73,101.7,59.9893,0.0
2021000297,포레나 안산 고잔,41,경기,2021-04-29,2021,2,2,48930,183.5,101.7,72.995,0.0
2021000295,만촌역 태왕 THE아너스,27,대구,2021-04-23,2021,2,12,85600,58.83,101.7,84.9818,0.0
2021000295,만촌역 태왕 THE아너스,27,대구,2021-04-23,2021,2,91,85000,28.58,101.7,84.9541,0.0
2021000295,만촌역 태왕 THE아너스,27,대구,2021-04-23,2021,2,13,86300,68.54,101.7,84.9953,0.0
2021000295,만촌역 태왕 THE아너스,27,대구,2021-04-23,2021,2,108,116400,19.53,101.7,118.3543,0.0
2021000295,만촌역 태왕 THE아너스,27,대구,2021-04-23,2021,2,54,143850,6.28,101.7,152.4936,0.0
2021000295,만촌역 태왕 THE아너스,27,대구,2021-04-23,2021,2,53,149100,10.13,101.7,157.2953,0.0
2021000294,직산역서희스타힐스,44,충남,2021-04-30,2021,2,45,23800,1.51,101.7,59.4822,0.0
2021000294,직산역서희스타힐스,44,충남,2021-04-30,2021,2,60,23160,13.5,101.7,59.8854,0.0
2021000294,직산역서희스타힐스,44,충남,2021-04-30,2021,2,34,34420,18.88,101.7,84.2645,0.0
2021000294,직산역서희스타힐스,44,충남,2021-04-30,2021,2,7,34230,10.7,101.7,84.9946,0.0
2021000291,계양 하늘채 파크포레,28,인천,2021-04-23,2021,2,10,39600,26.4,101.7,59.8946,0.0
2021000291,계양 하늘채 파크포레,28,인천,2021-04-23,2021,2,4,39260,27.0,101.7,59.9931,0.0
2021000291,계양 하늘채 파크포레,28,인천,2021-04-23,2021,2,3,39990,21.33,101.7,59.8794,0.0
2021000291,계양 하늘채 파크포레,28,인천,2021-04-23,2021,2,4,52320,63.5,101.7,84.9484,0.0
2021000291,계양 하늘채 파크포레,28,인천,2021-04-23,2021,2,5,52130,82.0,101.7,84.96,0.0
2021000291,계양 하늘채 파크포레,28,인천,2021-04-23,2021,2,2,52460,60.5,101.7,84.8757,0.0
2021000290,죽전역 에일린의 뜰,27,대구,2021-05-07,2021,2,61,44500,3.66,101.7,59.9759,0.0
2021000290,죽전역 에일린의 뜰,27,대구,2021-05-07,2021,2,61,55800,3.26,101.7,74.8423,0.0
2021000290,죽전역 에일린의 뜰,27,대구,2021-05-07,2021,2,2,60900,344.0,101.7,84.9721,0.0
2021000290,죽전역 에일린의 뜰,27,대구,2021-05-07,2021,2,172,61700,10.63,101.7,84.7573,0.0
2021000290,죽전역 에일린의 뜰,27,대구,2021-05-07,2021,2,8,84200,56.63,101.7,114.1618,0.0
2021000275,동탄역 금강펜테리움 더 시글로(화성동탄2 주상복합C2블럭),41,경기,2021-05-14,2021,2,45,34700,128.56,101.7,52.11,50.0
2021000275,동탄역 금강펜테리움 더 시글로(화성동탄2 주상복합C2블럭),41,경기,2021-05-14,2021,2,40,33900,138.25,101.7,52.55,54.0
2021000275,동탄역 금강펜테리움 더 시글로(화성동탄2 주상복합C2블럭),41,경기,2021-05-14,2021,2,45,40800,966.0,101.7,58.69,69.0
2021000275,동탄역 금강펜테리움 더 시글로(화성동탄2 주상복합C2블럭),41,경기,2021-05-14,2021,2,40,39800,556.38,101.7,58.45,64.0
2021000274,화성 태안3지구 우미린 센트포레 B-2블럭,41,경기,2021-04-16,2021,2,227,38030,52.62,101.7,84.9927,33.0
2021000274,화성 태안3지구 우미린 센트포레 B-2블럭,41,경기,2021-04-16,2021,2,26,36550,76.6,101.7,84.9933,35.0
2021000274,화성 태안3지구 우미린 센트포레 B-2블럭,41,경기,2021-04-16,2021,2,21,37300,84.0,101.7,84.9982,31.0
2021000273,화성 태안3지구 우미린 센트포레 B-1블럭,41,경기,2021-04-16,2021,2,90,38950,105.22,101.7,84.9927,53.0
2021000273,화성 태안3지구 우미린 센트포레 B-1블럭,41,경기,2021-04-16,2021,2,92,38950,50.83,101.7,84.8635,43.0
2021000273,화성 태안3지구 우미린 센트포레 B-1블럭,41,경기,2021-04-16,2021,2,92,38950,40.0,101.7,84.858,35.0
2021000261,이편한세상 진천로얄하임,43,충북,2021-04-22,2021,2,153,28600,2.76,101.7,84.9808,0.0
2021000259,증평 송산지구 칸타빌,43,충북,2021-04-16,2021,2,140,29220,6.36,101.7,84.9957,0.0
2021000258,한화 포레나 포항,47,경북,2021-04-16,2021,2,82,24590,31.0,101.7,59.953,0.0
2021000258,한화 포레나 포항,47,경북,2021-04-16,2021,2,258,31000,1.31,101.7,75.999,0.0
2021000258,한화 포레나 포항,47,경북,2021-04-16,2021,2,424,34400,11.22,101.7,84.8901,0.0
2021000258,한화 포레나 포항,47,경북,2021-04-16,2021,2,187,34300,3.09,101.7,84.5162,0.0
2021000245,쌍문역 시티프라디움,11,서울,2021-04-15,2021,2,5,44480,97.4,103.2,50.0855,0.0
2021000245,쌍문역 시티프라디움,11,서울,2021-04-15,2021,2,1,49480,121.0,103.2,50.0855,0.0
2021000245,쌍문역 시티프라디움,11,서울,2021-04-15,2021,2,1,63480,70.0,103.2,64.2929,0.0
2021000245,쌍문역 시티프라디움,11,서울,2021-04-15,2021,2,40,69480,37.65,103.2,68.9258,0.0
2021000245,쌍문역 시티프라디움,11,서울,2021-04-15,2021,2,6,67480,26.5,103.2,68.8529,0.0
2021000245,쌍문역 시티프라디움,11,서울,2021-04-15,2021,2,4,62480,34.75,103.2,68.8867,0.0
2021000245,쌍문역 시티프라디움,11,서울,2021-04-15,2021,2,1,62480,76.0,103.2,68.8867,0.0
2021000245,쌍문역 시티프라디움,11,서울,2021-04-15,2021,2,1,69480,155.0,103.2,70.5278,0.0
2021000245,쌍문역 시티프라디움,11,서울,2021-04-15,2021,2,10,69480,82.8,103.2,72.741,0.0
2021000243,대구역한라하우젠트센트로,27,대구,2021-04-08,2021,2,35,53500,1.85,101.7,84.6449,0.0
2021000243,대구역한라하우젠트센트로,27,대구,2021-04-08,2021,2,35,53000,1.08,101.7,84.9446,0.0
2021000239,사상역 경보센트리안 3차,26,부산,2021-04-09,2021,2,8,28640,1.25,101.7,49.7058,0.0
2021000239,사상역 경보센트리안 3차,26,부산,2021-04-09,2021,2,1,28070,7.0,101.7,49.7058,0.0
2021000239,사상역 경보센트리안 3차,26,부산,2021-04-09,2021,2,17,39810,7.0,101.7,69.3067,0.0
2021000239,사상역 경보센트리안 3차,26,부산,2021-04-09,2021,2,10,45345,1.53,101.7,79.942,0.0
2021000239,사상역 경보센트리안 3차,26,부산,2021-04-09,2021,2,10,45470,4.64,101.7,80.7658,0.0
2021000238,기장역 엘크루 더퍼스트,26,부산,2021-06-02,2021,2,1,31180,2.33,101.7,58.7909,0.0
2021000238,기장역 엘크루 더퍼스트,26,부산,2021-06-02,2021,2,1,32030,1.5,101.7,58.4612,0.0
2021000238,기장역 엘크루 더퍼스트,26,부산,2021-06-02,2021,2,1,32000,2.0,101.7,58.9562,0.0
2021000238,기장역 엘크루 더퍼스트,26,부산,2021-06-02,2021,2,1,32140,5.5,101.7,58.9473,0.0
2021000238,기장역 엘크루 더퍼스트,26,부산,2021-06-02,2021,2,1,31350,6.0,101.7,59.5855,0.0
2021000238,기장역 엘크루 더퍼스트,26,부산,2021-06-02,2021,2,1,31290,5.0,101.7,59.197,0.0
2021000238,기장역 엘크루 더퍼스트,26,부산,2021-06-02,2021,2,13,35390,2.84,101.7,62.3123,0.0
2021000238,기장역 엘크루 더퍼스트,26,부산,2021-06-02,2021,2,14,41720,1.67,101.7,72.7348,0.0
2021000238,기장역 엘크루 더퍼스트,26,부산,2021-06-02,2021,2,15,40910,10.47,101.7,72.6655,0.0
2021000238,기장역 엘크루 더퍼스트,26,부산,2021-06-02,2021,2,16,41250,5.76,101.7,72.6065,0.0
2021000238,기장역 엘크루 더퍼스트,26,부산,2021-06-02,2021,2,1,38730,1.5,101.7,73.409,0.0
2021000238,기장역 엘크루 더퍼스트,26,부산,2021-06-02,2021,2,1,39820,4.5,101.7,73.6515,0.0
2021000238,기장역 엘크루 더퍼스트,26,부산,2021-06-02,2021,2,1,39820,3.0,101.7,73.7548,0.0
2021000238,기장역 엘크루 더퍼스트,26,부산,2021-06-02,2021,2,1,42140,2.64,101.7,75.0697,0.0
2021000238,기장역 엘크루 더퍼스트,26,부산,2021-06-02,2021,2,16,46800,22.5,101.7,84.6921,0.0
2021000238,기장역 엘크루 더퍼스트,26,부산,2021-06-02,2021,2,1,46890,101.0,101.7,84.242,0.0
2021000238,기장역 엘크루 더퍼스트,26,부산,2021-06-02,2021,2,21,47010,6.43,101.7,84.0633,0.0
2021000226,힐스테이트 모종 네오루체,44,충남,2021-04-16,2021,2,100,32600,20.72,101.7,74.9863,0.0
2021000226,힐스테이트 모종 네오루체,44,충남,2021-04-16,2021,2,159,36580,55.16,101.7,84.9906,0.0
2021000226,힐스테이트 모종 네오루체,44,충남,2021-04-16,2021,2,158,36440,27.29,101.7,84.9876,0.0
2021000225,군산 호수공원 아이파크,52,전북,2021-05-20,2021,2,128,33300,87.28,101.7,84.9413,0.0
2021000225,군산 호수공원 아이파크,52,전북,2021-05-20,2021,2,59,32700,36.88,101.7,84.8829,0.0
2021000217,연수 서해그랑블 에듀파크,28,인천,2021-05-28,2021,2,47,50850,5.38,101.7,74.368,0.0
2021000217,연수 서해그랑블 에듀파크,28,인천,2021-05-28,2021,2,52,49500,3.62,101.7,74.423,0.0
2021000217,연수 서해그랑블 에듀파크,28,인천,2021-05-28,2021,2,46,49980,3.54,101.7,74.554,0.0
2021000217,연수 서해그랑블 에듀파크,28,인천,2021-05-28,2021,2,202,57260,6.18,101.7,84.896,0.0
2021000217,연수 서해그랑블 에듀파크,28,인천,2021-05-28,2021,2,3,78360,58.0,101.7,112.462,0.0
2021000217,연수 서해그랑블 에듀파크,28,인천,2021-05-28,2021,2,1,90170,37.0,101.7,118.71,0.0
2021000213,세운 푸르지오 헤리시티 아파트,11,서울,2021-05-04,2021,2,32,37280,7.91,103.2,24.5533,0.0
2021000213,세운 푸르지오 헤리시티 아파트,11,서울,2021-05-04,2021,2,6,38850,16.5,103.2,24.5533,0.0
2021000213,세운 푸르지오 헤리시티 아파트,11,서울,2021-05-04,2021,2,42,43180,7.64,103.2,28.4064,0.0
2021000213,세운 푸르지오 헤리시티 아파트,11,서울,2021-05-04,2021,2,42,46250,11.14,103.2,29.4564,0.0
2021000213,세운 푸르지오 헤리시티 아파트,11,서울,2021-05-04,2021,2,12,46770,19.25,103.2,29.4564,0.0
2021000213,세운 푸르지오 헤리시티 아파트,11,서울,2021-05-04,2021,2,7,67820,393.43,103.2,42.2349,0.0
2021000205,대구두산동 호반써밋 수성,27,대구,2021-04-02,2021,2,5,36000,1.67,101.7,42.0245,0.0
2021000205,대구두산동 호반써밋 수성,27,대구,2021-04-02,2021,2,3,35400,2.0,101.7,42.0572,0.0
2021000205,대구두산동 호반써밋 수성,27,대구,2021-04-02,2021,2,5,40000,2.33,101.7,47.072,0.0
2021000205,대구두산동 호반써밋 수성,27,대구,2021-04-02,2021,2,3,40100,3.67,101.7,47.0974,0.0
2021000205,대구두산동 호반써밋 수성,27,대구,2021-04-02,2021,2,22,75800,9.95,101.7,84.0347,0.0
2021000205,대구두산동 호반써밋 수성,27,대구,2021-04-02,2021,2,42,76000,9.74,101.7,84.2003,0.0
2021000205,대구두산동 호반써밋 수성,27,대구,2021-04-02,2021,2,23,78400,10.39,101.7,84.6634,0.0
2021000205,대구두산동 호반써밋 수성,27,대구,2021-04-02,2021,2,82,104900,2.57,101.7,109.7304,0.0
2021000205,대구두산동 호반써밋 수성,27,대구,2021-04-02,2021,2,41,99600,16.5,101.7,109.5859,0.0
2021000205,대구두산동 호반써밋 수성,27,대구,2021-04-02,2021,2,1,156500,21.0,101.7,161.352,0.0
2021000205,대구두산동 호반써밋 수성,27,대구,2021-04-02,2021,2,1,168400,26.0,101.7,172.1926,0.0
2021000200,횡성 벨라시티,51,강원,2021-03-31,2021,1,1,35490,2.0,101.7,82.16,0.0
2021000197,천안 한양수자인 에코시티,44,충남,2021-03-29,2021,1,234,29700,1.34,101.7,84.961,0.0
2021000197,천안 한양수자인 에코시티,44,충남,2021-03-29,2021,1,254,29700,1.22,101.7,84.9647,0.0
2021000197,천안 한양수자인 에코시티,44,충남,2021-03-29,2021,1,295,28300,46.0,101.7,84.9855,0.0
2021000197,천안 한양수자인 에코시티,44,충남,2021-03-29,2021,1,290,28400,60.0,101.7,84.9831,0.0
2021000189,검단역 금강펜테리움 더 시글로,28,인천,2021-04-23,2021,2,30,48000,129.67,101.7,84.984,61.0
2021000189,검단역 금강펜테리움 더 시글로,28,인천,2021-04-23,2021,2,58,47300,83.03,101.7,84.906,60.0
2021000189,검단역 금강펜테리움 더 시글로,28,인천,2021-04-23,2021,2,84,47300,115.88,101.7,84.9811,60.0
2021000189,검단역 금강펜테리움 더 시글로,28,인천,2021-04-23,2021,2,15,47100,156.86,101.7,84.9679,67.0
2021000189,검단역 금강펜테리움 더 시글로,28,인천,2021-04-23,2021,2,15,47100,161.57,101.7,84.9967,57.0
2021000186,이안 더 프리미스 노형,50,제주,2021-03-26,2021,1,48,56000,1.04,101.7,69.5337,0.0
2021000186,이안 더 프리미스 노형,50,제주,2021-03-26,2021,1,20,67700,2.55,101.7,69.5337,0.0
2021000182,e편한세상 연동 센트럴파크 2단지,50,제주,2021-04-02,2021,2,26,91830,8.38,101.7,84.9418,0.0
2021000182,e편한세상 연동 센트럴파크 2단지,50,제주,2021-04-02,2021,2,20,90530,5.85,101.7,84.9769,0.0
2021000182,e편한세상 연동 센트럴파크 2단지,50,제주,2021-04-02,2021,2,20,92330,5.0,101.7,84.9665,0.0
2021000182,e편한세상 연동 센트럴파크 2단지,50,제주,2021-04-02,2021,2,28,89330,6.32,101.7,84.9651,0.0
2021000181,e편한세상 연동 센트럴파크 1단지,50,제주,2021-04-02,2021,2,26,94830,49.0,101.7,84.9418,0.0
2021000181,e편한세상 연동 센트럴파크 1단지,50,제주,2021-04-02,2021,2,20,90530,11.85,101.7,84.9769,0.0
2021000181,e편한세상 연동 센트럴파크 1단지,50,제주,2021-04-02,2021,2,20,92330,4.5,101.7,84.9665,0.0
2021000181,e편한세상 연동 센트럴파크 1단지,50,제주,2021-04-02,2021,2,28,92330,11.75,101.7,84.9651,0.0
2021000175,동대구역 골드클래스,27,대구,2021-03-29,2021,1,134,51640,2.39,101.7,84.974,0.0
2021000175,동대구역 골드클래스,27,대구,2021-03-29,2021,1,30,51220,2.24,101.7,84.8824,0.0
2021000171,덕소 강변 라온프라이빗,41,경기,2021-04-16,2021,2,47,39900,13.32,101.7,59.8352,0.0
2021000171,덕소 강변 라온프라이빗,41,경기,2021-04-16,2021,2,22,39100,7.59,101.7,59.9209,0.0
2021000171,덕소 강변 라온프라이빗,41,경기,2021-04-16,2021,2,28,38000,5.46,101.7,59.9759,0.0
2021000171,덕소 강변 라온프라이빗,41,경기,2021-04-16,2021,2,32,53600,38.72,101.7,84.9302,0.0
2021000170,힐스테이트 만촌역,27,대구,2021-03-25,2021,1,42,76410,3.96,101.7,65.7254,0.0
2021000170,힐스테이트 만촌역,27,대구,2021-03-25,2021,1,60,89926,34.18,101.7,84.8649,0.0
2021000170,힐스테이트 만촌역,27,대구,2021-03-25,2021,1,59,88437,12.27,101.7,84.7518,0.0
2021000170,힐스테이트 만촌역,27,대구,2021-03-25,2021,1,32,88584,15.91,101.7,84.8649,0.0
2021000170,힐스테이트 만촌역,27,대구,2021-03-25,2021,1,146,135573,3.32,101.7,136.8394,0.0
2021000170,힐스테이트 만촌역,27,대구,2021-03-25,2021,1,147,133003,1.7,101.7,136.6868,0.0
2021000167,검단신도시 AB3-2블록 예미지 퍼스트포레,28,인천,2021-04-09,2021,2,96,40000,37.54,101.7,76.8794,50.0
2021000167,검단신도시 AB3-2블록 예미지 퍼스트포레,28,인천,2021-04-09,2021,2,222,44400,46.39,101.7,84.9559,52.0
2021000167,검단신도시 AB3-2블록 예미지 퍼스트포레,28,인천,2021-04-09,2021,2,36,44300,82.89,101.7,84.9886,50.0
2021000167,검단신도시 AB3-2블록 예미지 퍼스트포레,28,인천,2021-04-09,2021,2,196,53600,52.66,101.7,102.7897,45.0
2021000167,검단신도시 AB3-2블록 예미지 퍼스트포레,28,인천,2021-04-09,2021,2,131,54200,45.58,101.7,102.7097,49.0
2021000166,덕소 강변 스타힐스,41,경기,2021-04-14,2021,2,13,29790,3.62,101.7,47.7,0.0
2021000166,덕소 강변 스타힐스,41,경기,2021-04-14,2021,2,88,40000,9.39,101.7,59.79,0.0
2021000166,덕소 강변 스타힐스,41,경기,2021-04-14,2021,2,23,38640,7.57,101.7,59.79,0.0
2021000166,덕소 강변 스타힐스,41,경기,2021-04-14,2021,2,6,46980,36.5,101.7,74.51,0.0
2021000166,덕소 강변 스타힐스,41,경기,2021-04-14,2021,2,6,48900,36.0,101.7,77.48,0.0
2021000166,덕소 강변 스타힐스,41,경기,2021-04-14,2021,2,1,52867,507.0,101.7,84.58,0.0
2021000165,울산 뉴시티 에일린의 뜰 1차,31,울산,2021-03-25,2021,1,55,39520,1.72,101.7,59.9569,0.0
2021000165,울산 뉴시티 에일린의 뜰 1차,31,울산,2021-03-25,2021,1,34,39806,3.52,101.7,59.9879,0.0
2021000165,울산 뉴시티 에일린의 뜰 1차,31,울산,2021-03-25,2021,1,61,47563,1.35,101.7,74.9156,0.0
2021000165,울산 뉴시티 에일린의 뜰 1차,31,울산,2021-03-25,2021,1,59,47347,2.62,101.7,74.9801,0.0
2021000165,울산 뉴시티 에일린의 뜰 1차,31,울산,2021-03-25,2021,1,108,53330,4.37,101.7,84.9873,0.0
2021000165,울산 뉴시티 에일린의 뜰 1차,31,울산,2021-03-25,2021,1,60,53672,5.36,101.7,84.9882,0.0
2021000163,속초 영랑호 엘크루 라테라,51,강원,2021-06-04,2021,2,14,37900,9.0,101.7,73.905,0.0
2021000163,속초 영랑호 엘크루 라테라,51,강원,2021-06-04,2021,2,15,40600,2.35,101.7,73.905,0.0
2021000163,속초 영랑호 엘크루 라테라,51,강원,2021-06-04,2021,2,8,42800,1.18,101.7,83.175,0.0
2021000163,속초 영랑호 엘크루 라테라,51,강원,2021-06-04,2021,2,10,45700,12.09,101.7,83.175,0.0
2021000163,속초 영랑호 엘크루 라테라,51,강원,2021-06-04,2021,2,18,34500,1.06,101.7,84.771,0.0
2021000159,파주운정신도시 디에트르 라 포레(A-37BL),41,경기,2021-03-26,2021,1,42,49575,159.88,101.7,84.9671,54.0
2021000159,파주운정신도시 디에트르 라 포레(A-37BL),41,경기,2021-03-26,2021,1,46,45247,102.11,101.7,84.9951,49.0
2021000159,파주운정신도시 디에트르 라 포레(A-37BL),41,경기,2021-03-26,2021,1,19,58052,112.25,101.7,110.8359,51.0
2021000159,파주운정신도시 디에트르 라 포레(A-37BL),41,경기,2021-03-26,2021,1,19,57984,126.0,101.7,110.8397,52.0
2021000159,파주운정신도시 디에트르 라 포레(A-37BL),41,경기,2021-03-26,2021,1,40,51898,115.5,101.7,110.9898,50.0
2021000158,파주운정신도시 디에트르 더 클래스(A-35BL),41,경기,2021-03-26,2021,1,76,49297,111.13,101.7,84.9671,57.0
2021000158,파주운정신도시 디에트르 더 클래스(A-35BL),41,경기,2021-03-26,2021,1,76,44969,65.07,101.7,84.9951,53.0
2021000158,파주운정신도시 디에트르 더 클래스(A-35BL),41,경기,2021-03-26,2021,1,40,57836,72.75,101.7,110.8359,56.0
2021000158,파주운정신도시 디에트르 더 클래스(A-35BL),41,경기,2021-03-26,2021,1,26,57768,83.4,101.7,110.8397,52.0
2021000158,파주운정신도시 디에트르 더 클래스(A-35BL),41,경기,2021-03-26,2021,1,66,51682,69.77,101.7,110.9898,52.0
2021000155,연동 한일 베라체 더 퍼스트,50,제주,2021-03-19,2021,1,58,67910,14.38,101.7,83.6381,0.0
2021000155,연동 한일 베라체 더 퍼스트,50,제주,2021-03-19,2021,1,19,67670,13.53,101.7,83.4139,0.0
2021000153,용인 드마크 데시앙,41,경기,2021-03-29,2021,1,16,27250,1.73,101.7,51.9552,0.0
2021000153,용인 드마크 데시앙,41,경기,2021-03-29,2021,1,17,25840,12.0,101.7,51.9512,0.0
2021000153,용인 드마크 데시앙,41,경기,2021-03-29,2021,1,196,31700,2.59,101.7,59.9704,0.0
2021000153,용인 드마크 데시앙,41,경기,2021-03-29,2021,1,191,30030,105.08,101.7,59.9579,0.0
2021000153,용인 드마크 데시앙,41,경기,2021-03-29,2021,1,78,38780,7.79,101.7,74.9539,0.0
2021000153,용인 드마크 데시앙,41,경기,2021-03-29,2021,1,40,42730,17.38,101.7,84.9636,0.0
2021000152,동대구역 엘크루 에비뉴원,27,대구,2021-04-01,2021,2,17,44276,1.07,101.7,71.8384,0.0
2021000152,동대구역 엘크루 에비뉴원,27,대구,2021-04-01,2021,2,17,50541,2.3,101.7,84.9744,0.0
2021000152,동대구역 엘크루 에비뉴원,27,대구,2021-04-01,2021,2,7,50642,1.06,101.7,84.9744,0.0
2021000152,동대구역 엘크루 에비뉴원,27,대구,2021-04-01,2021,2,7,51418,1.62,101.7,84.846,0.0
2021000152,동대구역 엘크루 에비뉴원,27,대구,2021-04-01,2021,2,7,51402,1.86,101.7,84.9294,0.0
2021000152,동대구역 엘크루 에비뉴원,27,대구,2021-04-01,2021,2,7,50551,4.0,101.7,84.8943,0.0
2021000151,인천 검단신도시 우미린 파크뷰 2단지,28,인천,2021-04-19,2021,2,157,33410,19.62,101.7,59.938,45.0
2021000151,인천 검단신도시 우미린 파크뷰 2단지,28,인천,2021-04-19,2021,2,72,32380,24.14,101.7,59.8198,40.0
2021000151,인천 검단신도시 우미린 파크뷰 2단지,28,인천,2021-04-19,2021,2,112,45200,83.3,101.7,84.8773,51.0
2021000150,인천 검단신도시 우미린 파크뷰 1단지,28,인천,2021-04-19,2021,2,69,34200,20.53,101.7,59.938,44.0
2021000150,인천 검단신도시 우미린 파크뷰 1단지,28,인천,2021-04-19,2021,2,39,33140,27.11,101.7,59.8198,37.0
2021000150,인천 검단신도시 우미린 파크뷰 1단지,28,인천,2021-04-19,2021,2,48,46260,94.83,101.7,84.8773,52.0
2021000149,오산 세교2지구 A2블록 호반써밋 그랜빌,41,경기,2021-03-26,2021,1,83,37370,68.41,101.7,74.6252,50.0
2021000149,오산 세교2지구 A2블록 호반써밋 그랜빌,41,경기,2021-03-26,2021,1,122,41350,99.33,101.7,84.9135,54.0
2021000149,오산 세교2지구 A2블록 호반써밋 그랜빌,41,경기,2021-03-26,2021,1,42,41740,83.13,101.7,84.6718,53.0
2021000149,오산 세교2지구 A2블록 호반써밋 그랜빌,41,경기,2021-03-26,2021,1,245,47710,53.71,101.7,104.564,47.0
2021000147,이안 엑소디움 에이펙스,27,대구,2021-03-19,2021,1,18,68600,8.76,101.7,84.8856,0.0
2021000147,이안 엑소디움 에이펙스,27,대구,2021-03-19,2021,1,17,65600,3.27,101.7,84.9465,0.0
2021000147,이안 엑소디움 에이펙스,27,대구,2021-03-19,2021,1,17,65800,3.07,101.7,84.9213,0.0
2021000147,이안 엑소디움 에이펙스,27,대구,2021-03-19,2021,1,1,126256,12.0,101.7,134.3123,0.0
2021000146,김해 푸르지오 하이엔드 2차,48,경남,2021-04-09,2021,2,30,29300,3.25,101.7,59.5606,0.0
2021000146,김해 푸르지오 하이엔드 2차,48,경남,2021-04-09,2021,2,48,29400,8.73,101.7,59.7501,0.0
2021000146,김해 푸르지오 하이엔드 2차,48,경남,2021-04-09,2021,2,246,29500,3.24,101.7,59.9627,0.0
2021000146,김해 푸르지오 하이엔드 2차,48,경남,2021-04-09,2021,2,224,36100,5.63,101.7,75.484,0.0
2021000146,김해 푸르지오 하이엔드 2차,48,경남,2021-04-09,2021,2,429,39500,24.63,101.7,84.9932,0.0
2021000146,김해 푸르지오 하이엔드 2차,48,경남,2021-04-09,2021,2,33,39500,36.7,101.7,84.9957,0.0
2021000145,e편한세상 주안 에듀서밋,28,인천,2021-03-19,2021,1,23,38699,9.83,101.7,63.883,0.0
2021000145,e편한세상 주안 에듀서밋,28,인천,2021-03-19,2021,1,29,37954,9.17,101.7,63.862,0.0
2021000145,e편한세상 주안 에듀서밋,28,인천,2021-03-19,2021,1,2,46268,231.5,101.7,84.836,0.0
2021000143,힐스테이트 달성공원역,27,대구,2021-03-25,2021,1,45,63785,7.64,101.7,84.9509,0.0
2021000143,힐스테이트 달성공원역,27,대구,2021-03-25,2021,1,24,62249,2.63,101.7,84.9692,0.0
2021000143,힐스테이트 달성공원역,27,대구,2021-03-25,2021,1,24,61801,4.08,101.7,84.9388,0.0
2021000143,힐스테이트 달성공원역,27,대구,2021-03-25,2021,1,22,61642,2.11,101.7,84.9786,0.0
2021000143,힐스테이트 달성공원역,27,대구,2021-03-25,2021,1,22,62669,5.38,101.7,84.9896,0.0
2021000143,힐스테이트 달성공원역,27,대구,2021-03-25,2021,1,22,61281,1.6,101.7,84.9839,0.0
2021000132,창원 푸르지오 더 플래티넘,48,경남,2021-03-25,2021,1,1,27000,36.0,101.7,59.67,0.0
2021000132,창원 푸르지오 더 플래티넘,48,경남,2021-03-25,2021,1,1,26800,33.0,101.7,59.09,0.0
2021000132,창원 푸르지오 더 플래티넘,48,경남,2021-03-25,2021,1,1,30800,34.0,101.7,74.17,0.0
2021000132,창원 푸르지오 더 플래티넘,48,경남,2021-03-25,2021,1,98,35000,9.2,101.7,84.31,0.0
2021000132,창원 푸르지오 더 플래티넘,48,경남,2021-03-25,2021,1,205,34900,18.95,101.7,84.03,0.0
2021000132,창원 푸르지오 더 플래티넘,48,경남,2021-03-25,2021,1,98,35400,10.77,101.7,84.9,0.0
2021000132,창원 푸르지오 더 플래티넘,48,경남,2021-03-25,2021,1,7,36000,26.57,101.7,84.81,0.0
2021000123,김해율하 더스카이시티 제니스앤프라우,48,경남,2021-03-25,2021,1,51,31410,3.93,101.7,64.9409,0.0
2021000123,김해율하 더스카이시티 제니스앤프라우,48,경남,2021-03-25,2021,1,94,34870,6.02,101.7,74.7351,0.0
2021000123,김해율하 더스카이시티 제니스앤프라우,48,경남,2021-03-25,2021,1,177,39440,14.54,101.7,84.7942,0.0
2021000123,김해율하 더스카이시티 제니스앤프라우,48,경남,2021-03-25,2021,1,259,39560,16.36,101.7,84.9432,0.0
2021000122,한양수자인 더팰리시티,27,대구,2021-03-31,2021,1,86,44800,9.19,101.7,68.56,0.0
2021000122,한양수자인 더팰리시티,27,대구,2021-03-31,2021,1,100,44400,4.92,101.7,68.9,0.0
2021000122,한양수자인 더팰리시티,27,대구,2021-03-31,2021,1,39,43900,3.79,101.7,68.85,0.0
2021000122,한양수자인 더팰리시티,27,대구,2021-03-31,2021,1,121,56100,46.5,101.7,84.96,0.0
2021000122,한양수자인 더팰리시티,27,대구,2021-03-31,2021,1,105,54800,9.23,101.7,84.91,0.0
2021000120,관악 중앙하이츠 포레,11,서울,2021-03-30,2021,1,13,53640,94.69,103.2,46.6783,0.0
2021000120,관악 중앙하이츠 포레,11,서울,2021-03-30,2021,1,5,67710,538.2,103.2,63.3633,0.0
2021000119,광양푸르지오더센트럴,46,전남,2021-04-01,2021,2,78,31773,2.66,101.7,84.9925,0.0
2021000119,광양푸르지오더센트럴,46,전남,2021-04-01,2021,2,4,84745,2.5,101.7,129.3702,0.0
2021000117,오페라 센텀파크 서한이다음,27,대구,2021-03-19,2021,1,22,45780,8.18,101.7,74.3747,0.0
2021000117,오페라 센텀파크 서한이다음,27,대구,2021-03-19,2021,1,26,45780,12.19,101.7,74.3046,0.0
2021000117,오페라 센텀파크 서한이다음,27,대구,2021-03-19,2021,1,139,54240,15.24,101.7,84.7618,0.0
2021000117,오페라 센텀파크 서한이다음,27,대구,2021-03-19,2021,1,24,54540,8.12,101.7,84.8048,0.0
2021000109,e편한세상 울산역 어반스퀘어,31,울산,2021-03-12,2021,1,25,31417,6.56,101.7,59.9318,0.0
2021000109,e편한세상 울산역 어반스퀘어,31,울산,2021-03-12,2021,1,7,30879,3.44,101.7,59.9474,0.0
2021000109,e편한세상 울산역 어반스퀘어,31,울산,2021-03-12,2021,1,7,38396,16.14,101.7,74.968,0.0
2021000109,e편한세상 울산역 어반스퀘어,31,울산,2021-03-12,2021,1,4,37718,10.2,101.7,74.831,0.0
2021000109,e편한세상 울산역 어반스퀘어,31,울산,2021-03-12,2021,1,11,42525,52.36,101.7,84.8763,0.0
2021000109,e편한세상 울산역 어반스퀘어,31,울산,2021-03-12,2021,1,7,42294,24.86,101.7,84.8856,0.0
2021000106,시티오씨엘 3단지,28,인천,2021-03-11,2021,1,65,56170,18.57,101.7,75.879,0.0
2021000106,시티오씨엘 3단지,28,인천,2021-03-11,2021,1,44,55550,7.66,101.7,75.8707,0.0
2021000106,시티오씨엘 3단지,28,인천,2021-03-11,2021,1,154,61480,18.34,101.7,84.7206,0.0
2021000106,시티오씨엘 3단지,28,인천,2021-03-11,2021,1,117,61640,7.68,101.7,84.9933,0.0
2021000106,시티오씨엘 3단지,28,인천,2021-03-11,2021,1,37,59970,6.38,101.7,84.8313,0.0
2021000106,시티오씨엘 3단지,28,인천,2021-03-11,2021,1,148,70870,10.21,101.7,101.7145,0.0
2021000106,시티오씨엘 3단지,28,인천,2021-03-11,2021,1,2,87500,61.0,101.7,136.7985,0.0
2021000105,오산 세교지구 Cd-1블록 호반써밋 라테라스,41,경기,2021-03-26,2021,1,3,60790,482.0,101.7,96.3421,56.0
2021000105,오산 세교지구 Cd-1블록 호반써밋 라테라스,41,경기,2021-03-26,2021,1,3,54130,550.0,101.7,99.1111,63.0
2021000105,오산 세교지구 Cd-1블록 호반써밋 라테라스,41,경기,2021-03-26,2021,1,3,55290,79.0,101.7,102.1501,55.0
2021000105,오산 세교지구 Cd-1블록 호반써밋 라테라스,41,경기,2021-03-26,2021,1,3,64330,24.0,101.7,110.6713,47.0
2021000105,오산 세교지구 Cd-1블록 호반써밋 라테라스,41,경기,2021-03-26,2021,1,31,65940,40.71,101.7,113.5003,0.0
2021000105,오산 세교지구 Cd-1블록 호반써밋 라테라스,41,경기,2021-03-26,2021,1,4,65860,6.0,101.7,113.5003,0.0
2021000105,오산 세교지구 Cd-1블록 호반써밋 라테라스,41,경기,2021-03-26,2021,1,3,61260,15.0,101.7,113.6861,0.0
2021000105,오산 세교지구 Cd-1블록 호반써밋 라테라스,41,경기,2021-03-26,2021,1,3,70790,21.0,101.7,113.6861,0.0
2021000105,오산 세교지구 Cd-1블록 호반써밋 라테라스,41,경기,2021-03-26,2021,1,29,61300,29.33,101.7,113.7575,0.0
2021000105,오산 세교지구 Cd-1블록 호반써밋 라테라스,41,경기,2021-03-26,2021,1,4,61240,8.0,101.7,113.7575,0.0
2021000105,오산 세교지구 Cd-1블록 호반써밋 라테라스,41,경기,2021-03-26,2021,1,29,70840,87.0,101.7,113.7575,0.0
2021000105,오산 세교지구 Cd-1블록 호반써밋 라테라스,41,경기,2021-03-26,2021,1,5,70530,50.0,101.7,113.7575,0.0
2021000105,오산 세교지구 Cd-1블록 호반써밋 라테라스,41,경기,2021-03-26,2021,1,31,64930,33.43,101.7,121.9059,0.0
2021000105,오산 세교지구 Cd-1블록 호반써밋 라테라스,41,경기,2021-03-26,2021,1,4,64870,28.0,101.7,121.9059,0.0
2021000105,오산 세교지구 Cd-1블록 호반써밋 라테라스,41,경기,2021-03-26,2021,1,28,70380,26.83,101.7,153.357,35.0
2021000104,삼척 센트럴 두산위브,51,강원,2021-03-11,2021,1,84,28310,6.33,101.7,84.55,0.0
2021000101,수성 해모로 하이엔,27,대구,2021-04-16,2021,2,20,52900,5.91,101.7,84.8387,0.0
2021000101,수성 해모로 하이엔,27,대구,2021-04-16,2021,2,32,52500,2.9,101.7,84.7991,0.0
2021000101,수성 해모로 하이엔,27,대구,2021-04-16,2021,2,22,52500,8.0,101.7,84.7432,0.0
2021000099,이시아 팰리스,27,대구,2021-03-19,2021,1,6,43800,1.33,101.7,84.4018,0.0
2021000099,이시아 팰리스,27,대구,2021-03-19,2021,1,6,40300,6.0,101.7,84.4057,0.0
2021000097,대구 안심뉴타운 B3블록 호반써밋 이스텔라,27,대구,2021-03-04,2021,1,4,48580,1.25,101.7,94.3272,0.0
2021000097,대구 안심뉴타운 B3블록 호반써밋 이스텔라,27,대구,2021-03-04,2021,1,6,46780,1.5,101.7,94.7762,0.0
2021000095,봉선로 르 오네뜨,29,광주,2021-03-24,2021,1,30,109330,5.3,101.7,168.9015,0.0
2021000095,봉선로 르 오네뜨,29,광주,2021-03-24,2021,1,16,115930,1.5,101.7,168.9015,0.0
2021000095,봉선로 르 오네뜨,29,광주,2021-03-24,2021,1,14,115930,3.8,101.7,168.9015,0.0
2021000095,봉선로 르 오네뜨,29,광주,2021-03-24,2021,1,1,145470,11.0,101.7,219.3276,0.0
2021000092,광주 산정 대광로제비앙,29,광주,2021-03-19,2021,1,23,45800,5.45,101.7,81.1559,0.0
2021000092,광주 산정 대광로제비앙,29,광주,2021-03-19,2021,1,53,45800,12.96,101.7,81.3014,0.0
2021000092,광주 산정 대광로제비앙,29,광주,2021-03-19,2021,1,19,45800,12.32,101.7,81.338,0.0
2021000092,광주 산정 대광로제비앙,29,광주,2021-03-19,2021,1,13,47900,33.54,101.7,84.3065,0.0
2021000090,화원 동화아이위시,27,대구,2021-03-03,2021,1,38,47490,8.31,101.7,84.5927,0.0
2021000090,화원 동화아이위시,27,대구,2021-03-03,2021,1,36,47490,9.75,101.7,84.1462,0.0
2021000090,화원 동화아이위시,27,대구,2021-03-03,2021,1,142,46990,2.8,101.7,84.1138,0.0
2021000090,화원 동화아이위시,27,대구,2021-03-03,2021,1,124,56990,1.86,101.7,102.5299,0.0
2021000090,화원 동화아이위시,27,대구,2021-03-03,2021,1,4,90100,4.0,101.7,152.0722,0.0
2021000087,북수원자이 렉스비아,41,경기,2021-03-19,2021,1,46,36620,10.7,101.7,48.85,0.0
2021000087,북수원자이 렉스비아,41,경기,2021-03-19,2021,1,12,35700,13.5,101.7,48.7,0.0
2021000087,북수원자이 렉스비아,41,경기,2021-03-19,2021,1,202,47270,6.74,101.7,59.87,0.0
2021000087,북수원자이 렉스비아,41,경기,2021-03-19,2021,1,128,46830,4.26,101.7,59.82,0.0
2021000087,북수원자이 렉스비아,41,경기,2021-03-19,2021,1,17,47130,10.47,101.7,59.84,0.0
2021000087,북수원자이 렉스비아,41,경기,2021-03-19,2021,1,5,46090,18.8,101.7,59.87,0.0
2021000087,북수원자이 렉스비아,41,경기,2021-03-19,2021,1,22,45950,8.55,101.7,59.84,0.0
2021000087,북수원자이 렉스비아,41,경기,2021-03-19,2021,1,93,56670,11.03,101.7,74.56,0.0
2021000087,북수원자이 렉스비아,41,경기,2021-03-19,2021,1,30,56770,8.27,101.7,74.76,0.0
2021000087,북수원자이 렉스비아,41,경기,2021-03-19,2021,1,5,55240,29.2,101.7,74.57,0.0
2021000087,북수원자이 렉스비아,41,경기,2021-03-19,2021,1,132,61860,19.52,101.7,84.35,0.0
2021000087,북수원자이 렉스비아,41,경기,2021-03-19,2021,1,85,62400,9.47,101.7,84.91,0.0
2021000087,북수원자이 렉스비아,41,경기,2021-03-19,2021,1,8,60290,36.0,101.7,84.36,0.0
2021000087,북수원자이 렉스비아,41,경기,2021-03-19,2021,1,65,72740,148.22,101.7,99.54,0.0
2021000084,계룡자이,44,충남,2021-03-05,2021,1,123,32400,10.8,101.7,84.996,0.0
2021000084,계룡자이,44,충남,2021-03-05,2021,1,20,33800,15.05,101.7,84.9801,0.0
2021000084,계룡자이,44,충남,2021-03-05,2021,1,72,32400,9.79,101.7,84.9685,0.0
2021000084,계룡자이,44,충남,2021-03-05,2021,1,42,33800,13.1,101.7,84.9783,0.0
2021000084,계룡자이,44,충남,2021-03-05,2021,1,3,44200,78.0,101.7,84.9801,0.0
2021000084,계룡자이,44,충남,2021-03-05,2021,1,1,44700,39.0,101.7,84.966,0.0
2021000082,용인 양지 동문굿모닝힐 프레스티지 주상복합아파트,41,경기,2021-02-26,2021,1,60,29000,43.0,101.7,59.4176,0.0
2021000082,용인 양지 동문굿모닝힐 프레스티지 주상복합아파트,41,경기,2021-02-26,2021,1,15,29700,49.5,101.7,59.5838,0.0
2021000082,용인 양지 동문굿모닝힐 프레스티지 주상복합아파트,41,경기,2021-02-26,2021,1,15,29100,9.67,101.7,59.5877,0.0
2021000082,용인 양지 동문굿모닝힐 프레스티지 주상복합아파트,41,경기,2021-02-26,2021,1,15,28500,15.0,101.7,59.3498,0.0
2021000081,수성범물 일성 트루엘 레전드,27,대구,2021-03-04,2021,1,16,46030,1.08,101.7,71.9938,0.0
2021000081,수성범물 일성 트루엘 레전드,27,대구,2021-03-04,2021,1,2,48640,8.5,101.7,71.8156,0.0
2021000081,수성범물 일성 트루엘 레전드,27,대구,2021-03-04,2021,1,44,56190,3.73,101.7,84.8334,0.0
2021000081,수성범물 일성 트루엘 레전드,27,대구,2021-03-04,2021,1,21,56780,2.21,101.7,84.8399,0.0
2021000081,수성범물 일성 트루엘 레전드,27,대구,2021-03-04,2021,1,5,57790,22.4,101.7,84.7511,0.0
2021000081,수성범물 일성 트루엘 레전드,27,대구,2021-03-04,2021,1,2,57740,33.5,101.7,84.8521,0.0
2021000077,홍천 금호어울림 더퍼스트,51,강원,2021-03-03,2021,1,22,21538,1.49,101.7,59.8823,0.0
2021000077,홍천 금호어울림 더퍼스트,51,강원,2021-03-03,2021,1,31,27435,1.4,101.7,76.9712,0.0
2021000077,홍천 금호어울림 더퍼스트,51,강원,2021-03-03,2021,1,90,27273,5.0,101.7,76.9639,0.0
2021000077,홍천 금호어울림 더퍼스트,51,강원,2021-03-03,2021,1,70,29966,8.05,101.7,84.8568,0.0
2021000077,홍천 금호어울림 더퍼스트,51,강원,2021-03-03,2021,1,15,29788,1.52,101.7,84.81,0.0
2021000077,홍천 금호어울림 더퍼스트,51,강원,2021-03-03,2021,1,25,30135,4.6,101.7,84.9086,0.0
2021000076,충남내포신도시2차 대방 엘리움 더센트럴,44,충남,2021-02-26,2021,1,9,38222,1.17,101.7,76.9592,0.0
2021000076,충남내포신도시2차 대방 엘리움 더센트럴,44,충남,2021-02-26,2021,1,19,35599,15.0,101.7,76.7772,0.0
2021000076,충남내포신도시2차 대방 엘리움 더센트럴,44,충남,2021-02-26,2021,1,161,42987,132.0,101.7,84.9673,0.0
2021000076,충남내포신도시2차 대방 엘리움 더센트럴,44,충남,2021-02-26,2021,1,106,42002,145.0,101.7,84.9144,0.0
2021000075,힐스테이트 대명 센트럴,27,대구,2021-02-26,2021,1,88,56500,10.91,101.7,84.4587,0.0
2021000075,힐스테이트 대명 센트럴,27,대구,2021-02-26,2021,1,196,56200,12.11,101.7,84.5272,0.0
2021000075,힐스테이트 대명 센트럴,27,대구,2021-02-26,2021,1,47,56200,8.88,101.7,84.5208,0.0
2021000075,힐스테이트 대명 센트럴,27,대구,2021-02-26,2021,1,148,75000,3.08,101.7,112.0363,0.0
2021000075,힐스테이트 대명 센트럴,27,대구,2021-02-26,2021,1,29,89900,2.52,101.7,150.1766,0.0
2021000071,힐스테이트 광천,29,광주,2021-03-12,2021,1,43,47020,11.67,101.7,70.7877,0.0
2021000071,힐스테이트 광천,29,광주,2021-03-12,2021,1,43,47280,10.72,101.7,70.7285,0.0
2021000071,힐스테이트 광천,29,광주,2021-03-12,2021,1,39,55880,62.28,101.7,84.3359,0.0
2021000071,힐스테이트 광천,29,광주,2021-03-12,2021,1,27,56630,61.89,101.7,84.9041,0.0
2021000069,e편한세상 거제 유로스카이,48,경남,2021-04-19,2021,2,375,43000,13.04,101.7,84.9372,0.0
2021000069,e편한세상 거제 유로스카이,48,경남,2021-04-19,2021,2,122,42400,4.04,101.7,84.9222,0.0
2021000068,만강아파트,41,경기,2021-04-30,2021,2,11,36700,2.45,101.7,64.88,0.0
2021000068,만강아파트,41,경기,2021-04-30,2021,2,11,36400,1.75,101.7,66.48,0.0
2021000068,만강아파트,41,경기,2021-04-30,2021,2,11,38800,2.64,101.7,66.48,0.0
2021000068,만강아파트,41,경기,2021-04-30,2021,2,11,39500,8.45,101.7,69.42,0.0
2021000066,대전 한신더휴 리저브,30,대전,2021-02-25,2021,1,64,43700,12.88,101.7,75.2788,0.0
2021000066,대전 한신더휴 리저브,30,대전,2021-02-25,2021,1,19,44300,20.37,101.7,76.9541,0.0
2021000066,대전 한신더휴 리저브,30,대전,2021-02-25,2021,1,45,47900,28.8,101.7,84.9648,0.0
2021000066,대전 한신더휴 리저브,30,대전,2021-02-25,2021,1,81,47800,30.6,101.7,84.9886,0.0
2021000065,청주 동남지구 B8블록 호반써밋 브룩사이드,43,충북,2021-02-26,2021,1,149,28070,7.29,101.7,74.9713,0.0
2021000065,청주 동남지구 B8블록 호반써밋 브룩사이드,43,충북,2021-02-26,2021,1,23,27370,9.65,101.7,74.9132,0.0
2021000065,청주 동남지구 B8블록 호반써밋 브룩사이드,43,충북,2021-02-26,2021,1,345,31270,24.61,101.7,84.9481,0.0
2021000063,디 엘본 S136,48,경남,2021-03-26,2021,1,22,39539,6.0,101.7,84.372,0.0
2021000063,디 엘본 S136,48,경남,2021-03-26,2021,1,13,38702,1.88,101.7,84.28,0.0
2021000062,더샵 센트로,44,충남,2021-03-11,2021,1,19,32190,16.26,101.7,76.903,0.0
2021000062,더샵 센트로,44,충남,2021-03-11,2021,1,41,31410,10.32,101.7,76.798,0.0
2021000062,더샵 센트로,44,충남,2021-03-11,2021,1,188,36490,36.68,101.7,84.982,0.0
2021000062,더샵 센트로,44,충남,2021-03-11,2021,1,95,35290,10.62,101.7,84.779,0.0
2021000062,더샵 센트로,44,충남,2021-03-11,2021,1,101,35180,13.17,101.7,84.819,0.0
2021000060,안산 중흥S-클래스 더퍼스트,41,경기,2021-02-18,2021,1,169,36100,2.9,101.7,59.6588,0.0
2021000060,안산 중흥S-클래스 더퍼스트,41,경기,2021-02-18,2021,1,92,35600,1.14,101.7,59.6588,0.0
2021000060,안산 중흥S-클래스 더퍼스트,41,경기,2021-02-18,2021,1,66,35400,1.23,101.7,59.8753,0.0
2021000060,안산 중흥S-클래스 더퍼스트,41,경기,2021-02-18,2021,1,23,48100,16.09,101.7,84.8856,0.0
2021000060,안산 중흥S-클래스 더퍼스트,41,경기,2021-02-18,2021,1,24,47500,4.25,101.7,84.9591,0.0
2021000060,안산 중흥S-클래스 더퍼스트,41,경기,2021-02-18,2021,1,73,46700,2.36,101.7,84.9334,0.0
2021000059,김포마송택지지구 디에트르,41,경기,2021-02-19,2021,1,22,29048,108.75,101.7,59.9306,61.0
2021000059,김포마송택지지구 디에트르,41,경기,2021-02-19,2021,1,61,28124,45.33,101.7,59.9115,55.0
2021000059,김포마송택지지구 디에트르,41,경기,2021-02-19,2021,1,56,27433,41.27,101.7,59.9961,52.0
2021000059,김포마송택지지구 디에트르,41,경기,2021-02-19,2021,1,88,26143,30.33,101.7,59.9747,49.0
2021000057,고덕강일 제일풍경채,11,서울,2021-02-18,2021,1,96,89990,236.71,103.2,84.15,74.0
2021000057,고덕강일 제일풍경채,11,서울,2021-02-18,2021,1,42,86030,188.48,103.2,84.03,69.0
2021000057,고덕강일 제일풍경채,11,서울,2021-02-18,2021,1,26,86930,135.15,103.2,84.1,69.0
2021000057,고덕강일 제일풍경채,11,서울,2021-02-18,2021,1,28,86930,136.71,103.2,84.1,69.0
2021000057,고덕강일 제일풍경채,11,서울,2021-02-18,2021,1,11,87250,127.0,103.2,84.19,69.0
2021000057,고덕강일 제일풍경채,11,서울,2021-02-18,2021,1,9,85280,172.75,103.2,84.27,69.0
2021000057,고덕강일 제일풍경채,11,서울,2021-02-18,2021,1,2,83260,265.0,103.2,84.45,67.0
2021000057,고덕강일 제일풍경채,11,서울,2021-02-18,2021,1,4,86420,227.0,103.2,84.94,65.0
2021000057,고덕강일 제일풍경채,11,서울,2021-02-18,2021,1,2,85030,143.0,103.2,84.87,66.0
2021000057,고덕강일 제일풍경채,11,서울,2021-02-18,2021,1,3,84970,341.0,103.2,84.91,68.0
2021000057,고덕강일 제일풍경채,11,서울,2021-02-18,2021,1,3,85140,299.0,103.2,84.94,65.0
2021000057,고덕강일 제일풍경채,11,서울,2021-02-18,2021,1,2,84490,310.0,103.2,84.95,68.0
2021000057,고덕강일 제일풍경채,11,서울,2021-02-18,2021,1,2,85360,282.0,103.2,84.07,68.0
2021000057,고덕강일 제일풍경채,11,서울,2021-02-18,2021,1,1,84380,96.0,103.2,84.14,0.0
2021000057,고덕강일 제일풍경채,11,서울,2021-02-18,2021,1,1,84380,97.0,103.2,84.14,0.0
2021000057,고덕강일 제일풍경채,11,서울,2021-02-18,2021,1,11,86390,126.0,103.2,84.67,67.0
2021000057,고덕강일 제일풍경채,11,서울,2021-02-18,2021,1,5,89990,237.5,103.2,84.23,69.0
2021000057,고덕강일 제일풍경채,11,서울,2021-02-18,2021,1,3,89990,452.0,103.2,84.72,74.0
2021000057,고덕강일 제일풍경채,11,서울,2021-02-18,2021,1,2,85710,335.0,103.2,84.32,69.0
2021000057,고덕강일 제일풍경채,11,서울,2021-02-18,2021,1,1,89990,124.0,103.2,84.5,0.0
2021000057,고덕강일 제일풍경채,11,서울,2021-02-18,2021,1,6,83990,159.67,103.2,84.02,69.0
2021000057,고덕강일 제일풍경채,11,서울,2021-02-18,2021,1,7,85190,195.0,103.2,84.64,69.0
2021000057,고덕강일 제일풍경채,11,서울,2021-02-18,2021,1,5,86790,226.0,103.2,84.28,69.0
2021000057,고덕강일 제일풍경채,11,서울,2021-02-18,2021,1,82,108660,629.76,103.2,101.04,69.0
2021000057,고덕강일 제일풍경채,11,서울,2021-02-18,2021,1,37,104420,322.61,103.2,101.05,67.0
2021000057,고덕강일 제일풍경채,11,서울,2021-02-18,2021,1,76,101550,332.66,103.2,101.27,66.0
2021000057,고덕강일 제일풍경채,11,서울,2021-02-18,2021,1,24,100670,243.42,103.2,101.3,65.0
2021000056,자양 하늘채 베르,11,서울,2021-02-18,2021,1,13,51110,405.69,103.2,46.973,0.0
2021000056,자양 하늘채 베르,11,서울,2021-02-18,2021,1,14,51720,331.79,103.2,46.971,0.0
2021000049,다사동의센트럴파크,27,대구,2021-03-03,2021,1,65,46900,32.0,101.7,84.3927,0.0
2021000049,다사동의센트럴파크,27,대구,2021-03-03,2021,1,4,57900,4.75,101.7,84.8704,0.0
2021000048,양평역 한라비발디 2단지,41,경기,2021-02-19,2021,1,21,31200,2.1,101.7,59.9846,0.0
2021000048,양평역 한라비발디 2단지,41,경기,2021-02-19,2021,1,78,30890,56.0,101.7,59.739,0.0
2021000048,양평역 한라비발디 2단지,41,경기,2021-02-19,2021,1,79,37200,1.2,101.7,74.3968,0.0
2021000048,양평역 한라비발디 2단지,41,경기,2021-02-19,2021,1,155,42500,3.03,101.7,84.4831,0.0
2021000048,양평역 한라비발디 2단지,41,경기,2021-02-19,2021,1,80,42080,1.35,101.7,84.9498,0.0
2021000047,양평역 한라비발디 1단지,41,경기,2021-02-19,2021,1,41,31510,2.07,101.7,59.9846,0.0
2021000047,양평역 한라비발디 1단지,41,경기,2021-02-19,2021,1,40,31200,127.33,101.7,59.739,0.0
2021000047,양평역 한라비발디 1단지,41,경기,2021-02-19,2021,1,75,37570,1.89,101.7,74.3968,0.0
2021000047,양평역 한라비발디 1단지,41,경기,2021-02-19,2021,1,130,42930,5.07,101.7,84.4831,0.0
2021000047,양평역 한라비발디 1단지,41,경기,2021-02-19,2021,1,76,42500,1.17,101.7,84.9498,0.0
2021000045,더샵 오포센트리체,41,경기,2021-02-08,2021,1,95,36565,3.85,101.7,59.96,0.0
2021000045,더샵 오포센트리체,41,경기,2021-02-08,2021,1,27,36473,3.33,101.7,59.98,0.0
2021000045,더샵 오포센트리체,41,경기,2021-02-08,2021,1,98,35200,3.41,101.7,59.97,0.0
2021000045,더샵 오포센트리체,41,경기,2021-02-08,2021,1,74,45295,5.03,101.7,76.99,0.0
2021000045,더샵 오포센트리체,41,경기,2021-02-08,2021,1,91,43661,4.55,101.7,76.99,0.0
2021000045,더샵 오포센트리체,41,경기,2021-02-08,2021,1,106,49874,8.6,101.7,84.96,0.0
2021000045,더샵 오포센트리체,41,경기,2021-02-08,2021,1,85,49512,10.82,101.7,84.98,0.0
2021000045,더샵 오포센트리체,41,경기,2021-02-08,2021,1,69,49592,6.48,101.7,84.98,0.0
2021000045,더샵 오포센트리체,41,경기,2021-02-08,2021,1,112,47689,7.01,101.7,84.98,0.0
2021000043,평택지제역자이,41,경기,2021-07-23,2021,3,54,33920,22.74,101.7,59.9892,0.0
2021000043,평택지제역자이,41,경기,2021-07-23,2021,3,54,34720,18.96,101.7,59.9965,0.0
2021000043,평택지제역자이,41,경기,2021-07-23,2021,3,55,42060,23.42,101.7,74.9916,0.0
2021000043,평택지제역자이,41,경기,2021-07-23,2021,3,53,42660,18.79,101.7,74.9946,0.0
2021000043,평택지제역자이,41,경기,2021-07-23,2021,3,130,48780,34.13,101.7,84.9953,0.0
2021000043,평택지제역자이,41,경기,2021-07-23,2021,3,130,48680,21.61,101.7,84.9807,0.0
2021000043,평택지제역자이,41,경기,2021-07-23,2021,3,44,56000,56.34,101.7,97.9855,0.0
2021000043,평택지제역자이,41,경기,2021-07-23,2021,3,43,55880,61.86,101.7,97.9935,0.0
2021000043,평택지제역자이,41,경기,2021-07-23,2021,3,3,59760,68.0,101.7,99.9867,0.0
2021000043,평택지제역자이,41,경기,2021-07-23,2021,3,2,69230,99.0,101.7,113.9887,0.0
2021000042,아산 탕정 삼성트라팰리스,44,충남,2021-02-08,2021,1,67,24766,62.28,101.7,73.9348,0.0
2021000042,아산 탕정 삼성트라팰리스,44,충남,2021-02-08,2021,1,30,26369,141.83,101.7,83.4986,0.0
2021000042,아산 탕정 삼성트라팰리스,44,충남,2021-02-08,2021,1,14,25494,218.0,101.7,84.68,0.0
2021000038,심곡본동 한울에이치밸리움 디그니어스,41,경기,2021-02-16,2021,1,7,37630,1.43,101.7,53.991,0.0
2021000038,심곡본동 한울에이치밸리움 디그니어스,41,경기,2021-02-16,2021,1,8,38370,1.38,101.7,55.407,0.0
2021000038,심곡본동 한울에이치밸리움 디그니어스,41,경기,2021-02-16,2021,1,7,37070,135.5,101.7,58.17,0.0
2021000038,심곡본동 한울에이치밸리움 디그니어스,41,경기,2021-02-16,2021,1,6,37790,4.67,101.7,59.691,0.0
2021000038,심곡본동 한울에이치밸리움 디그니어스,41,경기,2021-02-16,2021,1,3,33580,4.33,101.7,59.365,0.0
2021000034,한화 포레나 수원장안,41,경기,2021-02-08,2021,1,82,51019,14.1,101.7,64.9862,0.0
2021000034,한화 포레나 수원장안,41,경기,2021-02-08,2021,1,85,50565,11.35,101.7,64.7946,0.0
2021000034,한화 포레나 수원장안,41,경기,2021-02-08,2021,1,243,61615,16.58,101.7,84.9666,0.0
2021000034,한화 포레나 수원장안,41,경기,2021-02-08,2021,1,133,61669,14.95,101.7,84.969,0.0
2021000033,e편한세상 영종국제도시 센텀베뉴,28,인천,2021-01-29,2021,1,129,38700,34.23,101.7,84.9927,54.0
2021000033,e편한세상 영종국제도시 센텀베뉴,28,인천,2021-01-29,2021,1,6,38060,33.0,101.7,84.9922,48.0
2021000033,e편한세상 영종국제도시 센텀베뉴,28,인천,2021-01-29,2021,1,120,38550,6.13,101.7,84.9819,29.0
2021000033,e편한세상 영종국제도시 센텀베뉴,28,인천,2021-01-29,2021,1,11,34030,26.0,101.7,84.9927,54.0
2021000033,e편한세상 영종국제도시 센텀베뉴,28,인천,2021-01-29,2021,1,12,33690,12.83,101.7,84.9819,29.0
2021000033,e편한세상 영종국제도시 센텀베뉴,28,인천,2021-01-29,2021,1,163,44370,12.0,101.7,98.0425,53.0
2021000033,e편한세상 영종국제도시 센텀베뉴,28,인천,2021-01-29,2021,1,252,44390,10.13,101.7,98.0214,46.0
2021000033,e편한세상 영종국제도시 센텀베뉴,28,인천,2021-01-29,2021,1,3,39010,99.0,101.7,98.0425,53.0
2021000033,e편한세상 영종국제도시 센텀베뉴,28,인천,2021-01-29,2021,1,4,39030,45.5,101.7,98.0214,46.0
2021000032,양주 옥정 the1 파크빌리지,41,경기,2021-01-29,2021,1,304,41130,25.0,101.7,84.996,0.0
2021000032,양주 옥정 the1 파크빌리지,41,경기,2021-01-29,2021,1,87,41130,39.0,101.7,84.939,0.0
2021000029,더샵 송도 마리나베이,28,인천,2021-02-09,2021,1,3,65200,208.0,101.7,74.8994,49.0
2021000029,더샵 송도 마리나베이,28,인천,2021-02-09,2021,1,11,65300,98.8,101.7,74.9894,50.0
2021000029,더샵 송도 마리나베이,28,인천,2021-02-09,2021,1,16,77500,228.38,101.7,84.9738,59.0
2021000029,더샵 송도 마리나베이,28,인천,2021-02-09,2021,1,11,77900,97.6,101.7,84.916,50.0
2021000029,더샵 송도 마리나베이,28,인천,2021-02-09,2021,1,5,78400,180.5,101.7,84.9766,53.0
2021000029,더샵 송도 마리나베이,28,인천,2021-02-09,2021,1,8,74100,47.5,101.7,84.2262,44.0
2021000029,더샵 송도 마리나베이,28,인천,2021-02-09,2021,1,9,74700,79.75,101.7,84.202,46.0
2021000029,더샵 송도 마리나베이,28,인천,2021-02-09,2021,1,6,77200,59.0,101.7,84.4546,43.0
2021000029,더샵 송도 마리나베이,28,인천,2021-02-09,2021,1,2,71400,206.0,101.7,84.7583,48.0
2021000028,대봉교역 금호어울림 에듀리버,27,대구,2021-02-19,2021,1,37,37690,3.81,101.7,59.5251,0.0
2021000028,대봉교역 금호어울림 에듀리버,27,대구,2021-02-19,2021,1,4,37840,3.75,101.7,59.6207,0.0
2021000028,대봉교역 금호어울림 에듀리버,27,대구,2021-02-19,2021,1,51,46290,2.86,101.7,73.17,0.0
2021000028,대봉교역 금호어울림 에듀리버,27,대구,2021-02-19,2021,1,38,47670,11.89,101.7,74.4741,0.0
2021000028,대봉교역 금호어울림 에듀리버,27,대구,2021-02-19,2021,1,5,53760,112.2,101.7,84.2063,0.0
2021000027,대구역 SD아이프라임,27,대구,2021-04-09,2021,2,16,48000,1.16,101.7,84.9772,0.0
2021000026,세종 리첸시아 파밀리에 H3블록,36,세종,2021-01-22,2021,1,29,33760,66.93,101.7,59.718,59.0
2021000026,세종 리첸시아 파밀리에 H3블록,36,세종,2021-01-22,2021,1,3,33090,94.0,101.7,59.5231,55.0
2021000026,세종 리첸시아 파밀리에 H3블록,36,세종,2021-01-22,2021,1,2,33290,37.0,101.7,59.8304,46.0
2021000026,세종 리첸시아 파밀리에 H3블록,36,세종,2021-01-22,2021,1,5,34460,42.0,101.7,59.9515,52.0
2021000026,세종 리첸시아 파밀리에 H3블록,36,세종,2021-01-22,2021,1,4,34080,46.0,101.7,59.6804,53.0
2021000026,세종 리첸시아 파밀리에 H3블록,36,세종,2021-01-22,2021,1,2,32830,50.5,101.7,59.8585,50.0
2021000026,세종 리첸시아 파밀리에 H3블록,36,세종,2021-01-22,2021,1,5,33320,63.0,101.7,59.5657,55.0
2021000026,세종 리첸시아 파밀리에 H3블록,36,세종,2021-01-22,2021,1,5,33580,99.0,101.7,59.1971,59.0
2021000026,세종 리첸시아 파밀리에 H3블록,36,세종,2021-01-22,2021,1,2,33430,81.0,101.7,59.8718,60.0
2021000026,세종 리첸시아 파밀리에 H3블록,36,세종,2021-01-22,2021,1,12,46930,96.0,101.7,84.0,62.0
2021000026,세종 리첸시아 파밀리에 H3블록,36,세종,2021-01-22,2021,1,15,46780,94.0,101.7,84.4858,58.0
2021000026,세종 리첸시아 파밀리에 H3블록,36,세종,2021-01-22,2021,1,7,45850,131.0,101.7,84.8445,61.0
2021000026,세종 리첸시아 파밀리에 H3블록,36,세종,2021-01-22,2021,1,8,46170,100.25,101.7,84.9196,58.0
2021000026,세종 리첸시아 파밀리에 H3블록,36,세종,2021-01-22,2021,1,2,42660,133.0,101.7,84.8512,64.0
2021000026,세종 리첸시아 파밀리에 H3블록,36,세종,2021-01-22,2021,1,2,46290,153.0,101.7,84.7973,54.0
2021000026,세종 리첸시아 파밀리에 H3블록,36,세종,2021-01-22,2021,1,7,47670,136.0,101.7,84.6564,55.0
2021000026,세종 리첸시아 파밀리에 H3블록,36,세종,2021-01-22,2021,1,2,45280,124.0,101.7,84.2128,60.0
2021000026,세종 리첸시아 파밀리에 H3블록,36,세종,2021-01-22,2021,1,3,44740,169.0,101.7,84.8257,61.0
2021000026,세종 리첸시아 파밀리에 H3블록,36,세종,2021-01-22,2021,1,7,47280,105.67,101.7,84.7851,59.0
2021000026,세종 리첸시아 파밀리에 H3블록,36,세종,2021-01-22,2021,1,3,43820,165.0,101.7,84.7172,61.0
2021000026,세종 리첸시아 파밀리에 H3블록,36,세종,2021-01-22,2021,1,3,46840,337.0,101.7,84.5053,67.0
2021000026,세종 리첸시아 파밀리에 H3블록,36,세종,2021-01-22,2021,1,3,46540,1976.0,101.7,90.634,67.0
2021000026,세종 리첸시아 파밀리에 H3블록,36,세종,2021-01-22,2021,1,13,57610,913.83,101.7,112.9028,64.0
2021000026,세종 리첸시아 파밀리에 H3블록,36,세종,2021-01-22,2021,1,16,60180,976.5,101.7,112.4722,64.0
2021000026,세종 리첸시아 파밀리에 H3블록,36,세종,2021-01-22,2021,1,4,56150,535.5,101.7,112.3705,64.0
2021000026,세종 리첸시아 파밀리에 H3블록,36,세종,2021-01-22,2021,1,1,71840,532.0,101.7,112.8273,0.0
2021000025,세종 리첸시아 파밀리에 H2블록,36,세종,2021-01-22,2021,1,18,32420,121.0,101.7,59.718,56.0
2021000025,세종 리첸시아 파밀리에 H2블록,36,세종,2021-01-22,2021,1,6,32600,88.67,101.7,59.454,58.0
2021000025,세종 리첸시아 파밀리에 H2블록,36,세종,2021-01-22,2021,1,4,32940,45.0,101.7,59.6716,57.0
2021000025,세종 리첸시아 파밀리에 H2블록,36,세종,2021-01-22,2021,1,2,33090,52.5,101.7,59.9515,34.0
2021000025,세종 리첸시아 파밀리에 H2블록,36,세종,2021-01-22,2021,1,2,32720,77.0,101.7,59.6804,57.0
2021000025,세종 리첸시아 파밀리에 H2블록,36,세종,2021-01-22,2021,1,1,32330,12.0,101.7,59.7214,0.0
2021000025,세종 리첸시아 파밀리에 H2블록,36,세종,2021-01-22,2021,1,3,31910,165.0,101.7,59.5677,59.0
2021000025,세종 리첸시아 파밀리에 H2블록,36,세종,2021-01-22,2021,1,1,32250,93.0,101.7,59.825,52.0
2021000025,세종 리첸시아 파밀리에 H2블록,36,세종,2021-01-22,2021,1,3,40290,416.0,101.7,74.5433,64.0
2021000025,세종 리첸시아 파밀리에 H2블록,36,세종,2021-01-22,2021,1,20,45080,176.0,101.7,84.0,58.0
2021000025,세종 리첸시아 파밀리에 H2블록,36,세종,2021-01-22,2021,1,2,42380,362.0,101.7,84.6847,64.0
2021000025,세종 리첸시아 파밀리에 H2블록,36,세종,2021-01-22,2021,1,35,44940,157.53,101.7,84.0,58.0
2021000025,세종 리첸시아 파밀리에 H2블록,36,세종,2021-01-22,2021,1,38,44350,156.95,101.7,84.0,58.0
2021000025,세종 리첸시아 파밀리에 H2블록,36,세종,2021-01-22,2021,1,2,42590,204.0,101.7,84.9279,57.0
2021000025,세종 리첸시아 파밀리에 H2블록,36,세종,2021-01-22,2021,1,3,44470,196.0,101.7,84.7973,59.0
2021000025,세종 리첸시아 파밀리에 H2블록,36,세종,2021-01-22,2021,1,7,44790,131.33,101.7,84.0,58.0
2021000025,세종 리첸시아 파밀리에 H2블록,36,세종,2021-01-22,2021,1,2,44470,118.0,101.7,84.9135,44.0
2021000025,세종 리첸시아 파밀리에 H2블록,36,세종,2021-01-22,2021,1,6,43760,355.33,101.7,84.2536,65.0
2021000025,세종 리첸시아 파밀리에 H2블록,36,세종,2021-01-22,2021,1,3,41890,77.0,101.7,84.0,58.0
2021000025,세종 리첸시아 파밀리에 H2블록,36,세종,2021-01-22,2021,1,2,41410,272.0,101.7,84.9517,57.0
2021000025,세종 리첸시아 파밀리에 H2블록,36,세종,2021-01-22,2021,1,6,45320,103.33,101.7,84.3926,60.0
2021000025,세종 리첸시아 파밀리에 H2블록,36,세종,2021-01-22,2021,1,1,42340,45.0,101.7,84.7244,0.0
2021000025,세종 리첸시아 파밀리에 H2블록,36,세종,2021-01-22,2021,1,7,45960,334.0,101.7,84.2574,69.0
2021000025,세종 리첸시아 파밀리에 H2블록,36,세종,2021-01-22,2021,1,26,45680,2099.85,101.7,90.2246,66.0
2021000025,세종 리첸시아 파밀리에 H2블록,36,세종,2021-01-22,2021,1,4,46620,1035.0,101.7,90.2198,56.0
2021000025,세종 리첸시아 파밀리에 H2블록,36,세종,2021-01-22,2021,1,4,45430,813.0,101.7,90.4577,57.0
2021000025,세종 리첸시아 파밀리에 H2블록,36,세종,2021-01-22,2021,1,1,57390,456.0,101.7,90.9608,0.0
2021000025,세종 리첸시아 파밀리에 H2블록,36,세종,2021-01-22,2021,1,2,49320,1650.0,101.7,100.8876,69.0
2021000021,가평자이,41,경기,2021-01-22,2021,1,64,25420,1.46,101.7,59.9644,0.0
2021000021,가평자이,41,경기,2021-01-22,2021,1,23,25520,19.0,101.7,59.958,0.0
2021000021,가평자이,41,경기,2021-01-22,2021,1,8,24540,20.4,101.7,59.8333,0.0
2021000021,가평자이,41,경기,2021-01-22,2021,1,49,32320,1.76,101.7,76.9746,0.0
2021000021,가평자이,41,경기,2021-01-22,2021,1,90,35480,7.66,101.7,84.9777,0.0
2021000004,e편한세상 가평 퍼스트원,41,경기,2021-01-19,2021,1,51,23350,51.0,101.7,59.7245,0.0
2021000004,e편한세상 가평 퍼스트원,41,경기,2021-01-19,2021,1,20,28664,24.0,101.7,74.6111,0.0
2021000004,e편한세상 가평 퍼스트원,41,경기,2021-01-19,2021,1,33,29270,17.0,101.7,74.7567,0.0
2021000004,e편한세상 가평 퍼스트원,41,경기,2021-01-19,2021,1,34,28783,55.0,101.7,74.9267,0.0
2021000004,e편한세상 가평 퍼스트원,41,경기,2021-01-19,2021,1,87,32919,2.33,101.7,84.8286,0.0
2021000004,e편한세상 가평 퍼스트원,41,경기,2021-01-19,2021,1,12,32989,23.0,101.7,84.8046,0.0
2021000001,수성 더팰리스 푸르지오 더샵,27,대구,2021-01-21,2021,1,115,35900,1.14,101.7,59.776,0.0
2021000001,수성 더팰리스 푸르지오 더샵,27,대구,2021-01-21,2021,1,177,35900,1.36,101.7,59.776,0.0
2021000001,수성 더팰리스 푸르지오 더샵,27,대구,2021-01-21,2021,1,16,46800,6.69,101.7,75.6439,0.0
2021000001,수성 더팰리스 푸르지오 더샵,27,대구,2021-01-21,2021,1,82,47200,3.35,101.7,75.9914,0.0
2021000001,수성 더팰리스 푸르지오 더샵,27,대구,2021-01-21,2021,1,68,47200,1.67,101.7,75.9914,0.0
2021000001,수성 더팰리스 푸르지오 더샵,27,대구,2021-01-21,2021,1,32,54800,31.44,101.7,84.9516,0.0
2021000001,수성 더팰리스 푸르지오 더샵,27,대구,2021-01-21,2021,1,33,54800,17.24,101.7,84.9516,0.0
2020001464,송도자이 크리스탈오션,28,인천,2021-01-15,2021,1,46,75900,76.17,101.7,84.9138,56.0
2020001464,송도자이 크리스탈오션,28,인천,2021-01-15,2021,1,46,74200,29.26,101.7,84.9176,48.0
2020001464,송도자이 크리스탈오션,28,인천,2021-01-15,2021,1,52,76500,23.81,101.7,84.9896,46.0
2020001464,송도자이 크리스탈오션,28,인천,2021-01-15,2021,1,66,76400,42.15,101.7,84.9717,52.0
2020001464,송도자이 크리스탈오션,28,인천,2021-01-15,2021,1,33,77400,36.69,101.7,84.8709,55.0
2020001464,송도자이 크리스탈오션,28,인천,2021-01-15,2021,1,33,78200,23.69,101.7,84.9273,48.0
2020001464,송도자이 크리스탈오션,28,인천,2021-01-15,2021,1,18,77300,47.56,101.7,84.9896,46.0
2020001464,송도자이 크리스탈오션,28,인천,2021-01-15,2021,1,118,87100,47.59,101.7,98.9965,52.0
2020001464,송도자이 크리스탈오션,28,인천,2021-01-15,2021,1,122,87800,65.25,101.7,98.9044,53.0
2020001464,송도자이 크리스탈오션,28,인천,2021-01-15,2021,1,116,88000,66.26,101.7,98.9462,53.0
2020001464,송도자이 크리스탈오션,28,인천,2021-01-15,2021,1,62,87300,32.58,101.7,98.8104,39.0
2020001464,송도자이 크리스탈오션,28,인천,2021-01-15,2021,1,150,101300,14.91,101.7,110.9168,39.0
2020001464,송도자이 크리스탈오션,28,인천,2021-01-15,2021,1,73,134700,31.28,101.7,132.9255,54.0
2020001464,송도자이 크리스탈오션,28,인천,2021-01-15,2021,1,4,173700,14.0,101.7,139.4482,45.0
2020001464,송도자이 크리스탈오션,28,인천,2021-01-15,2021,1,6,180700,1.67,101.7,144.5944,0.0
2020001464,송도자이 크리스탈오션,28,인천,2021-01-15,2021,1,6,178800,7.0,101.7,144.5944,0.0
2020001464,송도자이 크리스탈오션,28,인천,2021-01-15,2021,1,4,188300,13.5,101.7,147.9493,55.0
2020001464,송도자이 크리스탈오션,28,인천,2021-01-15,2021,1,4,195800,12.5,101.7,151.7761,25.0
2020001464,송도자이 크리스탈오션,28,인천,2021-01-15,2021,1,6,212400,8.67,101.7,162.9253,56.0
2020001464,송도자이 크리스탈오션,28,인천,2021-01-15,2021,1,6,222900,2.0,101.7,171.8436,0.0
2020001464,송도자이 크리스탈오션,28,인천,2021-01-15,2021,1,6,254700,4.67,101.7,198.9647,0.0
2020001464,송도자이 크리스탈오션,28,인천,2021-01-15,2021,1,2,264500,25.0,101.7,205.8933,53.0
2020001462,운암동 한국아델리움57 에듀힐즈,29,광주,2021-01-08,2021,1,15,54190,30.4,101.7,84.9917,0.0
2020001462,운암동 한국아델리움57 에듀힐즈,29,광주,2021-01-08,2021,1,15,70870,1.12,101.7,106.737,0.0
2020001462,운암동 한국아델리움57 에듀힐즈,29,광주,2021-01-08,2021,1,16,70580,1.47,101.7,107.9988,0.0
2020001462,운암동 한국아델리움57 에듀힐즈,29,광주,2021-01-08,2021,1,16,73450,2.63,101.7,111.1371,0.0
2020001461,안락 스위첸,26,부산,2021-03-19,2021,1,32,55480,87.81,101.7,84.9085,0.0
2020001461,안락 스위첸,26,부산,2021-03-19,2021,1,32,55410,62.56,101.7,84.5942,0.0
2020001461,안락 스위첸,26,부산,2021-03-19,2021,1,35,55140,51.69,101.7,84.9628,0.0
2020001461,안락 스위첸,26,부산,2021-03-19,2021,1,31,66880,39.23,101.7,101.2906,0.0
2020001457,모티 더베스트빌,26,부산,2021-01-07,2021,1,6,37650,2.33,101.7,50.4843,0.0
2020001457,모티 더베스트빌,26,부산,2021-01-07,2021,1,1,36650,13.0,101.7,50.4843,0.0
2020001457,모티 더베스트빌,26,부산,2021-01-07,2021,1,27,38600,1.07,101.7,51.5556,0.0
2020001453,다산 월드메르디앙 엔라체,47,경북,2021-02-08,2021,1,68,25590,1.23,101.7,72.8941,0.0
2020001453,다산 월드메르디앙 엔라체,47,경북,2021-02-08,2021,1,9,29370,5.0,101.7,84.5935,0.0
2020001453,다산 월드메르디앙 엔라체,47,경북,2021-02-08,2021,1,44,29590,2.6,101.7,84.9532,0.0
2020001452,구미IC 광신프로그레스,47,경북,2020-12-30,2020,4,57,37360,13.64,101.7,84.9305,0.0
2020001452,구미IC 광신프로그레스,47,경북,2020-12-30,2020,4,24,36860,5.29,101.7,84.9825,0.0
2020001452,구미IC 광신프로그레스,47,경북,2020-12-30,2020,4,15,36850,7.95,101.7,84.983,0.0
2020001451,의정부 고산 수자인 디에스티지 C4BL,41,경기,2021-01-08,2021,1,41,34600,90.5,101.7,69.6146,57.0
2020001451,의정부 고산 수자인 디에스티지 C4BL,41,경기,2021-01-08,2021,1,20,34900,84.5,101.7,69.9644,54.0
2020001451,의정부 고산 수자인 디에스티지 C4BL,41,경기,2021-01-08,2021,1,202,42000,71.83,101.7,84.9079,59.0
2020001451,의정부 고산 수자인 디에스티지 C4BL,41,경기,2021-01-08,2021,1,247,47500,83.29,101.7,101.6482,57.0
2020001451,의정부 고산 수자인 디에스티지 C4BL,41,경기,2021-01-08,2021,1,108,53300,57.23,101.7,125.8894,55.0
2020001450,의정부 고산 수자인 디에스티지 C3BL,41,경기,2021-01-08,2021,1,386,38200,63.62,101.7,79.9971,53.0
2020001450,의정부 고산 수자인 디에스티지 C3BL,41,경기,2021-01-08,2021,1,91,38900,70.83,101.7,79.9701,53.0
2020001449,의정부 고산 수자인 디에스티지 C1BL,41,경기,2021-01-08,2021,1,91,38600,214.17,101.7,79.9971,52.0
2020001449,의정부 고산 수자인 디에스티지 C1BL,41,경기,2021-01-08,2021,1,10,39000,541.0,101.7,79.9701,52.0
2020001447,더샵 지제역 센트럴파크2BL,41,경기,2021-01-28,2021,1,12,36223,13.58,101.7,59.6236,0.0
2020001447,더샵 지제역 센트럴파크2BL,41,경기,2021-01-28,2021,1,12,36430,12.33,101.7,59.7656,0.0
2020001447,더샵 지제역 센트럴파크2BL,41,경기,2021-01-28,2021,1,8,40390,34.13,101.7,74.9929,0.0
2020001447,더샵 지제역 센트럴파크2BL,41,경기,2021-01-28,2021,1,11,43462,34.0,101.7,74.9744,0.0
2020001447,더샵 지제역 센트럴파크2BL,41,경기,2021-01-28,2021,1,3,48343,95.67,101.7,83.7111,0.0
2020001447,더샵 지제역 센트럴파크2BL,41,경기,2021-01-28,2021,1,1,50318,275.0,101.7,84.7982,0.0
2020001441,KTX포항역 삼구 트리니엔,47,경북,2020-12-31,2020,4,43,23950,13.0,101.7,59.9951,0.0
2020001441,KTX포항역 삼구 트리니엔,47,경북,2020-12-31,2020,4,161,24980,1.51,101.7,67.9916,0.0
2020001441,KTX포항역 삼구 트리니엔,47,경북,2020-12-31,2020,4,337,32590,4.85,101.7,84.9947,0.0
2020001441,KTX포항역 삼구 트리니엔,47,경북,2020-12-31,2020,4,43,32590,13.35,101.7,84.9727,0.0
2020001429,일신건영휴먼하임,41,경기,2020-12-28,2020,4,8,33779,1.38,101.7,49.0474,0.0
2020001429,일신건영휴먼하임,41,경기,2020-12-28,2020,4,4,34689,67.0,101.7,49.2365,0.0
2020001429,일신건영휴먼하임,41,경기,2020-12-28,2020,4,4,36577,5.0,101.7,52.0405,0.0
2020001424,한양수자인2차아파트,44,충남,2020-12-24,2020,4,9,20000,8.0,101.7,51.7492,0.0
2020001424,한양수자인2차아파트,44,충남,2020-12-24,2020,4,13,20000,9.0,101.7,52.4137,0.0
2020001424,한양수자인2차아파트,44,충남,2020-12-24,2020,4,1,21000,6.0,101.7,52.5802,0.0
2020001423,충무동 마린힐즈,48,경남,2020-12-31,2020,4,11,21986,13.0,101.7,61.6866,0.0
2020001423,충무동 마린힐즈,48,경남,2020-12-31,2020,4,2,21192,2.0,101.7,61.6866,0.0
2020001419,포천 송우 1 서희스타힐스,41,경기,2021-02-10,2021,1,9,35196,16.67,101.7,84.638,0.0
2020001416,아산 삼부르네상스 더힐,44,충남,2020-12-23,2020,4,31,24800,21.0,101.7,74.9021,0.0
2020001416,아산 삼부르네상스 더힐,44,충남,2020-12-23,2020,4,104,27900,1.45,101.7,84.9765,0.0
2020001415,강릉자이 파인베뉴,51,강원,2020-12-31,2020,4,77,33700,2.18,101.7,74.9843,0.0
2020001415,강릉자이 파인베뉴,51,강원,2020-12-31,2020,4,78,35000,10.05,101.7,76.9454,0.0
2020001415,강릉자이 파인베뉴,51,강원,2020-12-31,2020,4,227,38400,17.5,101.7,84.9494,0.0
2020001415,강릉자이 파인베뉴,51,강원,2020-12-31,2020,4,59,37700,7.4,101.7,84.9677,0.0
2020001414,태화강 유블레스 센트럴파크,31,울산,2021-02-08,2021,1,5,56500,113.2,101.7,84.8232,0.0
2020001414,태화강 유블레스 센트럴파크,31,울산,2021-02-08,2021,1,4,56500,62.5,101.7,84.2437,0.0
2020001414,태화강 유블레스 센트럴파크,31,울산,2021-02-08,2021,1,18,45500,5.62,101.7,84.5765,0.0
2020001414,태화강 유블레스 센트럴파크,31,울산,2021-02-08,2021,1,20,46300,5.73,101.7,84.4245,0.0
2020001414,태화강 유블레스 센트럴파크,31,울산,2021-02-08,2021,1,23,56000,22.91,101.7,84.8232,0.0
2020001405,흥해 서희스타힐스 더 캐슬,47,경북,2020-12-24,2020,4,57,19800,1.08,101.7,59.9558,0.0
2020001405,흥해 서희스타힐스 더 캐슬,47,경북,2020-12-24,2020,4,54,23940,4.98,101.7,74.9751,0.0
2020001405,흥해 서희스타힐스 더 캐슬,47,경북,2020-12-24,2020,4,62,26430,21.12,101.7,84.9477,0.0
2020001404,판교밸리자이 3단지,41,경기,2020-12-28,2020,4,34,64700,27.15,101.7,60.9892,0.0
2020001404,판교밸리자이 3단지,41,경기,2020-12-28,2020,4,5,65300,77.4,101.7,60.969,0.0
2020001403,판교밸리자이 2단지,41,경기,2020-12-28,2020,4,51,66100,63.47,101.7,60.9892,0.0
2020001403,판교밸리자이 2단지,41,경기,2020-12-28,2020,4,5,66600,101.6,101.7,60.969,0.0
2020001402,판교밸리자이 1단지,41,경기,2020-12-28,2020,4,33,62400,34.15,101.7,60.9892,0.0
2020001402,판교밸리자이 1단지,41,경기,2020-12-28,2020,4,17,62800,31.76,101.7,60.969,0.0
2020001402,판교밸리자이 1단지,41,경기,2020-12-28,2020,4,6,85600,505.33,101.7,84.9764,0.0
2020001399,부평 캐슬앤더샵 퍼스트,28,인천,2020-12-30,2020,4,370,40700,12.91,101.7,59.9295,0.0
2020001399,부평 캐슬앤더샵 퍼스트,28,인천,2020-12-30,2020,4,102,48300,19.78,101.7,72.6394,0.0
2020001399,부평 캐슬앤더샵 퍼스트,28,인천,2020-12-30,2020,4,68,56900,53.87,101.7,84.9365,0.0
2020001399,부평 캐슬앤더샵 퍼스트,28,인천,2020-12-30,2020,4,41,56300,40.05,101.7,84.8843,0.0
2020001396,오성 센트럴아파트,48,경남,2020-12-24,2020,4,1,20978,3.0,101.7,73.05,0.0
2020001394,한화 포레나 인천연수,28,인천,2021-01-08,2021,1,97,48090,8.62,101.7,84.8512,0.0
2020001394,한화 포레나 인천연수,28,인천,2021-01-08,2021,1,141,48510,13.06,101.7,84.9988,0.0
2020001394,한화 포레나 인천연수,28,인천,2021-01-08,2021,1,56,47050,5.57,101.7,84.9227,0.0
2020001394,한화 포레나 인천연수,28,인천,2021-01-08,2021,1,95,47470,5.06,101.7,84.7127,0.0
2020001393,더샵 디오션시티 2차,52,전북,2021-02-09,2021,1,223,29750,50.73,101.7,84.9918,0.0
2020001393,더샵 디오션시티 2차,52,전북,2021-02-09,2021,1,57,29170,42.46,101.7,84.9933,0.0
2020001393,더샵 디오션시티 2차,52,전북,2021-02-09,2021,1,21,29800,44.24,101.7,84.9719,0.0
2020001391,힐스테이트 감삼 센트럴,27,대구,2020-12-30,2020,4,41,65800,60.17,101.7,84.9628,0.0
2020001391,힐스테이트 감삼 센트럴,27,대구,2020-12-30,2020,4,23,65200,19.43,101.7,84.9429,0.0
2020001391,힐스테이트 감삼 센트럴,27,대구,2020-12-30,2020,4,40,66100,21.75,101.7,84.9325,0.0
2020001391,힐스테이트 감삼 센트럴,27,대구,2020-12-30,2020,4,103,88500,5.28,101.7,108.9759,0.0
2020001391,힐스테이트 감삼 센트럴,27,대구,2020-12-30,2020,4,35,87400,3.59,101.7,108.9552,0.0
2020001391,힐스테이트 감삼 센트럴,27,대구,2020-12-30,2020,4,35,86800,2.24,101.7,108.9338,0.0
2020001391,힐스테이트 감삼 센트럴,27,대구,2020-12-30,2020,4,1,122000,25.0,101.7,145.9204,0.0
2020001391,힐스테이트 감삼 센트럴,27,대구,2020-12-30,2020,4,1,145200,10.0,101.7,175.9769,0.0
2020001389,힐스테이트 용인 둔전역,41,경기,2021-02-09,2021,1,197,29000,1.63,101.7,59.7737,0.0
2020001389,힐스테이트 용인 둔전역,41,경기,2021-02-09,2021,1,27,29000,16.38,101.7,59.8007,0.0
2020001389,힐스테이트 용인 둔전역,41,경기,2021-02-09,2021,1,191,28000,192.0,101.7,59.8827,0.0
2020001389,힐스테이트 용인 둔전역,41,경기,2021-02-09,2021,1,55,34600,3.09,101.7,75.981,0.0
2020001389,힐스테이트 용인 둔전역,41,경기,2021-02-09,2021,1,55,34200,1.16,101.7,75.8008,0.0
2020001389,힐스테이트 용인 둔전역,41,경기,2021-02-09,2021,1,244,38800,4.56,101.7,84.9156,0.0
2020001389,힐스테이트 용인 둔전역,41,경기,2021-02-09,2021,1,93,38400,1.88,101.7,84.8501,0.0
2020001388,고덕신도시 EBC-2BL 힐스테이트 고덕 센트럴,41,경기,2020-12-18,2020,4,34,49200,173.71,101.7,78.1643,56.0
2020001388,고덕신도시 EBC-2BL 힐스테이트 고덕 센트럴,41,경기,2020-12-18,2020,4,70,53100,184.5,101.7,84.3909,59.0
2020001388,고덕신도시 EBC-2BL 힐스테이트 고덕 센트럴,41,경기,2020-12-18,2020,4,70,53600,144.93,101.7,84.3389,60.0
2020001388,고덕신도시 EBC-2BL 힐스테이트 고덕 센트럴,41,경기,2020-12-18,2020,4,78,58800,200.19,101.7,93.1,55.0
2020001388,고덕신도시 EBC-2BL 힐스테이트 고덕 센트럴,41,경기,2020-12-18,2020,4,117,58800,354.74,101.7,93.1175,62.0
2020001388,고덕신도시 EBC-2BL 힐스테이트 고덕 센트럴,41,경기,2020-12-18,2020,4,2,59500,288.0,101.7,93.862,0.0
2020001388,고덕신도시 EBC-2BL 힐스테이트 고덕 센트럴,41,경기,2020-12-18,2020,4,5,59500,639.0,101.7,93.9621,69.0
2020001386,힐스테이트 리슈빌 강일,11,서울,2020-12-18,2020,4,23,75030,365.18,103.2,84.8942,69.0
2020001386,힐스테이트 리슈빌 강일,11,서울,2020-12-18,2020,4,37,75030,260.56,103.2,84.8942,69.0
2020001386,힐스테이트 리슈빌 강일,11,서울,2020-12-18,2020,4,25,75010,166.25,103.2,84.6331,67.0
2020001386,힐스테이트 리슈빌 강일,11,서울,2020-12-18,2020,4,8,75510,258.5,103.2,84.9399,67.0
2020001386,힐스테이트 리슈빌 강일,11,서울,2020-12-18,2020,4,9,75390,293.5,103.2,84.9888,65.0
2020001386,힐스테이트 리슈빌 강일,11,서울,2020-12-18,2020,4,8,69980,271.0,103.2,84.6505,66.0
2020001386,힐스테이트 리슈빌 강일,11,서울,2020-12-18,2020,4,7,73260,281.67,103.2,84.6921,64.0
2020001386,힐스테이트 리슈빌 강일,11,서울,2020-12-18,2020,4,7,73420,383.67,103.2,84.918,67.0
2020001386,힐스테이트 리슈빌 강일,11,서울,2020-12-18,2020,4,35,77340,149.35,103.2,84.7324,69.0
2020001386,힐스테이트 리슈빌 강일,11,서울,2020-12-18,2020,4,74,79520,250.89,103.2,84.8935,69.0
2020001386,힐스테이트 리슈빌 강일,11,서울,2020-12-18,2020,4,9,75480,269.5,103.2,84.9687,67.0
2020001386,힐스테이트 리슈빌 강일,11,서울,2020-12-18,2020,4,44,89990,632.41,103.2,101.7074,65.0
2020001386,힐스테이트 리슈빌 강일,11,서울,2020-12-18,2020,4,37,89990,596.89,103.2,101.7074,65.0
2020001386,힐스테이트 리슈빌 강일,11,서울,2020-12-18,2020,4,72,89800,1210.25,103.2,101.3957,69.0
2020001386,힐스테이트 리슈빌 강일,11,서울,2020-12-18,2020,4,63,89990,635.0,103.2,101.8406,69.0
2020001385,화성 봉담2지구 C-1블록 중흥S-클래스,41,경기,2020-12-18,2020,4,438,42700,29.35,101.7,99.385,46.0
2020001385,화성 봉담2지구 C-1블록 중흥S-클래스,41,경기,2020-12-18,2020,4,178,42200,17.16,101.7,99.7712,33.0
2020001383,화성 봉담2지구 A-5블록 중흥S-클래스,41,경기,2020-12-18,2020,4,134,30500,42.59,101.7,59.9293,42.0
2020001383,화성 봉담2지구 A-5블록 중흥S-클래스,41,경기,2020-12-18,2020,4,80,29500,11.52,101.7,59.9758,18.0
2020001383,화성 봉담2지구 A-5블록 중흥S-클래스,41,경기,2020-12-18,2020,4,77,30000,28.13,101.7,59.9358,32.0
2020001383,화성 봉담2지구 A-5블록 중흥S-클래스,41,경기,2020-12-18,2020,4,57,29000,10.6,101.7,59.9478,10.0
2020001382,파주연풍 양우내안애 에코하임,41,경기,2020-12-14,2020,4,6,22640,5.0,101.7,59.9782,0.0
2020001382,파주연풍 양우내안애 에코하임,41,경기,2020-12-14,2020,4,9,22736,11.0,101.7,59.9868,0.0
2020001382,파주연풍 양우내안애 에코하임,41,경기,2020-12-14,2020,4,2,22791,3.0,101.7,59.9876,0.0
2020001382,파주연풍 양우내안애 에코하임,41,경기,2020-12-14,2020,4,1,22791,5.0,101.7,59.9746,0.0
2020001380,충북 진천음성 혁신도시 C3블럭 동일하이빌 파크테라스,43,충북,2020-12-11,2020,4,19,28361,1.59,101.7,84.9995,0.0
2020001380,충북 진천음성 혁신도시 C3블럭 동일하이빌 파크테라스,43,충북,2020-12-11,2020,4,97,28662,4.47,101.7,84.99,0.0
2020001380,충북 진천음성 혁신도시 C3블럭 동일하이빌 파크테라스,43,충북,2020-12-11,2020,4,19,28363,1.27,101.7,84.99,0.0
2020001380,충북 진천음성 혁신도시 C3블럭 동일하이빌 파크테라스,43,충북,2020-12-11,2020,4,6,27066,8.5,101.7,84.99,0.0
2020001380,충북 진천음성 혁신도시 C3블럭 동일하이빌 파크테라스,43,충북,2020-12-11,2020,4,8,29825,17.25,101.7,84.9979,0.0
2020001374,봉담자이 라피네,41,경기,2021-05-14,2021,2,12,32991,28.75,101.7,59.9885,0.0
2020001374,봉담자이 라피네,41,경기,2021-05-14,2021,2,12,33131,22.08,101.7,59.9907,0.0
2020001374,봉담자이 라피네,41,경기,2021-05-14,2021,2,219,42527,17.26,101.7,84.9847,0.0
2020001374,봉담자이 라피네,41,경기,2021-05-14,2021,2,24,43163,14.08,101.7,84.9804,0.0
2020001374,봉담자이 라피네,41,경기,2021-05-14,2021,2,37,43051,16.11,101.7,84.9795,0.0
2020001374,봉담자이 라피네,41,경기,2021-05-14,2021,2,7,43086,24.14,101.7,84.9757,0.0
2020001374,봉담자이 라피네,41,경기,2021-05-14,2021,2,7,43059,19.57,101.7,84.9746,0.0
2020001374,봉담자이 라피네,41,경기,2021-05-14,2021,2,21,43214,14.95,101.7,84.9854,0.0
2020001374,봉담자이 라피네,41,경기,2021-05-14,2021,2,23,43181,15.65,101.7,84.9872,0.0
2020001374,봉담자이 라피네,41,경기,2021-05-14,2021,2,20,50786,90.15,101.7,100.8956,0.0
2020001374,봉담자이 라피네,41,경기,2021-05-14,2021,2,3,72922,84.33,101.7,109.9723,0.0
2020001374,봉담자이 라피네,41,경기,2021-05-14,2021,2,4,72676,58.0,101.7,109.9459,0.0
2020001364,연산포레 서희스타힐스,26,부산,2021-02-08,2021,1,20,48700,51.95,101.7,75.8564,0.0
2020001364,연산포레 서희스타힐스,26,부산,2021-02-08,2021,1,15,54700,115.33,101.7,84.8526,0.0
2020001364,연산포레 서희스타힐스,26,부산,2021-02-08,2021,1,19,54900,86.79,101.7,84.9422,0.0
2020001363,완주 삼봉지구 B-3블록 중흥S-클래스 에듀파크,52,전북,2020-12-11,2020,4,268,28600,3.88,101.7,84.9959,0.0
2020001362,가경 아이파크 5단지,43,충북,2020-12-18,2020,4,78,31000,46.08,101.7,84.8743,0.0
2020001362,가경 아이파크 5단지,43,충북,2020-12-18,2020,4,90,31100,32.91,101.7,84.7993,0.0
2020001362,가경 아이파크 5단지,43,충북,2020-12-18,2020,4,91,30500,35.11,101.7,84.8833,0.0
2020001362,가경 아이파크 5단지,43,충북,2020-12-18,2020,4,195,36600,49.79,101.7,101.5539,0.0
2020001362,가경 아이파크 5단지,43,충북,2020-12-18,2020,4,88,41900,35.97,101.7,116.9845,0.0
2020001360,e편한세상 부평 그랑힐스,28,인천,2020-12-31,2020,4,38,25120,1.5,101.7,37.7425,0.0
2020001360,e편한세상 부평 그랑힐스,28,인천,2020-12-31,2020,4,508,39940,4.99,101.7,59.8924,0.0
2020001360,e편한세상 부평 그랑힐스,28,인천,2020-12-31,2020,4,482,39940,3.62,101.7,59.8924,0.0
2020001360,e편한세상 부평 그랑힐스,28,인천,2020-12-31,2020,4,271,41100,3.62,101.7,59.5839,0.0
2020001360,e편한세상 부평 그랑힐스,28,인천,2020-12-31,2020,4,89,46330,24.01,101.7,67.8698,0.0
2020001360,e편한세상 부평 그랑힐스,28,인천,2020-12-31,2020,4,22,45890,14.45,101.7,67.8698,0.0
2020001360,e편한세상 부평 그랑힐스,28,인천,2020-12-31,2020,4,48,53070,75.13,101.7,84.5725,0.0
2020001360,e편한세상 부평 그랑힐스,28,인천,2020-12-31,2020,4,18,53070,40.44,101.7,84.5725,0.0
2020001359,e편한세상 금산 프라임포레,44,충남,2020-12-09,2020,4,198,30840,32.0,101.7,84.4746,0.0
2020001350,중앙로역 푸르지오 더 센트럴,27,대구,2020-12-11,2020,4,76,54600,41.92,101.7,84.985,0.0
2020001350,중앙로역 푸르지오 더 센트럴,27,대구,2020-12-11,2020,4,39,51800,20.67,101.7,84.99,0.0
2020001350,중앙로역 푸르지오 더 센트럴,27,대구,2020-12-11,2020,4,19,54000,31.74,101.7,84.936,0.0
2020001350,중앙로역 푸르지오 더 센트럴,27,대구,2020-12-11,2020,4,21,53500,18.59,101.7,84.965,0.0
2020001345,구미 확장단지 중흥S클래스 에듀포레,47,경북,2020-12-18,2020,4,454,31200,7.08,101.7,84.9728,0.0
2020001345,구미 확장단지 중흥S클래스 에듀포레,47,경북,2020-12-18,2020,4,101,31000,3.3,101.7,84.9516,0.0
2020001344,선교2차 우방아이유쉘 리포레,29,광주,2020-12-11,2020,4,137,33690,2.49,101.7,84.953,0.0
2020001344,선교2차 우방아이유쉘 리포레,29,광주,2020-12-11,2020,4,132,33690,38.0,101.7,84.879,0.0
2020001335,완주복합행정타운 모아미래도 센트럴시티 1차,52,전북,2020-12-08,2020,4,259,27200,439.0,101.7,84.9623,0.0
2020001331,힐스테이트포항,47,경북,2020-11-30,2020,4,174,26672,71.0,101.7,74.8151,0.0
2020001331,힐스테이트포항,47,경북,2020-11-30,2020,4,27,27310,8.0,101.7,74.9627,0.0
2020001331,힐스테이트포항,47,경북,2020-11-30,2020,4,111,29961,6.72,101.7,84.8786,0.0
2020001331,힐스테이트포항,47,경북,2020-11-30,2020,4,29,29050,3.69,101.7,84.9562,0.0
2020001324,DS 더 웰가,41,경기,2020-11-27,2020,4,21,38300,17.0,101.7,65.95,0.0
2020001324,DS 더 웰가,41,경기,2020-11-27,2020,4,20,39800,15.0,101.7,70.44,0.0
2020001324,DS 더 웰가,41,경기,2020-11-27,2020,4,1,39800,5.0,101.7,70.98,0.0
2020001323,힐스테이트 첨단,29,광주,2020-12-04,2020,4,19,44580,624.74,101.7,84.9869,0.0
2020001323,힐스테이트 첨단,29,광주,2020-12-04,2020,4,71,44160,274.68,101.7,84.9481,0.0
2020001321,포항 양학 신원아침도시 퀘렌시아,47,경북,2020-11-27,2020,4,18,37120,58.17,101.7,84.9752,0.0
2020001318,중산자이 1단지,47,경북,2020-11-27,2020,4,100,48300,27.47,101.7,74.9503,0.0
2020001318,중산자이 1단지,47,경북,2020-11-27,2020,4,10,49200,48.5,101.7,74.9503,0.0
2020001318,중산자이 1단지,47,경북,2020-11-27,2020,4,387,53900,47.22,101.7,84.9901,0.0
2020001318,중산자이 1단지,47,경북,2020-11-27,2020,4,54,54600,53.37,101.7,84.9901,0.0
2020001316,동성로 SK Leaders' VIEW,27,대구,2020-12-10,2020,4,84,54600,30.49,101.7,84.99,0.0
2020001316,동성로 SK Leaders' VIEW,27,대구,2020-12-10,2020,4,83,56500,14.4,101.7,84.97,0.0
2020001313,서대구역 화성파크드림,27,대구,2020-12-11,2020,4,87,33300,9.0,101.7,59.9533,0.0
2020001313,서대구역 화성파크드림,27,대구,2020-12-11,2020,4,28,33000,5.4,101.7,59.9785,0.0
2020001313,서대구역 화성파크드림,27,대구,2020-12-11,2020,4,31,41500,20.03,101.7,74.8839,0.0
2020001313,서대구역 화성파크드림,27,대구,2020-12-11,2020,4,49,41100,8.65,101.7,74.8982,0.0
2020001313,서대구역 화성파크드림,27,대구,2020-12-11,2020,4,21,47500,80.24,101.7,84.9957,0.0
2020001313,서대구역 화성파크드림,27,대구,2020-12-11,2020,4,182,47100,14.14,101.7,84.9735,0.0
2020001313,서대구역 화성파크드림,27,대구,2020-12-11,2020,4,76,47500,26.75,101.7,84.929,0.0
2020001306,화성남양 시티프라디움 4차,41,경기,2020-12-03,2020,4,171,37560,160.0,101.7,84.9764,0.0
2020001305,두산위브더제니스 센트럴 사하,26,부산,2020-12-04,2020,4,181,34100,3.93,101.7,59.9309,0.0
2020001305,두산위브더제니스 센트럴 사하,26,부산,2020-12-04,2020,4,75,33600,2.16,101.7,59.8528,0.0
2020001305,두산위브더제니스 센트럴 사하,26,부산,2020-12-04,2020,4,103,39200,14.86,101.7,70.3419,0.0
2020001305,두산위브더제니스 센트럴 사하,26,부산,2020-12-04,2020,4,17,39000,11.44,101.7,70.0531,0.0
2020001305,두산위브더제니스 센트럴 사하,26,부산,2020-12-04,2020,4,236,47500,34.85,101.7,84.9597,0.0
2020001305,두산위브더제니스 센트럴 사하,26,부산,2020-12-04,2020,4,24,47400,32.08,101.7,84.9557,0.0
2020001304,오산 롯데캐슬 스카이파크,41,경기,2020-11-27,2020,4,224,36700,192.0,101.7,65.9785,0.0
2020001304,오산 롯데캐슬 스카이파크,41,경기,2020-11-27,2020,4,111,40200,85.0,101.7,74.9772,0.0
2020001304,오산 롯데캐슬 스카이파크,41,경기,2020-11-27,2020,4,759,44500,72.0,101.7,84.9967,0.0
2020001304,오산 롯데캐슬 스카이파크,41,경기,2020-11-27,2020,4,59,48600,2.54,101.7,93.9957,0.0
2020001304,오산 롯데캐슬 스카이파크,41,경기,2020-11-27,2020,4,67,54800,1.53,101.7,108.995,0.0
2020001304,오산 롯데캐슬 스카이파크,41,경기,2020-11-27,2020,4,14,61000,2.0,101.7,127.9149,0.0
2020001304,오산 롯데캐슬 스카이파크,41,경기,2020-11-27,2020,4,2,129100,2.0,101.7,151.4203,0.0
2020001304,오산 롯데캐슬 스카이파크,41,경기,2020-11-27,2020,4,1,148000,5.0,101.7,173.5785,0.0
2020001301,여수 한국아델리움 오션프랑,46,전남,2020-12-08,2020,4,21,40990,4.0,101.7,84.9048,0.0
2020001301,여수 한국아델리움 오션프랑,46,전남,2020-12-08,2020,4,18,42300,1.63,101.7,84.492,0.0
2020001301,여수 한국아델리움 오션프랑,46,전남,2020-12-08,2020,4,38,46920,4.31,101.7,84.9096,0.0
2020001301,여수 한국아델리움 오션프랑,46,전남,2020-12-08,2020,4,47,47150,9.12,101.7,84.788,0.0
2020001292,망우역 신원아침도시,11,서울,2020-11-27,2020,4,8,41888,24.5,103.2,48.795,0.0
2020001292,망우역 신원아침도시,11,서울,2020-11-27,2020,4,9,43407,18.67,103.2,48.795,0.0
2020001292,망우역 신원아침도시,11,서울,2020-11-27,2020,4,18,44268,29.89,103.2,48.798,0.0
2020001292,망우역 신원아침도시,11,서울,2020-11-27,2020,4,6,43827,21.33,103.2,49.668,0.0
2020001292,망우역 신원아침도시,11,서울,2020-11-27,2020,4,9,52251,113.67,103.2,57.991,0.0
2020001292,망우역 신원아침도시,11,서울,2020-11-27,2020,4,2,79051,613.5,103.2,84.519,0.0
2020001287,아산탕정일반산업 D3-2블록 호반써밋,44,충남,2020-12-11,2020,4,97,36260,23.36,101.7,84.6249,0.0
2020001287,아산탕정일반산업 D3-2블록 호반써밋,44,충남,2020-12-11,2020,4,32,36020,14.72,101.7,84.906,0.0
2020001286,아산탕정일반산업 D3-1블록 호반써밋,44,충남,2020-12-11,2020,4,57,26460,2.51,101.7,59.843,0.0
2020001286,아산탕정일반산업 D3-1블록 호반써밋,44,충남,2020-12-11,2020,4,19,25770,1.98,101.7,59.8867,0.0
2020001286,아산탕정일반산업 D3-1블록 호반써밋,44,충남,2020-12-11,2020,4,110,36890,9.61,101.7,84.6249,0.0
2020001286,아산탕정일반산업 D3-1블록 호반써밋,44,충남,2020-12-11,2020,4,23,36650,11.65,101.7,84.906,0.0
2020001285,아산탕정일반산업 D1-2블록 호반써밋,44,충남,2020-12-11,2020,4,43,26440,10.0,101.7,59.843,0.0
2020001285,아산탕정일반산업 D1-2블록 호반써밋,44,충남,2020-12-11,2020,4,48,25760,1.79,101.7,59.8867,0.0
2020001285,아산탕정일반산업 D1-2블록 호반써밋,44,충남,2020-12-11,2020,4,210,36820,28.92,101.7,84.6249,0.0
2020001285,아산탕정일반산업 D1-2블록 호반써밋,44,충남,2020-12-11,2020,4,47,36570,16.6,101.7,84.906,0.0
2020001284,경주 뉴센트로 에일린의 뜰,47,경북,2020-11-20,2020,4,99,43100,3.2,101.7,84.5751,0.0
2020001284,경주 뉴센트로 에일린의 뜰,47,경북,2020-11-20,2020,4,75,43300,2.29,101.7,84.6959,0.0
2020001284,경주 뉴센트로 에일린의 뜰,47,경북,2020-11-20,2020,4,24,43800,1.73,101.7,84.5262,0.0
2020001284,경주 뉴센트로 에일린의 뜰,47,경북,2020-11-20,2020,4,15,44000,1.77,101.7,84.6187,0.0
2020001284,경주 뉴센트로 에일린의 뜰,47,경북,2020-11-20,2020,4,98,42400,7.08,101.7,84.6978,0.0
2020001283,아산탕정일반산업 D1-1블록 호반써밋,44,충남,2020-12-11,2020,4,242,36140,33.88,101.7,84.6249,0.0
2020001283,아산탕정일반산업 D1-1블록 호반써밋,44,충남,2020-12-11,2020,4,81,35890,13.17,101.7,84.906,0.0
2020001282,아산탕정일반산업 D2-1블록 호반써밋,44,충남,2020-12-11,2020,4,55,32320,10.02,101.7,74.8793,0.0
2020001282,아산탕정일반산업 D2-1블록 호반써밋,44,충남,2020-12-11,2020,4,21,32270,9.67,101.7,74.9818,0.0
2020001282,아산탕정일반산업 D2-1블록 호반써밋,44,충남,2020-12-11,2020,4,145,36300,14.83,101.7,84.6249,0.0
2020001282,아산탕정일반산업 D2-1블록 호반써밋,44,충남,2020-12-11,2020,4,60,36060,11.97,101.7,84.906,0.0
2020001281,덕은 삼정그린코아 더베스트,41,경기,2020-11-26,2020,4,38,48700,56.45,101.7,84.9147,0.0
2020001281,덕은 삼정그린코아 더베스트,41,경기,2020-11-26,2020,4,13,48900,67.38,101.7,84.5681,0.0
2020001281,덕은 삼정그린코아 더베스트,41,경기,2020-11-26,2020,4,96,52400,83.15,101.7,91.2597,0.0
2020001281,덕은 삼정그린코아 더베스트,41,경기,2020-11-26,2020,4,41,52300,35.34,101.7,91.165,0.0
2020001281,덕은 삼정그린코아 더베스트,41,경기,2020-11-26,2020,4,2,176100,8.5,101.7,126.3206,0.0
2020001281,덕은 삼정그린코아 더베스트,41,경기,2020-11-26,2020,4,2,178800,11.0,101.7,128.5575,0.0
2020001281,덕은 삼정그린코아 더베스트,41,경기,2020-11-26,2020,4,1,221000,11.0,101.7,135.34,0.0
2020001279,고양 덕은지구 A3BL 호반써밋 DMC 힐즈,41,경기,2020-11-20,2020,4,181,65723,41.45,101.7,84.9773,0.0
2020001279,고양 덕은지구 A3BL 호반써밋 DMC 힐즈,41,경기,2020-11-20,2020,4,45,65612,36.49,101.7,84.9563,0.0
2020001276,쌍용 더 플래티넘 프리미어,41,경기,2020-11-17,2020,4,214,31060,95.0,101.7,84.96,0.0
2020001276,쌍용 더 플래티넘 프리미어,41,경기,2020-11-17,2020,4,1,79640,3.0,101.7,129.87,0.0
2020001276,쌍용 더 플래티넘 프리미어,41,경기,2020-11-17,2020,4,6,86990,7.0,101.7,141.61,0.0
2020001261,이안 그랑센텀 천안,44,충남,2020-11-13,2020,4,94,28837,4.98,101.7,59.96,0.0
2020001261,이안 그랑센텀 천안,44,충남,2020-11-13,2020,4,20,31742,2.95,101.7,64.98,0.0
2020001261,이안 그랑센텀 천안,44,충남,2020-11-13,2020,4,32,31969,3.84,101.7,64.98,0.0
2020001261,이안 그랑센텀 천안,44,충남,2020-11-13,2020,4,13,36963,53.54,101.7,74.88,0.0
2020001261,이안 그랑센텀 천안,44,충남,2020-11-13,2020,4,115,36843,27.03,101.7,74.97,0.0
2020001261,이안 그랑센텀 천안,44,충남,2020-11-13,2020,4,14,42377,330.14,101.7,84.87,0.0
2020001261,이안 그랑센텀 천안,44,충남,2020-11-13,2020,4,13,41252,99.92,101.7,84.97,0.0
2020001257,더샵 프리미엘,27,대구,2020-11-13,2020,4,43,52060,7.6,101.7,70.9308,0.0
2020001257,더샵 프리미엘,27,대구,2020-11-13,2020,4,43,52390,6.33,101.7,70.9932,0.0
2020001257,더샵 프리미엘,27,대구,2020-11-13,2020,4,43,61650,60.0,101.7,84.9563,0.0
2020001257,더샵 프리미엘,27,대구,2020-11-13,2020,4,22,61640,40.0,101.7,84.9888,0.0
2020001255,힐스테이트 남천역 더퍼스트,26,부산,2020-11-20,2020,4,40,54040,213.5,101.7,70.7685,0.0
2020001255,힐스테이트 남천역 더퍼스트,26,부산,2020-11-20,2020,4,13,49980,203.08,101.7,70.6405,0.0
2020001255,힐스테이트 남천역 더퍼스트,26,부산,2020-11-20,2020,4,13,56370,529.15,101.7,84.8401,0.0
2020001255,힐스테이트 남천역 더퍼스트,26,부산,2020-11-20,2020,4,13,55090,407.62,101.7,84.9939,0.0
2020001255,힐스테이트 남천역 더퍼스트,26,부산,2020-11-20,2020,4,15,57890,755.2,101.7,84.4587,0.0
2020001255,힐스테이트 남천역 더퍼스트,26,부산,2020-11-20,2020,4,15,59720,1504.07,101.7,84.7283,0.0
2020001252,대전 하늘채 스카이앤,30,대전,2020-11-19,2020,4,196,48700,15.93,101.7,84.7771,0.0
2020001252,대전 하늘채 스카이앤,30,대전,2020-11-19,2020,4,87,48700,21.46,101.7,84.975,0.0
2020001252,대전 하늘채 스카이앤,30,대전,2020-11-19,2020,4,108,48700,12.51,101.7,84.8927,0.0
2020001252,대전 하늘채 스카이앤,30,대전,2020-11-19,2020,4,22,44800,18.45,101.7,84.944,0.0
2020001252,대전 하늘채 스카이앤,30,대전,2020-11-19,2020,4,86,47200,10.35,101.7,84.7197,0.0
2020001246,동대구 더 센트로 데시앙,27,대구,2020-10-30,2020,4,96,42400,1.94,101.7,59.9638,0.0
2020001246,동대구 더 센트로 데시앙,27,대구,2020-10-30,2020,4,92,51500,3.24,101.7,74.9463,0.0
2020001246,동대구 더 센트로 데시앙,27,대구,2020-10-30,2020,4,26,50600,1.38,101.7,74.9592,0.0
2020001246,동대구 더 센트로 데시앙,27,대구,2020-10-30,2020,4,157,58100,16.25,101.7,84.9633,0.0
2020001246,동대구 더 센트로 데시앙,27,대구,2020-10-30,2020,4,58,56900,5.02,101.7,84.9353,0.0
2020001245,쌍용 더 플래티넘 완도,46,전남,2020-11-26,2020,4,14,43300,3.13,101.7,84.8986,0.0
2020001245,쌍용 더 플래티넘 완도,46,전남,2020-11-26,2020,4,12,43400,6.6,101.7,84.7748,0.0
2020001245,쌍용 더 플래티넘 완도,46,전남,2020-11-26,2020,4,12,44100,2.95,101.7,84.9656,0.0
2020001242,화성시청역 서희스타힐스 4차 숲속마을,41,경기,2020-11-23,2020,4,10,31448,6.0,101.7,75.8831,0.0
2020001242,화성시청역 서희스타힐스 4차 숲속마을,41,경기,2020-11-23,2020,4,91,35202,92.0,101.7,84.9047,0.0
2020001242,화성시청역 서희스타힐스 4차 숲속마을,41,경기,2020-11-23,2020,4,17,35202,20.0,101.7,84.9601,0.0
2020001240,안양 광신프로그레스 리버뷰,41,경기,2020-10-30,2020,4,10,52026,33.33,101.7,51.03,0.0
2020001240,안양 광신프로그레스 리버뷰,41,경기,2020-10-30,2020,4,6,61082,2.5,101.7,59.02,0.0
2020001240,안양 광신프로그레스 리버뷰,41,경기,2020-10-30,2020,4,4,72183,3.0,101.7,72.04,0.0
2020001240,안양 광신프로그레스 리버뷰,41,경기,2020-10-30,2020,4,10,83975,3.3,101.7,84.03,0.0
2020001237,전주 서신동 플러스 리버하임,52,전북,2020-11-05,2020,4,116,27023,30.53,101.7,59.551,0.0
2020001224,국제금융센터 퀸즈W,26,부산,2020-10-26,2020,4,26,46063,41.0,101.7,59.9348,0.0
2020001224,국제금융센터 퀸즈W,26,부산,2020-10-26,2020,4,36,59485,59.86,101.7,84.99,0.0
2020001224,국제금융센터 퀸즈W,26,부산,2020-10-26,2020,4,36,59086,21.58,101.7,84.7891,0.0
2020001224,국제금융센터 퀸즈W,26,부산,2020-10-26,2020,4,36,61868,62.42,101.7,84.9736,0.0
2020001213,금천 센트럴파크 스타힐스,43,충북,2020-12-21,2020,4,4,31178,1.43,101.7,76.8775,0.0
2020001213,금천 센트럴파크 스타힐스,43,충북,2020-12-21,2020,4,15,34578,2.8,101.7,84.6785,0.0
2020001213,금천 센트럴파크 스타힐스,43,충북,2020-12-21,2020,4,5,34858,3.2,101.7,84.6785,0.0
2020001212,완주 삼봉지구 우미린 에코포레,52,전북,2020-10-23,2020,4,111,24400,144.0,101.7,69.9973,0.0
2020001212,완주 삼봉지구 우미린 에코포레,52,전북,2020-10-23,2020,4,20,24400,19.57,101.7,79.4573,0.0
2020001212,완주 삼봉지구 우미린 에코포레,52,전북,2020-10-23,2020,4,294,28600,1.99,101.7,84.9909,0.0
2020001212,완주 삼봉지구 우미린 에코포레,52,전북,2020-10-23,2020,4,44,27900,26.0,101.7,84.9913,0.0
2020001209,대청천 경동리인 뷰,48,경남,2020-10-23,2020,4,2,48500,22.5,101.7,84.9398,0.0
2020001197,반정 아이파크 캐슬 4단지,41,경기,2020-11-06,2020,4,89,43300,9.54,101.7,59.83,0.0
2020001197,반정 아이파크 캐슬 4단지,41,경기,2020-11-06,2020,4,76,42600,5.46,101.7,59.93,0.0
2020001197,반정 아이파크 캐슬 4단지,41,경기,2020-11-06,2020,4,38,53500,9.42,101.7,75.93,0.0
2020001197,반정 아이파크 캐슬 4단지,41,경기,2020-11-06,2020,4,28,52900,6.79,101.7,75.57,0.0
2020001197,반정 아이파크 캐슬 4단지,41,경기,2020-11-06,2020,4,206,56800,21.06,101.7,84.73,0.0
2020001197,반정 아이파크 캐슬 4단지,41,경기,2020-11-06,2020,4,30,56000,13.1,101.7,84.33,0.0
2020001197,반정 아이파크 캐슬 4단지,41,경기,2020-11-06,2020,4,52,73600,26.83,101.7,105.89,0.0
2020001194,평택 동문 굿모닝힐 맘시티 2차,41,경기,2020-10-22,2020,4,86,33080,52.0,101.7,84.9718,0.0
2020001193,김포마송지구 대방엘리움 더퍼스트,41,경기,2020-10-30,2020,4,9,27560,33.5,101.7,59.9306,54.0
2020001193,김포마송지구 대방엘리움 더퍼스트,41,경기,2020-10-30,2020,4,44,26236,6.13,101.7,59.9115,36.0
2020001193,김포마송지구 대방엘리움 더퍼스트,41,경기,2020-10-30,2020,4,60,25153,2.71,101.7,59.9747,28.0
2020001193,김포마송지구 대방엘리움 더퍼스트,41,경기,2020-10-30,2020,4,17,31982,29.0,101.7,75.87,55.0
2020001193,김포마송지구 대방엘리움 더퍼스트,41,경기,2020-10-30,2020,4,18,31337,6.17,101.7,75.8883,26.0
2020001193,김포마송지구 대방엘리움 더퍼스트,41,경기,2020-10-30,2020,4,39,30219,2.87,101.7,75.3979,32.0
2020001193,김포마송지구 대방엘리움 더퍼스트,41,경기,2020-10-30,2020,4,35,37052,39.57,101.7,84.9967,57.0
2020001193,김포마송지구 대방엘리움 더퍼스트,41,경기,2020-10-30,2020,4,46,35764,7.46,101.7,84.9985,43.0
2020001193,김포마송지구 대방엘리움 더퍼스트,41,경기,2020-10-30,2020,4,85,35055,4.96,101.7,84.6551,28.0
2020001192,구미 아이파크 더샵,47,경북,2020-10-22,2020,4,273,25500,1.93,101.7,59.7017,0.0
2020001192,구미 아이파크 더샵,47,경북,2020-10-22,2020,4,1,23000,11.0,101.7,59.7017,0.0
2020001192,구미 아이파크 더샵,47,경북,2020-10-22,2020,4,30,32500,4.88,101.7,74.8388,0.0
2020001192,구미 아이파크 더샵,47,경북,2020-10-22,2020,4,1,30500,14.0,101.7,74.8388,0.0
2020001192,구미 아이파크 더샵,47,경북,2020-10-22,2020,4,106,37900,76.46,101.7,84.8416,0.0
2020001192,구미 아이파크 더샵,47,경북,2020-10-22,2020,4,78,37700,24.4,101.7,84.8378,0.0
2020001192,구미 아이파크 더샵,47,경북,2020-10-22,2020,4,67,36400,5.1,101.7,84.8056,0.0
2020001192,구미 아이파크 더샵,47,경북,2020-10-22,2020,4,64,36600,6.52,101.7,84.822,0.0
2020001190,수유동 북한산 스카이뷰 아파트,11,서울,2020-10-26,2020,4,1,41934,27.0,103.2,51.06,0.0
2020001190,수유동 북한산 스카이뷰 아파트,11,서울,2020-10-26,2020,4,7,45470,8.43,103.2,54.18,0.0
2020001190,수유동 북한산 스카이뷰 아파트,11,서울,2020-10-26,2020,4,1,45557,8.0,103.2,55.65,0.0
2020001190,수유동 북한산 스카이뷰 아파트,11,서울,2020-10-26,2020,4,3,40635,6.0,103.2,56.84,0.0
2020001190,수유동 북한산 스카이뷰 아파트,11,서울,2020-10-26,2020,4,3,47178,4.67,103.2,56.49,0.0
2020001190,수유동 북한산 스카이뷰 아파트,11,서울,2020-10-26,2020,4,6,39660,6.17,103.2,56.01,0.0
2020001190,수유동 북한산 스카이뷰 아파트,11,서울,2020-10-26,2020,4,1,47743,7.0,103.2,57.28,0.0
2020001190,수유동 북한산 스카이뷰 아파트,11,서울,2020-10-26,2020,4,1,46997,10.0,103.2,57.37,0.0
2020001190,수유동 북한산 스카이뷰 아파트,11,서울,2020-10-26,2020,4,5,45489,4.0,103.2,57.01,0.0
2020001190,수유동 북한산 스카이뷰 아파트,11,서울,2020-10-26,2020,4,5,48150,8.4,103.2,59.88,0.0
2020001190,수유동 북한산 스카이뷰 아파트,11,서울,2020-10-26,2020,4,1,49520,28.0,103.2,59.88,0.0
2020001190,수유동 북한산 스카이뷰 아파트,11,서울,2020-10-26,2020,4,2,48893,10.0,103.2,59.77,0.0
2020001190,수유동 북한산 스카이뷰 아파트,11,서울,2020-10-26,2020,4,5,47109,7.4,103.2,59.37,0.0
2020001190,수유동 북한산 스카이뷰 아파트,11,서울,2020-10-26,2020,4,1,45647,42.0,103.2,64.57,0.0
2020001190,수유동 북한산 스카이뷰 아파트,11,서울,2020-10-26,2020,4,7,52844,26.29,103.2,64.5,0.0
2020001190,수유동 북한산 스카이뷰 아파트,11,서울,2020-10-26,2020,4,2,53115,34.0,103.2,66.73,0.0
2020001190,수유동 북한산 스카이뷰 아파트,11,서울,2020-10-26,2020,4,3,50611,24.67,103.2,66.37,0.0
2020001190,수유동 북한산 스카이뷰 아파트,11,서울,2020-10-26,2020,4,1,66860,618.0,103.2,83.09,0.0
2020001184,여주역 휴먼빌,41,경기,2020-11-20,2020,4,107,28900,1.0,101.7,59.992,0.0
2020001184,여주역 휴먼빌,41,경기,2020-11-20,2020,4,213,38000,2.52,101.7,84.998,0.0
2020001183,별내자이 더 스타 아파트,41,경기,2020-10-15,2020,4,72,53880,414.07,101.7,84.5614,64.0
2020001183,별내자이 더 스타 아파트,41,경기,2020-10-15,2020,4,81,55600,342.56,101.7,84.568,64.0
2020001183,별내자이 더 스타 아파트,41,경기,2020-10-15,2020,4,74,55010,310.93,101.7,84.9734,67.0
2020001183,별내자이 더 스타 아파트,41,경기,2020-10-15,2020,4,78,63750,635.44,101.7,99.6563,69.0
2020001183,별내자이 더 스타 아파트,41,경기,2020-10-15,2020,4,116,64710,814.83,101.7,99.9298,68.0
2020001182,과천 르센토 데시앙,41,경기,2020-10-22,2020,4,81,79390,914.25,101.7,84.5769,69.0
2020001182,과천 르센토 데시앙,41,경기,2020-10-22,2020,4,63,79390,614.08,101.7,84.8513,69.0
2020001182,과천 르센토 데시앙,41,경기,2020-10-22,2020,4,98,94250,1910.25,101.7,99.892,69.0
2020001182,과천 르센토 데시앙,41,경기,2020-10-22,2020,4,97,94250,1098.53,101.7,99.9397,65.0
2020001182,과천 르센토 데시앙,41,경기,2020-10-22,2020,4,55,100670,830.09,101.7,107.8771,66.0
2020001181,과천 푸르지오 어울림 라비엔오,41,경기,2020-10-22,2020,4,39,79240,925.5,101.7,84.8513,69.0
2020001181,과천 푸르지오 어울림 라비엔오,41,경기,2020-10-22,2020,4,24,79240,714.6,101.7,84.8623,69.0
2020001181,과천 푸르지오 어울림 라비엔오,41,경기,2020-10-22,2020,4,69,79240,561.71,101.7,84.745,69.0
2020001181,과천 푸르지오 어울림 라비엔오,41,경기,2020-10-22,2020,4,35,79240,611.29,101.7,84.6197,74.0
2020001181,과천 푸르지오 어울림 라비엔오,41,경기,2020-10-22,2020,4,188,94250,1306.63,101.7,99.892,69.0
2020001181,과천 푸르지오 어울림 라비엔오,41,경기,2020-10-22,2020,4,73,94250,956.2,101.7,99.9397,66.0
2020001181,과천 푸르지오 어울림 라비엔오,41,경기,2020-10-22,2020,4,20,111490,817.0,101.7,105.4074,58.0
2020001181,과천 푸르지오 어울림 라비엔오,41,경기,2020-10-22,2020,4,10,140210,1191.5,101.7,120.7953,72.0
2020001180,과천 푸르지오 오르투스,41,경기,2020-10-22,2020,4,79,74350,525.81,101.7,74.9508,65.0
2020001180,과천 푸르지오 오르투스,41,경기,2020-10-22,2020,4,27,74350,509.2,101.7,74.9726,65.0
2020001180,과천 푸르지오 오르투스,41,경기,2020-10-22,2020,4,33,74350,520.57,101.7,74.9933,65.0
2020001180,과천 푸르지오 오르투스,41,경기,2020-10-22,2020,4,41,82810,2894.25,101.7,84.9763,69.0
2020001180,과천 푸르지오 오르투스,41,경기,2020-10-22,2020,4,12,82810,5219.0,101.7,84.9663,69.0
2020001169,의정부역 푸르지오 더 센트럴,41,경기,2020-10-30,2020,4,4,31800,9.5,101.7,49.92,0.0
2020001169,의정부역 푸르지오 더 센트럴,41,경기,2020-10-30,2020,4,25,39489,13.56,101.7,59.93,0.0
2020001169,의정부역 푸르지오 더 센트럴,41,경기,2020-10-30,2020,4,36,39327,13.5,101.7,59.93,0.0
2020001169,의정부역 푸르지오 더 센트럴,41,경기,2020-10-30,2020,4,17,48233,22.41,101.7,72.81,0.0
2020001169,의정부역 푸르지오 더 센트럴,41,경기,2020-10-30,2020,4,16,55242,77.56,101.7,84.97,0.0
2020001169,의정부역 푸르지오 더 센트럴,41,경기,2020-10-30,2020,4,8,53115,34.5,101.7,84.84,0.0
2020001168,e편한세상 순천 어반타워,46,전남,2020-10-15,2020,4,118,39800,70.27,101.7,84.9938,0.0
2020001168,e편한세상 순천 어반타워,46,전남,2020-10-15,2020,4,16,39000,45.5,101.7,84.94,0.0
2020001168,e편한세상 순천 어반타워,46,전남,2020-10-15,2020,4,63,39800,35.52,101.7,84.988,0.0
2020001167,모현 이지움,52,전북,2020-10-15,2020,4,63,33530,6.16,101.7,84.8984,0.0
2020001167,모현 이지움,52,전북,2020-10-15,2020,4,13,33530,7.0,101.7,84.8618,0.0
2020001167,모현 이지움,52,전북,2020-10-15,2020,4,13,33530,1.15,101.7,84.7105,0.0
2020001166,안양리버자이르네,41,경기,2020-10-15,2020,4,22,46050,5.77,101.7,59.9126,0.0
2020001166,안양리버자이르네,41,경기,2020-10-15,2020,4,5,47000,6.8,101.7,59.9996,0.0
2020001166,안양리버자이르네,41,경기,2020-10-15,2020,4,15,46840,3.27,101.7,59.9939,0.0
2020001166,안양리버자이르네,41,경기,2020-10-15,2020,4,7,52890,5.86,101.7,69.2572,0.0
2020001166,안양리버자이르네,41,경기,2020-10-15,2020,4,22,55910,8.82,101.7,74.7388,0.0
2020001166,안양리버자이르네,41,경기,2020-10-15,2020,4,1,77510,49.0,101.7,82.029,0.0
2020001166,안양리버자이르네,41,경기,2020-10-15,2020,4,1,97980,16.0,101.7,103.6032,0.0
2020001165,감일 푸르지오 마크베르,41,경기,2020-10-22,2020,4,55,57130,558.7,101.7,84.8934,62.0
2020001165,감일 푸르지오 마크베르,41,경기,2020-10-22,2020,4,86,57030,509.95,101.7,84.8937,60.0
2020001165,감일 푸르지오 마크베르,41,경기,2020-10-22,2020,4,99,72950,1513.75,101.7,114.9207,58.0
2020001165,감일 푸르지오 마크베르,41,경기,2020-10-22,2020,4,44,72010,1227.89,101.7,114.7639,58.0
2020001164,행정중심복합도시 1-1생활권 M8블럭 세종 한림풀에버,36,세종,2020-10-23,2020,4,23,45624,274.36,101.7,103.9838,58.0
2020001164,행정중심복합도시 1-1생활권 M8블럭 세종 한림풀에버,36,세종,2020-10-23,2020,4,33,45434,214.75,101.7,103.9753,57.0
2020001164,행정중심복합도시 1-1생활권 M8블럭 세종 한림풀에버,36,세종,2020-10-23,2020,4,52,45624,334.77,101.7,103.9838,58.0
2020001164,행정중심복합도시 1-1생활권 M8블럭 세종 한림풀에버,36,세종,2020-10-23,2020,4,3,46717,264.0,101.7,106.6622,58.0
2020001164,행정중심복합도시 1-1생활권 M8블럭 세종 한림풀에버,36,세종,2020-10-23,2020,4,12,46717,191.83,101.7,106.6622,58.0
2020001164,행정중심복합도시 1-1생활권 M8블럭 세종 한림풀에버,36,세종,2020-10-23,2020,4,2,47661,257.0,101.7,108.9888,58.0
2020001164,행정중심복합도시 1-1생활권 M8블럭 세종 한림풀에버,36,세종,2020-10-23,2020,4,23,50064,548.91,101.7,114.9412,61.0
2020001164,행정중심복합도시 1-1생활권 M8블럭 세종 한림풀에버,36,세종,2020-10-23,2020,4,10,49936,202.8,101.7,114.9167,57.0
2020001164,행정중심복합도시 1-1생활권 M8블럭 세종 한림풀에버,36,세종,2020-10-23,2020,4,9,49936,314.0,101.7,114.9167,57.0
2020001164,행정중심복합도시 1-1생활권 M8블럭 세종 한림풀에버,36,세종,2020-10-23,2020,4,2,87875,685.0,101.7,136.9923,64.0
2020001163,수성 센트럴 화성파크드림,27,대구,2020-10-16,2020,4,65,61720,10.77,101.7,84.833,0.0
2020001163,수성 센트럴 화성파크드림,27,대구,2020-10-16,2020,4,16,61220,5.1,101.7,84.9282,0.0
2020001162,원종동 승윤노블리안 아파트,41,경기,2020-12-04,2020,4,9,31740,5.75,101.7,41.26,0.0
2020001162,원종동 승윤노블리안 아파트,41,경기,2020-12-04,2020,4,8,37902,1.0,101.7,49.99,0.0
2020001162,원종동 승윤노블리안 아파트,41,경기,2020-12-04,2020,4,8,41697,2.13,101.7,55.56,0.0
2020001162,원종동 승윤노블리안 아파트,41,경기,2020-12-04,2020,4,1,45853,30.0,101.7,66.2,0.0
2020001161,여주역 우남퍼스트빌,41,경기,2020-10-12,2020,4,91,29740,1.18,101.7,59.9384,0.0
2020001161,여주역 우남퍼스트빌,41,경기,2020-10-12,2020,4,38,29240,55.0,101.7,59.9858,0.0
2020001161,여주역 우남퍼스트빌,41,경기,2020-10-12,2020,4,48,38280,4.42,101.7,84.9043,0.0
2020001161,여주역 우남퍼스트빌,41,경기,2020-10-12,2020,4,40,37880,23.0,101.7,84.927,0.0
2020001161,여주역 우남퍼스트빌,41,경기,2020-10-12,2020,4,9,38080,7.0,101.7,84.9499,0.0
2020001155,당진 센트레빌 르네블루,44,충남,2020-10-30,2020,4,267,30601,106.0,101.7,84.9699,0.0
2020001154,삼계 삼정그린코아 더베스트,48,경남,2020-10-21,2020,4,61,36970,1.11,101.7,84.8816,0.0
2020001153,익산 이지움 더 테라스 아트리체,52,전북,2020-10-16,2020,4,38,37950,13.0,101.7,84.498,0.0
2020001153,익산 이지움 더 테라스 아트리체,52,전북,2020-10-16,2020,4,33,38973,1.07,101.7,84.498,0.0
2020001153,익산 이지움 더 테라스 아트리체,52,전북,2020-10-16,2020,4,6,40800,17.71,101.7,84.8344,0.0
2020001153,익산 이지움 더 테라스 아트리체,52,전북,2020-10-16,2020,4,7,34000,5.0,101.7,84.6555,0.0
2020001153,익산 이지움 더 테라스 아트리체,52,전북,2020-10-16,2020,4,7,35200,1.33,101.7,84.9845,0.0
2020001153,익산 이지움 더 테라스 아트리체,52,전북,2020-10-16,2020,4,7,42500,29.43,101.7,84.9845,0.0
2020001148,노형 벨라시티,50,제주,2020-10-12,2020,4,13,43757,5.0,101.7,53.0586,0.0
2020001148,노형 벨라시티,50,제주,2020-10-12,2020,4,26,68457,13.0,101.7,83.227,0.0
2020001148,노형 벨라시티,50,제주,2020-10-12,2020,4,2,79394,3.0,101.7,83.227,0.0
2020001148,노형 벨라시티,50,제주,2020-10-12,2020,4,26,69950,5.0,101.7,84.7778,0.0
2020001148,노형 벨라시티,50,제주,2020-10-12,2020,4,26,67234,1.0,101.7,84.1839,0.0
2020001148,노형 벨라시티,50,제주,2020-10-12,2020,4,1,80803,6.0,101.7,84.7778,0.0
2020001148,노형 벨라시티,50,제주,2020-10-12,2020,4,2,77975,3.0,101.7,84.1839,0.0
2020001140,영통 롯데캐슬 엘클래스 2블록,41,경기,2020-10-16,2020,4,17,56900,23.0,101.7,79.303,0.0
2020001140,영통 롯데캐슬 엘클래스 2블록,41,경기,2020-10-16,2020,4,138,60500,15.51,101.7,84.9836,0.0
2020001140,영통 롯데캐슬 엘클래스 2블록,41,경기,2020-10-16,2020,4,17,60400,14.12,101.7,84.8531,0.0
2020001140,영통 롯데캐슬 엘클래스 2블록,41,경기,2020-10-16,2020,4,56,60400,9.57,101.7,84.9835,0.0
2020001140,영통 롯데캐슬 엘클래스 2블록,41,경기,2020-10-16,2020,4,67,60200,8.64,101.7,84.9882,0.0
2020001140,영통 롯데캐슬 엘클래스 2블록,41,경기,2020-10-16,2020,4,21,75900,113.62,101.7,107.426,0.0
2020001140,영통 롯데캐슬 엘클래스 2블록,41,경기,2020-10-16,2020,4,17,75900,96.59,101.7,107.1115,0.0
2020001139,영통 롯데캐슬 엘클래스 1블록,41,경기,2020-10-16,2020,4,140,60000,22.41,101.7,84.9836,0.0
2020001139,영통 롯데캐슬 엘클래스 1블록,41,경기,2020-10-16,2020,4,46,60000,9.83,101.7,84.8531,0.0
2020001139,영통 롯데캐슬 엘클래스 1블록,41,경기,2020-10-16,2020,4,74,60000,11.36,101.7,84.9835,0.0
2020001139,영통 롯데캐슬 엘클래스 1블록,41,경기,2020-10-16,2020,4,26,59800,14.46,101.7,84.9882,0.0
2020001139,영통 롯데캐슬 엘클래스 1블록,41,경기,2020-10-16,2020,4,48,74500,68.83,101.7,107.426,0.0
2020001139,영통 롯데캐슬 엘클래스 1블록,41,경기,2020-10-16,2020,4,27,74500,54.52,101.7,107.1115,0.0
2020001136,해링턴 플레이스 반월당2차,27,대구,2020-11-12,2020,4,95,54800,70.92,101.7,84.43,0.0
2020001136,해링턴 플레이스 반월당2차,27,대구,2020-11-12,2020,4,39,52800,18.38,101.7,84.36,0.0
2020001136,해링턴 플레이스 반월당2차,27,대구,2020-11-12,2020,4,39,54000,31.6,101.7,84.46,0.0
2020001135,군자 서희스타힐스,41,경기,2020-10-13,2020,4,42,27500,1.06,101.7,59.9747,0.0
2020001135,군자 서희스타힐스,41,경기,2020-10-13,2020,4,48,26800,42.0,101.7,59.9921,0.0
2020001135,군자 서희스타힐스,41,경기,2020-10-13,2020,4,89,36100,1.87,101.7,84.9882,0.0
2020001128,청룡동 더리체,26,부산,2020-10-12,2020,4,7,29570,1.55,101.7,67.48,0.0
2020001128,청룡동 더리체,26,부산,2020-10-12,2020,4,6,29000,1.9,101.7,67.6,0.0
2020001126,아산칸타빌센트럴시티,44,충남,2020-10-20,2020,4,12,32020,1.64,101.7,78.6629,0.0
2020001124,서초자이르네,11,서울,2020-10-08,2020,4,4,66814,148.25,103.2,50.84,0.0
2020001124,서초자이르네,11,서울,2020-10-08,2020,4,6,67814,101.17,103.2,50.63,0.0
2020001124,서초자이르네,11,서울,2020-10-08,2020,4,7,68314,170.86,103.2,50.95,0.0
2020001124,서초자이르네,11,서울,2020-10-08,2020,4,4,76814,296.25,103.2,59.67,0.0
2020001124,서초자이르네,11,서울,2020-10-08,2020,4,1,77514,458.0,103.2,59.69,0.0
2020001124,서초자이르네,11,서울,2020-10-08,2020,4,2,76114,324.0,103.2,59.97,0.0
2020001124,서초자이르네,11,서울,2020-10-08,2020,4,1,86714,987.0,103.2,69.79,0.0
2020001124,서초자이르네,11,서울,2020-10-08,2020,4,10,89414,483.3,103.2,69.18,0.0
2020001118,서면 비스타동원,26,부산,2020-10-16,2020,4,62,43900,112.97,101.7,59.9998,0.0
2020001118,서면 비스타동원,26,부산,2020-10-16,2020,4,27,55900,372.67,101.7,84.9991,0.0
2020001118,서면 비스타동원,26,부산,2020-10-16,2020,4,31,57500,275.39,101.7,84.999,0.0
2020001111,대구 동인동 센트럴 대원칸타빌,27,대구,2020-09-21,2020,3,141,54500,3.59,101.7,84.7824,0.0
2020001111,대구 동인동 센트럴 대원칸타빌,27,대구,2020-09-21,2020,3,96,54500,3.71,101.7,84.4267,0.0
2020001109,대가트라움(의정부),41,경기,2020-09-24,2020,3,16,26900,14.0,101.7,72.955,0.0
2020001109,대가트라움(의정부),41,경기,2020-09-24,2020,3,16,27000,11.0,101.7,72.774,0.0
2020001095,반정 아이파크 캐슬 5단지,41,경기,2020-11-06,2020,4,18,42000,28.06,101.7,59.92,0.0
2020001095,반정 아이파크 캐슬 5단지,41,경기,2020-11-06,2020,4,106,53500,5.11,101.7,75.93,0.0
2020001095,반정 아이파크 캐슬 5단지,41,경기,2020-11-06,2020,4,63,53300,3.76,101.7,75.54,0.0
2020001095,반정 아이파크 캐슬 5단지,41,경기,2020-11-06,2020,4,118,52900,3.97,101.7,75.57,0.0
2020001095,반정 아이파크 캐슬 5단지,41,경기,2020-11-06,2020,4,344,56800,15.25,101.7,84.73,0.0
2020001095,반정 아이파크 캐슬 5단지,41,경기,2020-11-06,2020,4,2,76200,56.5,101.7,103.57,0.0
2020001095,반정 아이파크 캐슬 5단지,41,경기,2020-11-06,2020,4,56,73600,20.96,101.7,105.89,0.0
2020001095,반정 아이파크 캐슬 5단지,41,경기,2020-11-06,2020,4,2,78500,100.5,101.7,112.55,0.0
2020001095,반정 아이파크 캐슬 5단지,41,경기,2020-11-06,2020,4,3,85000,9.33,101.7,119.11,0.0
2020001095,반정 아이파크 캐슬 5단지,41,경기,2020-11-06,2020,4,3,85200,18.33,101.7,121.39,0.0
2020001095,반정 아이파크 캐슬 5단지,41,경기,2020-11-06,2020,4,7,92500,9.57,101.7,130.73,0.0
2020001095,반정 아이파크 캐슬 5단지,41,경기,2020-11-06,2020,4,2,109000,8.0,101.7,156.81,0.0
2020001092,운정신도시 제일풍경채 그랑퍼스트,41,경기,2020-10-16,2020,4,51,38160,8.15,101.7,74.5762,28.0
2020001092,운정신도시 제일풍경채 그랑퍼스트,41,경기,2020-10-16,2020,4,128,37990,3.53,101.7,74.5762,28.0
2020001092,운정신도시 제일풍경채 그랑퍼스트,41,경기,2020-10-16,2020,4,469,43070,10.27,101.7,84.9382,39.0
2020001087,문수로대공원 에일린의 뜰,31,울산,2020-09-18,2020,3,27,48964,101.0,101.7,59.7186,0.0
2020001087,문수로대공원 에일린의 뜰,31,울산,2020-09-18,2020,3,14,60388,208.43,101.7,75.9378,0.0
2020001087,문수로대공원 에일린의 뜰,31,울산,2020-09-18,2020,3,18,68410,659.44,101.7,84.8107,0.0
2020001079,번영로 센트리지,31,울산,2020-09-14,2020,3,16,22160,3.32,101.7,39.929,0.0
2020001079,번영로 센트리지,31,울산,2020-09-14,2020,3,117,42580,8.25,101.7,59.865,0.0
2020001079,번영로 센트리지,31,울산,2020-09-14,2020,3,61,41750,4.66,101.7,59.946,0.0
2020001079,번영로 센트리지,31,울산,2020-09-14,2020,3,19,42150,6.45,101.7,59.985,0.0
2020001079,번영로 센트리지,31,울산,2020-09-14,2020,3,94,50660,14.13,101.7,75.974,0.0
2020001079,번영로 센트리지,31,울산,2020-09-14,2020,3,29,49660,8.83,101.7,75.998,0.0
2020001079,번영로 센트리지,31,울산,2020-09-14,2020,3,100,49170,8.41,101.7,75.916,0.0
2020001079,번영로 센트리지,31,울산,2020-09-14,2020,3,46,49650,11.04,101.7,75.994,0.0
2020001079,번영로 센트리지,31,울산,2020-09-14,2020,3,47,49170,6.08,101.7,75.94,0.0
2020001079,번영로 센트리지,31,울산,2020-09-14,2020,3,45,55770,155.36,101.7,84.962,0.0
2020001079,번영로 센트리지,31,울산,2020-09-14,2020,3,202,54950,31.61,101.7,84.926,0.0
2020001079,번영로 센트리지,31,울산,2020-09-14,2020,3,42,54400,16.04,101.7,84.893,0.0
2020001079,번영로 센트리지,31,울산,2020-09-14,2020,3,35,56050,69.74,101.7,84.933,0.0
2020001079,번영로 센트리지,31,울산,2020-09-14,2020,3,52,54400,19.56,101.7,84.986,0.0
2020001079,번영로 센트리지,31,울산,2020-09-14,2020,3,69,54130,44.3,101.7,84.971,0.0
2020001078,포레나 양평,41,경기,2020-09-11,2020,3,51,40930,36.0,101.7,84.9633,20.0
2020001075,저전동 오네뜨 트윈시티,46,전남,2020-09-17,2020,3,26,28950,5.0,101.7,80.151,16.0
2020001075,저전동 오네뜨 트윈시티,46,전남,2020-09-17,2020,3,20,28950,6.0,101.7,80.151,16.0
2020001075,저전동 오네뜨 트윈시티,46,전남,2020-09-17,2020,3,10,30250,6.08,101.7,84.4032,0.0
2020001074,완주 푸르지오 더 퍼스트,52,전북,2020-09-15,2020,3,73,25300,48.0,101.7,72.9775,0.0
2020001074,완주 푸르지오 더 퍼스트,52,전북,2020-09-15,2020,3,194,28700,3.19,101.7,84.9725,0.0
2020001074,완주 푸르지오 더 퍼스트,52,전북,2020-09-15,2020,3,81,28700,1.53,101.7,84.9401,0.0
2020001065,천안 신방 삼부르네상스,44,충남,2020-09-14,2020,3,126,29170,1.01,101.7,75.9828,23.0
2020001065,천안 신방 삼부르네상스,44,충남,2020-09-14,2020,3,55,32850,8.92,101.7,84.9861,0.0
2020001053,비산 한신더휴,41,경기,2020-09-11,2020,3,46,40700,2.63,101.7,48.6774,0.0
2020001053,비산 한신더휴,41,경기,2020-09-11,2020,3,8,50500,17.75,101.7,62.7449,0.0
2020001053,비산 한신더휴,41,경기,2020-09-11,2020,3,9,49800,14.22,101.7,62.0192,0.0
2020001050,힐스테이트 삼동역,41,경기,2020-09-04,2020,3,44,38800,3.89,101.7,63.851,0.0
2020001050,힐스테이트 삼동역,41,경기,2020-09-04,2020,3,64,37000,4.64,101.7,63.998,0.0
2020001050,힐스테이트 삼동역,41,경기,2020-09-04,2020,3,149,42200,6.61,101.7,75.617,0.0
2020001050,힐스테이트 삼동역,41,경기,2020-09-04,2020,3,31,43900,6.74,101.7,75.938,0.0
2020001050,힐스테이트 삼동역,41,경기,2020-09-04,2020,3,35,48000,18.26,101.7,84.514,0.0
2020001043,수성 푸르지오 리버센트,27,대구,2020-09-04,2020,3,213,65500,4.53,101.7,84.9976,0.0
2020001043,수성 푸르지오 리버센트,27,대구,2020-09-04,2020,3,31,65500,19.0,101.7,84.994,0.0
2020001041,영흥공원 푸르지오 파크비엔,41,경기,2020-09-04,2020,3,91,56000,14.93,101.7,77.9781,0.0
2020001041,영흥공원 푸르지오 파크비엔,41,경기,2020-09-04,2020,3,317,64800,12.71,101.7,84.9839,0.0
2020001041,영흥공원 푸르지오 파크비엔,41,경기,2020-09-04,2020,3,94,64800,7.76,101.7,84.9868,0.0
2020001041,영흥공원 푸르지오 파크비엔,41,경기,2020-09-04,2020,3,177,64800,7.67,101.7,84.9957,0.0
2020001041,영흥공원 푸르지오 파크비엔,41,경기,2020-09-04,2020,3,83,64800,6.53,101.7,84.9954,0.0
2020001041,영흥공원 푸르지오 파크비엔,41,경기,2020-09-04,2020,3,66,81000,36.48,101.7,117.4366,0.0
2020001041,영흥공원 푸르지오 파크비엔,41,경기,2020-09-04,2020,3,99,81000,36.92,101.7,117.7413,0.0
2020001031,장안에스아이팰리스,11,서울,2020-09-02,2020,3,22,23500,17.0,103.2,13.88,0.0
2020001031,장안에스아이팰리스,11,서울,2020-09-02,2020,3,8,23500,2.63,103.2,14.139,0.0
2020001031,장안에스아이팰리스,11,서울,2020-09-02,2020,3,30,23500,1.67,103.2,14.213,0.0
2020001031,장안에스아이팰리스,11,서울,2020-09-02,2020,3,11,33000,3.27,103.2,23.381,0.0
2020001031,장안에스아이팰리스,11,서울,2020-09-02,2020,3,14,38000,7.29,103.2,26.537,0.0
2020001031,장안에스아이팰리스,11,서울,2020-09-02,2020,3,1,47000,38.0,103.2,28.75,0.0
2020001031,장안에스아이팰리스,11,서울,2020-09-02,2020,3,2,82000,67.5,103.2,47.201,0.0
2020001030,고덕신도시 A42BL 제일풍경채3차 센텀,41,경기,2020-09-04,2020,3,91,42200,32.22,101.7,75.7246,42.0
2020001030,고덕신도시 A42BL 제일풍경채3차 센텀,41,경기,2020-09-04,2020,3,174,46900,98.17,101.7,84.908,44.0
2020001030,고덕신도시 A42BL 제일풍경채3차 센텀,41,경기,2020-09-04,2020,3,104,46300,43.86,101.7,84.9279,41.0
2020001030,고덕신도시 A42BL 제일풍경채3차 센텀,41,경기,2020-09-04,2020,3,98,46200,45.9,101.7,84.908,44.0
2020001029,의정부역 스카이자이,41,경기,2020-09-11,2020,3,51,45620,2.57,101.7,66.03,0.0
2020001029,의정부역 스카이자이,41,경기,2020-09-11,2020,3,52,52870,2.94,101.7,76.95,0.0
2020001029,의정부역 스카이자이,41,경기,2020-09-11,2020,3,77,50600,2.14,101.7,76.7,0.0
2020001029,의정부역 스카이자이,41,경기,2020-09-11,2020,3,26,49730,1.69,101.7,76.56,0.0
2020001029,의정부역 스카이자이,41,경기,2020-09-11,2020,3,27,56500,7.85,101.7,84.92,0.0
2020001027,대전 용산지구 1BL 호반써밋 그랜드파크,30,대전,2020-09-18,2020,3,551,42440,19.98,101.7,84.9769,0.0
2020001027,대전 용산지구 1BL 호반써밋 그랜드파크,30,대전,2020-09-18,2020,3,56,41270,20.91,101.7,84.9899,0.0
2020001026,용인 보평역 서희스타힐스 리버파크,41,경기,2020-11-25,2020,4,191,28800,1.12,101.7,59.9806,0.0
2020001026,용인 보평역 서희스타힐스 리버파크,41,경기,2020-11-25,2020,4,102,28700,62.6,101.7,59.8423,0.0
2020001026,용인 보평역 서희스타힐스 리버파크,41,경기,2020-11-25,2020,4,7,29900,1.73,101.7,62.2423,0.0
2020001026,용인 보평역 서희스타힐스 리버파크,41,경기,2020-11-25,2020,4,46,34000,4.22,101.7,71.131,0.0
2020001026,용인 보평역 서희스타힐스 리버파크,41,경기,2020-11-25,2020,4,36,34100,2.64,101.7,71.2948,0.0
2020001026,용인 보평역 서희스타힐스 리버파크,41,경기,2020-11-25,2020,4,19,40300,13.26,101.7,84.8409,0.0
2020001026,용인 보평역 서희스타힐스 리버파크,41,경기,2020-11-25,2020,4,2,50900,42.0,101.7,105.4455,0.0
2020001023,대전 용산지구 3BL 호반써밋 그랜드파크,30,대전,2020-09-17,2020,3,350,42460,8.85,101.7,84.9769,0.0
2020001023,대전 용산지구 3BL 호반써밋 그랜드파크,30,대전,2020-09-17,2020,3,45,41360,30.44,101.7,84.9899,0.0
2020001012,서대구센트럴자이,27,대구,2020-08-27,2020,3,162,38450,4.27,101.7,59.8299,0.0
2020001012,서대구센트럴자이,27,대구,2020-08-27,2020,3,48,38150,2.38,101.7,59.9497,0.0
2020001012,서대구센트럴자이,27,대구,2020-08-27,2020,3,9,39090,29.4,101.7,59.8942,0.0
2020001012,서대구센트럴자이,27,대구,2020-08-27,2020,3,141,45130,7.53,101.7,74.9325,0.0
2020001012,서대구센트럴자이,27,대구,2020-08-27,2020,3,29,47020,11.59,101.7,74.7862,0.0
2020001012,서대구센트럴자이,27,대구,2020-08-27,2020,3,141,51940,70.41,101.7,84.971,0.0
2020001012,서대구센트럴자이,27,대구,2020-08-27,2020,3,78,51060,19.0,101.7,84.9537,0.0
2020001008,포레나 순천,46,전남,2020-08-21,2020,3,141,33000,40.09,101.7,84.9183,0.0
2020001008,포레나 순천,46,전남,2020-08-21,2020,3,154,32700,14.02,101.7,84.9589,0.0
2020001002,행정타운 센트럴 두산위브,44,충남,2020-08-21,2020,3,93,29010,15.09,101.7,74.6653,0.0
2020001002,행정타운 센트럴 두산위브,44,충남,2020-08-21,2020,3,59,28529,10.29,101.7,74.4191,0.0
2020001002,행정타운 센트럴 두산위브,44,충남,2020-08-21,2020,3,97,32777,134.03,101.7,84.873,0.0
2020001002,행정타운 센트럴 두산위브,44,충남,2020-08-21,2020,3,13,31023,42.46,101.7,84.873,0.0
2020001002,행정타운 센트럴 두산위브,44,충남,2020-08-21,2020,3,38,32687,58.18,101.7,84.1601,0.0
2020001002,행정타운 센트럴 두산위브,44,충남,2020-08-21,2020,3,78,31954,26.03,101.7,84.9825,0.0
2020001002,행정타운 센트럴 두산위브,44,충남,2020-08-21,2020,3,5,34078,492.4,101.7,84.9859,0.0
2020001002,행정타운 센트럴 두산위브,44,충남,2020-08-21,2020,3,5,34567,123.0,101.7,84.18,0.0
2020001002,행정타운 센트럴 두산위브,44,충남,2020-08-21,2020,3,5,34883,142.0,101.7,84.0809,0.0
2020001001,고덕신도시 EBC-1BL 힐스테이트 고덕 스카이시티,41,경기,2020-08-19,2020,3,98,48037,40.5,101.7,76.3622,45.0
2020001001,고덕신도시 EBC-1BL 힐스테이트 고덕 스카이시티,41,경기,2020-08-19,2020,3,159,52589,68.44,101.7,84.182,55.0
2020001001,고덕신도시 EBC-1BL 힐스테이트 고덕 스카이시티,41,경기,2020-08-19,2020,3,190,55627,113.21,101.7,90.3115,54.0
2020001001,고덕신도시 EBC-1BL 힐스테이트 고덕 스카이시티,41,경기,2020-08-19,2020,3,1,58354,20.0,101.7,94.3632,0.0
2020001001,고덕신도시 EBC-1BL 힐스테이트 고덕 스카이시티,41,경기,2020-08-19,2020,3,1,58768,11.0,101.7,94.46,0.0
2020001001,고덕신도시 EBC-1BL 힐스테이트 고덕 스카이시티,41,경기,2020-08-19,2020,3,1,66518,19.0,101.7,101.5619,0.0
2020001001,고덕신도시 EBC-1BL 힐스테이트 고덕 스카이시티,41,경기,2020-08-19,2020,3,4,69859,270.0,101.7,106.9274,59.0
2020000997,더샵 수성라크에르,27,대구,2020-08-20,2020,3,66,42810,2.95,101.7,59.8476,0.0
2020000997,더샵 수성라크에르,27,대구,2020-08-20,2020,3,60,53490,13.05,101.7,75.9022,0.0
2020000997,더샵 수성라크에르,27,대구,2020-08-20,2020,3,2,56670,424.5,101.7,84.9397,0.0
2020000996,e편한세상 김포 어반베뉴,41,경기,2020-08-20,2020,3,112,22640,12.36,101.7,59.9953,50.0
2020000996,e편한세상 김포 어반베뉴,41,경기,2020-08-20,2020,3,21,22400,9.83,101.7,59.9467,45.0
2020000995,금남로 중흥S-클래스&두산위브더제니스,29,광주,2020-09-04,2020,3,156,34700,2.82,101.7,59.787,0.0
2020000995,금남로 중흥S-클래스&두산위브더제니스,29,광주,2020-09-04,2020,3,44,34500,1.54,101.7,59.9586,0.0
2020000995,금남로 중흥S-클래스&두산위브더제니스,29,광주,2020-09-04,2020,3,61,37400,1.63,101.7,63.9938,0.0
2020000995,금남로 중흥S-클래스&두산위브더제니스,29,광주,2020-09-04,2020,3,295,46500,5.44,101.7,76.8231,0.0
2020000995,금남로 중흥S-클래스&두산위브더제니스,29,광주,2020-09-04,2020,3,44,46200,1.89,101.7,76.4432,0.0
2020000995,금남로 중흥S-클래스&두산위브더제니스,29,광주,2020-09-04,2020,3,44,45800,1.71,101.7,76.8906,0.0
2020000995,금남로 중흥S-클래스&두산위브더제니스,29,광주,2020-09-04,2020,3,95,51900,74.97,101.7,84.9799,0.0
2020000995,금남로 중흥S-클래스&두산위브더제니스,29,광주,2020-09-04,2020,3,88,51600,15.11,101.7,84.9366,0.0
2020000995,금남로 중흥S-클래스&두산위브더제니스,29,광주,2020-09-04,2020,3,175,51200,11.27,101.7,84.9688,0.0
2020000987,공주 월송지구 B-1BL 지평더웰,44,충남,2020-08-21,2020,3,79,26900,1.68,101.7,80.0037,0.0
2020000987,공주 월송지구 B-1BL 지평더웰,44,충남,2020-08-21,2020,3,90,29730,7.71,101.7,84.9645,0.0
2020000987,공주 월송지구 B-1BL 지평더웰,44,충남,2020-08-21,2020,3,46,29730,3.02,101.7,84.9422,0.0
2020000987,공주 월송지구 B-1BL 지평더웰,44,충남,2020-08-21,2020,3,2,33930,78.0,101.7,84.8644,0.0
2020000985,괴정신동아파밀리에,26,부산,2020-08-31,2020,3,8,36000,2.63,101.7,59.893,0.0
2020000985,괴정신동아파밀리에,26,부산,2020-08-31,2020,3,12,42200,2.5,101.7,72.7815,0.0
2020000985,괴정신동아파밀리에,26,부산,2020-08-31,2020,3,1,46700,53.0,101.7,84.6631,0.0
2020000983,신동탄 롯데캐슬 나노시티,41,경기,2020-08-19,2020,3,51,45900,14.96,101.7,59.9951,0.0
2020000983,신동탄 롯데캐슬 나노시티,41,경기,2020-08-19,2020,3,25,44200,7.4,101.7,59.9952,0.0
2020000983,신동탄 롯데캐슬 나노시티,41,경기,2020-08-19,2020,3,25,44800,6.04,101.7,59.9984,0.0
2020000983,신동탄 롯데캐슬 나노시티,41,경기,2020-08-19,2020,3,300,58100,15.96,101.7,84.9964,0.0
2020000983,신동탄 롯데캐슬 나노시티,41,경기,2020-08-19,2020,3,102,56700,5.75,101.7,84.9935,0.0
2020000983,신동탄 롯데캐슬 나노시티,41,경기,2020-08-19,2020,3,42,57500,5.71,101.7,84.9935,0.0
2020000983,신동탄 롯데캐슬 나노시티,41,경기,2020-08-19,2020,3,37,78900,13.0,101.7,111.8909,0.0
2020000968,시화MTV 공동3 호반써밋 더 프라임,41,경기,2020-08-13,2020,3,118,29039,15.61,101.7,59.7925,33.0
2020000968,시화MTV 공동3 호반써밋 더 프라임,41,경기,2020-08-13,2020,3,115,29088,10.52,101.7,59.5893,32.0
2020000968,시화MTV 공동3 호반써밋 더 프라임,41,경기,2020-08-13,2020,3,123,36687,29.16,101.7,74.8946,48.0
2020000968,시화MTV 공동3 호반써밋 더 프라임,41,경기,2020-08-13,2020,3,121,40089,68.96,101.7,84.7402,52.0
2020000967,양주회천 덕계역 대광로제비앙(A-19),41,경기,2020-08-21,2020,3,101,41000,6.26,101.7,84.9934,25.0
2020000966,부천 소사 현진에버빌,41,경기,2020-09-25,2020,3,9,35990,1.89,101.7,59.6915,0.0
2020000966,부천 소사 현진에버빌,41,경기,2020-09-25,2020,3,45,40630,1.56,101.7,65.744,0.0
2020000966,부천 소사 현진에버빌,41,경기,2020-09-25,2020,3,3,45640,5.67,101.7,74.9805,0.0
2020000966,부천 소사 현진에버빌,41,경기,2020-09-25,2020,3,2,45600,3.5,101.7,74.9745,0.0
2020000966,부천 소사 현진에버빌,41,경기,2020-09-25,2020,3,13,50230,5.85,101.7,81.6105,0.0
2020000966,부천 소사 현진에버빌,41,경기,2020-09-25,2020,3,4,49870,3.25,101.7,81.6045,0.0
2020000966,부천 소사 현진에버빌,41,경기,2020-09-25,2020,3,3,66230,4.67,101.7,102.9864,0.0
2020000966,부천 소사 현진에버빌,41,경기,2020-09-25,2020,3,4,65710,2.5,101.7,102.154,0.0
2020000947,무등산 명지 로드힐,29,광주,2020-08-07,2020,3,126,32500,31.0,101.7,74.1309,0.0
2020000947,무등산 명지 로드힐,29,광주,2020-08-07,2020,3,14,32500,1.74,101.7,74.1309,0.0
2020000947,무등산 명지 로드힐,29,광주,2020-08-07,2020,3,14,32500,12.0,101.7,74.1309,0.0
2020000946,e편한세상 지제역,41,경기,2020-08-06,2020,3,235,38100,199.0,101.7,74.7074,0.0
2020000946,e편한세상 지제역,41,경기,2020-08-06,2020,3,120,41000,2.05,101.7,84.8086,0.0
2020000946,e편한세상 지제역,41,경기,2020-08-06,2020,3,249,41700,133.0,101.7,84.052,0.0
2020000942,DMC아트포레자이,11,서울,2020-08-03,2020,3,90,52700,53.32,103.2,59.9,0.0
2020000942,DMC아트포레자이,11,서울,2020-08-03,2020,3,14,62800,61.86,103.2,73.8,0.0
2020000942,DMC아트포레자이,11,서울,2020-08-03,2020,3,7,63000,103.43,103.2,73.8,0.0
2020000942,DMC아트포레자이,11,서울,2020-08-03,2020,3,16,60300,98.69,103.2,73.99,0.0
2020000942,DMC아트포레자이,11,서울,2020-08-03,2020,3,21,70700,69.76,103.2,84.99,0.0
2020000942,DMC아트포레자이,11,서울,2020-08-03,2020,3,35,67500,92.63,103.2,84.99,0.0
2020000931,힐데스하임 천호,11,서울,2020-08-11,2020,3,2,67870,693.0,103.2,59.9777,0.0
2020000931,힐데스하임 천호,11,서울,2020-08-11,2020,3,32,85850,67.75,103.2,84.9627,0.0
2020000931,힐데스하임 천호,11,서울,2020-08-11,2020,3,26,86720,62.62,103.2,84.9914,0.0
2020000931,힐데스하임 천호,11,서울,2020-08-11,2020,3,3,87790,194.33,103.2,84.9893,0.0
2020000931,힐데스하임 천호,11,서울,2020-08-11,2020,3,4,95530,582.0,103.2,108.9568,0.0
2020000929,대구오페라스위첸,27,대구,2020-07-31,2020,3,286,56560,23.38,101.7,84.9227,0.0
2020000929,대구오페라스위첸,27,대구,2020-07-31,2020,3,156,55870,7.65,101.7,84.9704,0.0
2020000929,대구오페라스위첸,27,대구,2020-07-31,2020,3,39,55450,8.75,101.7,84.958,0.0
2020000929,대구오페라스위첸,27,대구,2020-07-31,2020,3,12,57760,39.92,101.7,84.983,0.0
2020000928,DMC센트럴자이,11,서울,2020-08-03,2020,3,5,43800,187.4,103.2,55.74,0.0
2020000928,DMC센트럴자이,11,서울,2020-08-03,2020,3,21,44200,165.76,103.2,55.93,0.0
2020000928,DMC센트럴자이,11,서울,2020-08-03,2020,3,4,43600,308.25,103.2,59.97,0.0
2020000928,DMC센트럴자이,11,서울,2020-08-03,2020,3,10,47600,233.5,103.2,59.97,0.0
2020000928,DMC센트럴자이,11,서울,2020-08-03,2020,3,6,47800,176.5,103.2,59.96,0.0
2020000928,DMC센트럴자이,11,서울,2020-08-03,2020,3,14,63000,118.93,103.2,74.78,0.0
2020000928,DMC센트럴자이,11,서울,2020-08-03,2020,3,29,72800,99.1,103.2,84.85,0.0
2020000928,DMC센트럴자이,11,서울,2020-08-03,2020,3,67,70900,79.0,103.2,84.96,0.0
2020000928,DMC센트럴자이,11,서울,2020-08-03,2020,3,90,73100,125.03,103.2,84.92,0.0
2020000928,DMC센트럴자이,11,서울,2020-08-03,2020,3,24,73400,180.58,103.2,84.97,0.0
2020000928,DMC센트럴자이,11,서울,2020-08-03,2020,3,10,68100,156.1,103.2,84.88,0.0
2020000926,DMC파인시티자이,11,서울,2020-08-03,2020,3,54,52300,34.43,103.2,59.98,0.0
2020000926,DMC파인시티자이,11,서울,2020-08-03,2020,3,21,50200,49.57,103.2,59.64,0.0
2020000926,DMC파인시티자이,11,서울,2020-08-03,2020,3,30,52400,33.3,103.2,59.98,0.0
2020000926,DMC파인시티자이,11,서울,2020-08-03,2020,3,15,52600,54.27,103.2,59.97,0.0
2020000926,DMC파인시티자이,11,서울,2020-08-03,2020,3,55,66000,34.35,103.2,74.84,0.0
2020000926,DMC파인시티자이,11,서울,2020-08-03,2020,3,9,66300,62.89,103.2,74.89,0.0
2020000926,DMC파인시티자이,11,서울,2020-08-03,2020,3,41,63000,46.98,103.2,74.78,0.0
2020000926,DMC파인시티자이,11,서울,2020-08-03,2020,3,13,72100,65.92,103.2,84.97,0.0
2020000926,DMC파인시티자이,11,서울,2020-08-03,2020,3,19,69100,48.95,103.2,84.97,0.0
2020000926,DMC파인시티자이,11,서울,2020-08-03,2020,3,4,72800,129.5,103.2,84.96,0.0
2020000926,DMC파인시티자이,11,서울,2020-08-03,2020,3,14,69500,54.79,103.2,84.98,0.0
2020000926,DMC파인시티자이,11,서울,2020-08-03,2020,3,7,72100,85.71,103.2,84.94,0.0
2020000925,서대구역 서한이다음 더 퍼스트,27,대구,2020-07-30,2020,3,24,34800,6.25,101.7,62.978,0.0
2020000925,서대구역 서한이다음 더 퍼스트,27,대구,2020-07-30,2020,3,14,35200,2.1,101.7,62.9986,0.0
2020000925,서대구역 서한이다음 더 퍼스트,27,대구,2020-07-30,2020,3,29,34800,2.63,101.7,62.9986,0.0
2020000925,서대구역 서한이다음 더 퍼스트,27,대구,2020-07-30,2020,3,129,42100,4.93,101.7,76.917,0.0
2020000925,서대구역 서한이다음 더 퍼스트,27,대구,2020-07-30,2020,3,13,42100,3.53,101.7,76.9973,0.0
2020000925,서대구역 서한이다음 더 퍼스트,27,대구,2020-07-30,2020,3,29,42500,1.18,101.7,76.917,0.0
2020000925,서대구역 서한이다음 더 퍼스트,27,대구,2020-07-30,2020,3,14,42500,1.48,101.7,76.9973,0.0
2020000925,서대구역 서한이다음 더 퍼스트,27,대구,2020-07-30,2020,3,43,47300,55.51,101.7,84.9308,0.0
2020000925,서대구역 서한이다음 더 퍼스트,27,대구,2020-07-30,2020,3,41,47300,7.96,101.7,84.9917,0.0
2020000924,화성 봉담2지구 B-1BL 중흥S-클래스,41,경기,2020-08-14,2020,3,441,36600,25.26,101.7,84.7285,28.0
2020000924,화성 봉담2지구 B-1BL 중흥S-클래스,41,경기,2020-08-14,2020,3,71,35300,14.28,101.7,84.3569,0.0
2020000924,화성 봉담2지구 B-1BL 중흥S-클래스,41,경기,2020-08-14,2020,3,94,35200,10.58,101.7,84.4118,0.0
2020000923,화성 봉담2지구 B-4BL 중흥S-클래스,41,경기,2020-08-14,2020,3,185,33300,13.26,101.7,72.2044,25.0
2020000923,화성 봉담2지구 B-4BL 중흥S-클래스,41,경기,2020-08-14,2020,3,68,32800,4.14,101.7,72.8305,0.0
2020000923,화성 봉담2지구 B-4BL 중흥S-클래스,41,경기,2020-08-14,2020,3,156,37200,53.9,101.7,84.6329,46.0
2020000923,화성 봉담2지구 B-4BL 중흥S-클래스,41,경기,2020-08-14,2020,3,69,35800,28.93,101.7,84.7379,33.0
2020000922,신목동 파라곤,11,서울,2020-08-20,2020,3,9,53670,204.22,103.2,59.7052,0.0
2020000922,신목동 파라곤,11,서울,2020-08-20,2020,3,7,50350,216.71,103.2,59.9208,0.0
2020000922,신목동 파라곤,11,서울,2020-08-20,2020,3,42,66330,81.38,103.2,74.6437,0.0
2020000922,신목동 파라곤,11,서울,2020-08-20,2020,3,17,70850,215.59,103.2,84.9582,0.0
2020000922,신목동 파라곤,11,서울,2020-08-20,2020,3,9,71260,210.67,103.2,84.9558,0.0
2020000918,연제 SK VIEW Central,26,부산,2020-08-05,2020,3,6,38820,31.5,101.7,52.2063,0.0
2020000918,연제 SK VIEW Central,26,부산,2020-08-05,2020,3,11,39930,50.45,101.7,53.574,0.0
2020000918,연제 SK VIEW Central,26,부산,2020-08-05,2020,3,11,48310,140.55,101.7,66.2816,0.0
2020000918,연제 SK VIEW Central,26,부산,2020-08-05,2020,3,2,49630,122.5,101.7,67.3083,0.0
2020000918,연제 SK VIEW Central,26,부산,2020-08-05,2020,3,2,55920,921.0,101.7,78.1676,0.0
2020000918,연제 SK VIEW Central,26,부산,2020-08-05,2020,3,3,55700,360.33,101.7,78.0669,0.0
2020000915,청라힐 지웰 더 센트로,27,대구,2020-07-31,2020,3,72,47000,1.08,101.7,72.7018,0.0
2020000915,청라힐 지웰 더 센트로,27,대구,2020-07-31,2020,3,1,47010,27.0,101.7,72.7018,0.0
2020000915,청라힐 지웰 더 센트로,27,대구,2020-07-31,2020,3,22,53210,17.16,101.7,84.7134,0.0
2020000913,레이카운티,26,부산,2020-09-14,2020,3,50,32400,39.5,101.7,49.8694,0.0
2020000913,레이카운티,26,부산,2020-09-14,2020,3,4,30300,120.25,101.7,49.8694,0.0
2020000913,레이카운티,26,부산,2020-09-14,2020,3,262,47900,68.08,101.7,59.9866,0.0
2020000913,레이카운티,26,부산,2020-09-14,2020,3,116,47500,52.72,101.7,59.9978,0.0
2020000913,레이카운티,26,부산,2020-09-14,2020,3,4,63800,735.0,101.7,75.9379,0.0
2020000913,레이카운티,26,부산,2020-09-14,2020,3,2,56400,643.5,101.7,75.9032,0.0
2020000913,레이카운티,26,부산,2020-09-14,2020,3,544,71100,127.12,101.7,84.8261,0.0
2020000913,레이카운티,26,부산,2020-09-14,2020,3,594,71000,133.12,101.7,84.9823,0.0
2020000912,오션라이프 에일린의 뜰 2단지,26,부산,2020-07-31,2020,3,42,32070,8.83,101.7,59.7654,0.0
2020000912,오션라이프 에일린의 뜰 2단지,26,부산,2020-07-31,2020,3,15,29780,5.2,101.7,59.767,0.0
2020000912,오션라이프 에일린의 뜰 2단지,26,부산,2020-07-31,2020,3,69,40740,8.27,101.7,74.9696,0.0
2020000912,오션라이프 에일린의 뜰 2단지,26,부산,2020-07-31,2020,3,119,45840,37.41,101.7,84.9355,0.0
2020000911,오션라이프 에일린의 뜰 1단지,26,부산,2020-07-31,2020,3,53,30860,6.82,101.7,59.7654,0.0
2020000911,오션라이프 에일린의 뜰 1단지,26,부산,2020-07-31,2020,3,13,28660,4.58,101.7,59.767,0.0
2020000911,오션라이프 에일린의 뜰 1단지,26,부산,2020-07-31,2020,3,73,39310,12.2,101.7,74.9694,0.0
2020000911,오션라이프 에일린의 뜰 1단지,26,부산,2020-07-31,2020,3,36,39210,4.25,101.7,74.9696,0.0
2020000911,오션라이프 에일린의 뜰 1단지,26,부산,2020-07-31,2020,3,14,36430,3.19,101.7,74.9731,0.0
2020000911,오션라이프 에일린의 뜰 1단지,26,부산,2020-07-31,2020,3,88,44120,47.15,101.7,84.9355,0.0
2020000911,오션라이프 에일린의 뜰 1단지,26,부산,2020-07-31,2020,3,13,41080,20.27,101.7,84.8915,0.0
2020000910,동대구역 화성파크드림,27,대구,2020-07-31,2020,3,8,42000,156.75,101.7,59.9936,0.0
2020000910,동대구역 화성파크드림,27,대구,2020-07-31,2020,3,10,41000,58.6,101.7,59.8529,0.0
2020000910,동대구역 화성파크드림,27,대구,2020-07-31,2020,3,208,56400,82.83,101.7,84.8163,0.0
2020000910,동대구역 화성파크드림,27,대구,2020-07-31,2020,3,42,56400,59.36,101.7,84.9276,0.0
2020000910,동대구역 화성파크드림,27,대구,2020-07-31,2020,3,111,57100,79.42,101.7,84.9482,0.0
2020000909,해링턴 플레이스 감삼Ⅱ(2차),27,대구,2020-07-31,2020,3,46,64480,67.43,101.7,84.9658,0.0
2020000901,힐스테이트 천호역 젠트리스,11,서울,2020-07-31,2020,3,80,104780,21.49,103.2,84.8422,0.0
2020000901,힐스테이트 천호역 젠트리스,11,서울,2020-07-31,2020,3,40,104860,24.75,103.2,84.9482,0.0
2020000901,힐스테이트 천호역 젠트리스,11,서울,2020-07-31,2020,3,40,102900,15.33,103.2,84.7668,0.0
2020000900,시화 MTV 파라곤,41,경기,2020-07-24,2020,3,188,27100,14.32,101.7,59.7075,21.0
2020000900,시화 MTV 파라곤,41,경기,2020-07-24,2020,3,92,38000,40.83,101.7,84.9665,44.0
2020000900,시화 MTV 파라곤,41,경기,2020-07-24,2020,3,92,38000,18.3,101.7,84.9225,29.0
2020000899,DMC SK VIEW 아이파크포레,11,서울,2020-08-03,2020,3,41,36060,34.56,103.2,39.97,0.0
2020000899,DMC SK VIEW 아이파크포레,11,서울,2020-08-03,2020,3,29,45500,96.69,103.2,49.92,0.0
2020000899,DMC SK VIEW 아이파크포레,11,서울,2020-08-03,2020,3,9,47640,138.67,103.2,53.95,0.0
2020000899,DMC SK VIEW 아이파크포레,11,서울,2020-08-03,2020,3,2,48670,1053.5,103.2,59.96,0.0
2020000899,DMC SK VIEW 아이파크포레,11,서울,2020-08-03,2020,3,3,52060,788.67,103.2,59.97,0.0
2020000899,DMC SK VIEW 아이파크포레,11,서울,2020-08-03,2020,3,5,61790,640.8,103.2,76.65,0.0
2020000899,DMC SK VIEW 아이파크포레,11,서울,2020-08-03,2020,3,9,65780,976.0,103.2,84.95,0.0
2020000899,DMC SK VIEW 아이파크포레,11,서울,2020-08-03,2020,3,3,68430,1101.67,103.2,84.94,0.0
2020000899,DMC SK VIEW 아이파크포레,11,서울,2020-08-03,2020,3,4,79160,1976.75,103.2,102.74,0.0
2020000899,DMC SK VIEW 아이파크포레,11,서울,2020-08-03,2020,3,5,93700,857.6,103.2,120.04,0.0
2020000894,대연 푸르지오 클라센트,26,부산,2020-07-24,2020,3,67,42120,70.73,101.7,59.9697,0.0
2020000894,대연 푸르지오 클라센트,26,부산,2020-07-24,2020,3,25,43300,64.72,101.7,59.9837,0.0
2020000894,대연 푸르지오 클라센트,26,부산,2020-07-24,2020,3,162,48940,92.04,101.7,74.9183,0.0
2020000894,대연 푸르지오 클라센트,26,부산,2020-07-24,2020,3,21,49040,86.67,101.7,74.9717,0.0
2020000894,대연 푸르지오 클라센트,26,부산,2020-07-24,2020,3,2,48640,1803.5,101.7,84.9921,0.0
2020000894,대연 푸르지오 클라센트,26,부산,2020-07-24,2020,3,54,55220,428.09,101.7,84.9624,0.0
2020000894,대연 푸르지오 클라센트,26,부산,2020-07-24,2020,3,21,55290,137.1,101.7,84.9884,0.0
2020000893,대구 태전역 광신프로그레스,27,대구,2020-07-23,2020,3,4,34520,3.29,101.7,59.734,0.0
2020000893,대구 태전역 광신프로그레스,27,대구,2020-07-23,2020,3,78,47920,1.52,101.7,84.9687,0.0
2020000891,달성 파크 푸르지오 힐스테이트,27,대구,2020-07-24,2020,3,38,23300,1.85,101.7,39.7662,0.0
2020000891,달성 파크 푸르지오 힐스테이트,27,대구,2020-07-24,2020,3,48,37600,13.81,101.7,59.7402,0.0
2020000891,달성 파크 푸르지오 힐스테이트,27,대구,2020-07-24,2020,3,186,45700,8.66,101.7,74.9933,0.0
2020000891,달성 파크 푸르지오 힐스테이트,27,대구,2020-07-24,2020,3,105,51700,60.81,101.7,84.9713,0.0
2020000891,달성 파크 푸르지오 힐스테이트,27,대구,2020-07-24,2020,3,112,51300,25.04,101.7,84.9221,0.0
2020000891,달성 파크 푸르지오 힐스테이트,27,대구,2020-07-24,2020,3,88,50200,74.84,101.7,84.7259,0.0
2020000890,죽전역 코아루 더리브,27,대구,2020-07-24,2020,3,68,61654,6.51,101.7,84.9429,0.0
2020000890,죽전역 코아루 더리브,27,대구,2020-07-24,2020,3,71,61682,10.43,101.7,84.9798,0.0
2020000888,구리 인창 대원 칸타빌,41,경기,2020-07-24,2020,3,35,53810,2.49,101.7,74.9182,0.0
2020000888,구리 인창 대원 칸타빌,41,경기,2020-07-24,2020,3,85,60510,1.99,101.7,84.9707,0.0
2020000886,롯데캐슬 리버파크 시그니처(자양),11,서울,2020-07-30,2020,3,46,81100,126.76,103.2,59.9706,0.0
2020000886,롯데캐슬 리버파크 시그니처(자양),11,서울,2020-07-30,2020,3,35,80500,102.46,103.2,59.9702,0.0
2020000886,롯데캐슬 리버파크 시그니처(자양),11,서울,2020-07-30,2020,3,153,106900,22.92,103.2,84.9883,0.0
2020000886,롯데캐슬 리버파크 시그니처(자양),11,서울,2020-07-30,2020,3,139,107200,16.38,103.2,84.9939,0.0
2020000886,롯데캐슬 리버파크 시그니처(자양),11,서울,2020-07-30,2020,3,29,103300,19.03,103.2,84.8985,0.0
2020000886,롯데캐슬 리버파크 시그니처(자양),11,서울,2020-07-30,2020,3,3,95500,119.0,103.2,84.8577,0.0
2020000886,롯데캐슬 리버파크 시그니처(자양),11,서울,2020-07-30,2020,3,10,112400,784.4,103.2,101.9887,0.0
2020000886,롯데캐슬 리버파크 시그니처(자양),11,서울,2020-07-30,2020,3,7,110300,540.86,103.2,101.9922,0.0
2020000885,시흥 금강펜테리움 오션베이(시화MTV 공동4블럭),41,경기,2020-07-23,2020,3,285,27000,14.6,101.7,59.9879,40.0
2020000885,시흥 금강펜테리움 오션베이(시화MTV 공동4블럭),41,경기,2020-07-23,2020,3,7,27100,63.0,101.7,60.0869,48.0
2020000885,시흥 금강펜테리움 오션베이(시화MTV 공동4블럭),41,경기,2020-07-23,2020,3,173,37800,44.11,101.7,84.9133,51.0
2020000885,시흥 금강펜테리움 오션베이(시화MTV 공동4블럭),41,경기,2020-07-23,2020,3,33,38000,44.43,101.7,84.2719,52.0
2020000885,시흥 금강펜테리움 오션베이(시화MTV 공동4블럭),41,경기,2020-07-23,2020,3,32,38600,83.0,101.7,84.9534,57.0
2020000884,더샵 디어엘로,27,대구,2020-07-27,2020,3,130,41270,11.48,101.7,59.9017,0.0
2020000884,더샵 디어엘로,27,대구,2020-07-27,2020,3,52,49270,10.28,101.7,72.9902,0.0
2020000884,더샵 디어엘로,27,대구,2020-07-27,2020,3,52,50300,38.48,101.7,72.7794,0.0
2020000884,더샵 디어엘로,27,대구,2020-07-27,2020,3,50,56930,62.98,101.7,84.9535,0.0
2020000884,더샵 디어엘로,27,대구,2020-07-27,2020,3,85,57510,74.26,101.7,84.9595,0.0
2020000884,더샵 디어엘로,27,대구,2020-07-27,2020,3,53,58280,166.08,101.7,84.9873,0.0
2020000883,빌리브 파크뷰,27,대구,2020-07-30,2020,3,26,59080,38.85,101.7,84.4382,0.0
2020000883,빌리브 파크뷰,27,대구,2020-07-30,2020,3,26,60100,14.57,101.7,84.1281,0.0
2020000882,무계서희스타힐스,48,경남,2020-07-20,2020,3,6,34740,4.0,101.7,84.9669,0.0
2020000878,경산 서희스타힐스,47,경북,2020-07-28,2020,3,55,33000,1.14,101.7,59.9945,0.0
2020000878,경산 서희스타힐스,47,경북,2020-07-28,2020,3,37,39800,1.17,101.7,73.9763,0.0
2020000878,경산 서희스타힐스,47,경북,2020-07-28,2020,3,40,39900,4.04,101.7,73.9873,0.0
2020000878,경산 서희스타힐스,47,경북,2020-07-28,2020,3,17,43600,18.12,101.7,84.9989,0.0
2020000877,고덕 아르테스 미소지움,11,서울,2020-10-08,2020,4,2,68300,787.5,103.2,59.97,0.0
2020000877,고덕 아르테스 미소지움,11,서울,2020-10-08,2020,4,7,67200,505.71,103.2,59.97,0.0
2020000877,고덕 아르테스 미소지움,11,서울,2020-10-08,2020,4,17,86600,520.53,103.2,84.96,0.0
2020000875,양평 휴먼빌 센트럴 시티,41,경기,2020-07-20,2020,3,11,28500,3.13,101.7,59.8995,0.0
2020000875,양평 휴먼빌 센트럴 시티,41,경기,2020-07-20,2020,3,31,28500,1.13,101.7,59.8618,0.0
2020000875,양평 휴먼빌 센트럴 시티,41,경기,2020-07-20,2020,3,50,39500,15.0,101.7,84.956,26.0
2020000872,해링턴 플레이스 동대구,27,대구,2020-07-23,2020,3,28,39190,1.36,101.7,59.9469,0.0
2020000872,해링턴 플레이스 동대구,27,대구,2020-07-23,2020,3,78,47390,1.54,101.7,74.9583,0.0
2020000872,해링턴 플레이스 동대구,27,대구,2020-07-23,2020,3,15,47290,1.46,101.7,74.9583,0.0
2020000872,해링턴 플레이스 동대구,27,대구,2020-07-23,2020,3,168,53700,4.12,101.7,84.9712,0.0
2020000872,해링턴 플레이스 동대구,27,대구,2020-07-23,2020,3,104,52940,1.7,101.7,84.9716,0.0
2020000872,해링턴 플레이스 동대구,27,대구,2020-07-23,2020,3,28,52940,2.65,101.7,84.9716,0.0
2020000871,동대구2차 비스타동원,27,대구,2020-07-17,2020,3,37,36140,1.79,101.7,59.9746,0.0
2020000871,동대구2차 비스타동원,27,대구,2020-07-17,2020,3,101,44840,1.82,101.7,76.5403,0.0
2020000871,동대구2차 비스타동원,27,대구,2020-07-17,2020,3,38,49140,18.82,101.7,84.9887,0.0
2020000870,광안경동리인,26,부산,2020-07-21,2020,3,9,33210,6.0,101.7,53.72,0.0
2020000870,광안경동리인,26,부산,2020-07-21,2020,3,9,32750,5.08,101.7,53.755,0.0
2020000870,광안경동리인,26,부산,2020-07-21,2020,3,9,35410,11.78,101.7,56.7275,0.0
2020000870,광안경동리인,26,부산,2020-07-21,2020,3,1,41130,32.0,101.7,72.555,0.0
2020000870,광안경동리인,26,부산,2020-07-21,2020,3,9,45800,36.44,101.7,73.07,0.0
2020000870,광안경동리인,26,부산,2020-07-21,2020,3,8,44840,51.5,101.7,73.1125,0.0
2020000870,광안경동리인,26,부산,2020-07-21,2020,3,9,47560,77.78,101.7,75.66,0.0
2020000870,광안경동리인,26,부산,2020-07-21,2020,3,1,48530,330.0,101.7,76.34,0.0
2020000869,서산 푸르지오 더 센트럴,44,충남,2020-07-31,2020,3,203,33900,4.96,101.7,84.9772,0.0
2020000869,서산 푸르지오 더 센트럴,44,충남,2020-07-31,2020,3,81,32500,1.57,101.7,84.9591,0.0
2020000867,e편한세상 비전 센터포레,41,경기,2020-07-30,2020,3,147,32900,113.0,101.7,74.3563,0.0
2020000867,e편한세상 비전 센터포레,41,경기,2020-07-30,2020,3,41,33000,39.0,101.7,74.9966,0.0
2020000867,e편한세상 비전 센터포레,41,경기,2020-07-30,2020,3,146,36290,1.9,101.7,84.4777,0.0
2020000865,고덕신도시 A41BL 제일풍경채2차,41,경기,2020-07-17,2020,3,78,40400,38.69,101.7,75.7246,44.0
2020000865,고덕신도시 A41BL 제일풍경채2차,41,경기,2020-07-17,2020,3,256,44900,69.92,101.7,84.908,47.0
2020000865,고덕신도시 A41BL 제일풍경채2차,41,경기,2020-07-17,2020,3,87,43900,45.53,101.7,84.9279,46.0
2020000865,고덕신도시 A41BL 제일풍경채2차,41,경기,2020-07-17,2020,3,79,43800,44.25,101.7,84.908,47.0
2020000863,대봉교역 태왕아너스,27,대구,2020-08-10,2020,3,75,38600,6.08,101.7,59.9981,0.0
2020000863,대봉교역 태왕아너스,27,대구,2020-08-10,2020,3,21,51950,78.86,101.7,84.7801,0.0
2020000863,대봉교역 태왕아너스,27,대구,2020-08-10,2020,3,21,51990,16.14,101.7,84.918,0.0
2020000863,대봉교역 태왕아너스,27,대구,2020-08-10,2020,3,55,51800,45.09,101.7,84.9511,0.0
2020000858,가화만사성 정관타운,26,부산,2020-07-08,2020,3,11,21980,1.92,101.7,84.7768,0.0
2020000857,속초 롯데캐슬 인더스카이,51,강원,2020-07-30,2020,3,23,30076,5.74,101.7,59.88,0.0
2020000857,속초 롯데캐슬 인더스카이,51,강원,2020-07-30,2020,3,88,40315,1.39,101.7,79.94,0.0
2020000857,속초 롯데캐슬 인더스카이,51,강원,2020-07-30,2020,3,16,39600,1.35,101.7,79.75,0.0
2020000857,속초 롯데캐슬 인더스카이,51,강원,2020-07-30,2020,3,113,46637,24.88,101.7,84.98,0.0
2020000857,속초 롯데캐슬 인더스카이,51,강원,2020-07-30,2020,3,31,45917,7.38,101.7,84.6,0.0
2020000857,속초 롯데캐슬 인더스카이,51,강원,2020-07-30,2020,3,50,45960,4.21,101.7,84.81,0.0
2020000857,속초 롯데캐슬 인더스카이,51,강원,2020-07-30,2020,3,16,44511,17.19,101.7,84.96,0.0
2020000853,양우내안애 더 센트럴,41,경기,2020-11-06,2020,4,47,29400,3.45,101.7,64.6939,0.0
2020000853,양우내안애 더 센트럴,41,경기,2020-11-06,2020,4,51,29720,2.29,101.7,64.9643,0.0
2020000853,양우내안애 더 센트럴,41,경기,2020-11-06,2020,4,28,29570,1.21,101.7,64.9803,0.0
2020000853,양우내안애 더 센트럴,41,경기,2020-11-06,2020,4,30,29570,1.24,101.7,64.9803,0.0
2020000853,양우내안애 더 센트럴,41,경기,2020-11-06,2020,4,26,34150,2.54,101.7,76.3262,0.0
2020000853,양우내안애 더 센트럴,41,경기,2020-11-06,2020,4,42,34240,3.88,101.7,76.181,0.0
2020000853,양우내안애 더 센트럴,41,경기,2020-11-06,2020,4,13,34050,1.82,101.7,76.3191,0.0
2020000853,양우내안애 더 센트럴,41,경기,2020-11-06,2020,4,31,34050,3.77,101.7,76.3049,0.0
2020000853,양우내안애 더 센트럴,41,경기,2020-11-06,2020,4,48,37610,7.44,101.7,84.9943,0.0
2020000853,양우내안애 더 센트럴,41,경기,2020-11-06,2020,4,30,37600,10.0,101.7,84.9998,0.0
2020000853,양우내안애 더 센트럴,41,경기,2020-11-06,2020,4,15,37540,2.93,101.7,84.979,0.0
2020000852,강동 밀레니얼 중흥S-클래스,11,서울,2020-07-28,2020,3,1,30500,114.0,103.2,25.9823,0.0
2020000852,강동 밀레니얼 중흥S-클래스,11,서울,2020-07-28,2020,3,50,57900,25.86,103.2,47.8419,0.0
2020000852,강동 밀레니얼 중흥S-클래스,11,서울,2020-07-28,2020,3,30,57800,17.4,103.2,47.4496,0.0
2020000852,강동 밀레니얼 중흥S-클래스,11,서울,2020-07-28,2020,3,10,61300,44.3,103.2,50.4856,0.0
2020000852,강동 밀레니얼 중흥S-클래스,11,서울,2020-07-28,2020,3,54,75000,106.65,103.2,59.9751,0.0
2020000852,강동 밀레니얼 중흥S-클래스,11,서울,2020-07-28,2020,3,181,98300,14.47,103.2,84.1946,0.0
2020000852,강동 밀레니얼 중흥S-클래스,11,서울,2020-07-28,2020,3,79,98600,14.46,103.2,84.2711,0.0
2020000852,강동 밀레니얼 중흥S-클래스,11,서울,2020-07-28,2020,3,36,111800,59.75,103.2,98.4933,0.0
2020000852,강동 밀레니얼 중흥S-클래스,11,서울,2020-07-28,2020,3,63,112900,66.57,103.2,102.9452,0.0
2020000852,강동 밀레니얼 중흥S-클래스,11,서울,2020-07-28,2020,3,26,121300,22.73,103.2,114.8148,0.0
2020000852,강동 밀레니얼 중흥S-클래스,11,서울,2020-07-28,2020,3,1,167000,55.0,103.2,136.858,0.0
2020000851,김해 푸르지오 하이엔드,48,경남,2020-07-10,2020,3,172,27900,3.57,101.7,59.7668,0.0
2020000851,김해 푸르지오 하이엔드,48,경남,2020-07-10,2020,3,74,27600,1.71,101.7,59.9934,0.0
2020000851,김해 푸르지오 하이엔드,48,경남,2020-07-10,2020,3,130,27800,1.45,101.7,59.9682,0.0
2020000851,김해 푸르지오 하이엔드,48,경남,2020-07-10,2020,3,200,34200,2.73,101.7,74.889,0.0
2020000851,김해 푸르지오 하이엔드,48,경남,2020-07-10,2020,3,233,38400,20.07,101.7,84.9908,0.0
2020000849,영통 아이파크 캐슬 3단지,41,경기,2020-07-17,2020,3,82,44400,26.7,101.7,59.83,0.0
2020000849,영통 아이파크 캐슬 3단지,41,경기,2020-07-17,2020,3,59,44400,17.93,101.7,59.92,0.0
2020000849,영통 아이파크 캐슬 3단지,41,경기,2020-07-17,2020,3,98,55900,31.94,101.7,75.93,0.0
2020000849,영통 아이파크 캐슬 3단지,41,경기,2020-07-17,2020,3,33,55500,20.3,101.7,75.54,0.0
2020000849,영통 아이파크 캐슬 3단지,41,경기,2020-07-17,2020,3,62,61700,77.56,101.7,84.73,0.0
2020000849,영통 아이파크 캐슬 3단지,41,경기,2020-07-17,2020,3,81,76420,37.57,101.7,105.89,0.0
2020000849,영통 아이파크 캐슬 3단지,41,경기,2020-07-17,2020,3,2,134700,11.5,101.7,189.52,0.0
2020000849,영통 아이파크 캐슬 3단지,41,경기,2020-07-17,2020,3,1,137200,19.0,101.7,189.52,0.0
2020000848,울산대현 시티프라디움,31,울산,2020-07-21,2020,3,33,63370,7.72,101.7,84.3595,0.0
2020000848,울산대현 시티프라디움,31,울산,2020-07-21,2020,3,33,63370,20.91,101.7,84.034,0.0
2020000848,울산대현 시티프라디움,31,울산,2020-07-21,2020,3,33,63370,4.83,101.7,84.4441,0.0
2020000848,울산대현 시티프라디움,31,울산,2020-07-21,2020,3,33,63370,3.04,101.7,84.5324,0.0
2020000847,청수행정타운 금호어울림,44,충남,2020-07-10,2020,3,75,23820,1.44,101.7,59.8754,0.0
2020000847,청수행정타운 금호어울림,44,충남,2020-07-10,2020,3,45,28800,3.14,101.7,72.8318,0.0
2020000847,청수행정타운 금호어울림,44,충남,2020-07-10,2020,3,38,32280,17.16,101.7,84.5641,0.0
2020000844,용마산 모아엘가 파크포레,11,서울,2020-07-30,2020,3,10,41030,46.5,103.2,57.37,0.0
2020000844,용마산 모아엘가 파크포레,11,서울,2020-07-30,2020,3,6,41580,51.0,103.2,58.66,0.0
2020000844,용마산 모아엘가 파크포레,11,서울,2020-07-30,2020,3,1,40940,260.0,103.2,59.17,0.0
2020000844,용마산 모아엘가 파크포레,11,서울,2020-07-30,2020,3,7,44150,54.29,103.2,59.5,0.0
2020000844,용마산 모아엘가 파크포레,11,서울,2020-07-30,2020,3,1,52610,69.0,103.2,72.46,0.0
2020000844,용마산 모아엘가 파크포레,11,서울,2020-07-30,2020,3,3,52910,67.33,103.2,72.97,0.0
2020000844,용마산 모아엘가 파크포레,11,서울,2020-07-30,2020,3,1,51700,75.0,103.2,73.58,0.0
2020000844,용마산 모아엘가 파크포레,11,서울,2020-07-30,2020,3,28,58720,37.43,103.2,83.91,0.0
2020000844,용마산 모아엘가 파크포레,11,서울,2020-07-30,2020,3,34,61130,47.26,103.2,84.9,0.0
2020000842,천안 푸르지오 레이크사이드,44,충남,2020-07-31,2020,3,85,37900,63.19,101.7,74.9878,0.0
2020000842,천안 푸르지오 레이크사이드,44,충남,2020-07-31,2020,3,43,37900,54.7,101.7,74.9892,0.0
2020000842,천안 푸르지오 레이크사이드,44,충남,2020-07-31,2020,3,43,37900,45.77,101.7,74.9872,0.0
2020000842,천안 푸르지오 레이크사이드,44,충남,2020-07-31,2020,3,187,43100,169.95,101.7,84.9822,0.0
2020000842,천안 푸르지오 레이크사이드,44,충남,2020-07-31,2020,3,103,43000,106.86,101.7,84.9862,0.0
2020000842,천안 푸르지오 레이크사이드,44,충남,2020-07-31,2020,3,71,43100,97.86,101.7,84.9812,0.0
2020000842,천안 푸르지오 레이크사이드,44,충남,2020-07-31,2020,3,29,43000,110.31,101.7,84.9824,0.0
2020000842,천안 푸르지오 레이크사이드,44,충남,2020-07-31,2020,3,27,43000,267.63,101.7,84.9857,0.0
2020000841,사상역 봄여름가을겨울,26,부산,2020-07-09,2020,3,3,33430,3.67,101.7,65.8867,0.0
2020000841,사상역 봄여름가을겨울,26,부산,2020-07-09,2020,3,17,33680,1.38,101.7,67.8857,0.0
2020000841,사상역 봄여름가을겨울,26,부산,2020-07-09,2020,3,34,34270,1.47,101.7,70.2357,0.0
2020000840,주안역 미추홀 더리브,28,인천,2020-07-16,2020,3,16,32250,1.48,101.7,59.9316,0.0
2020000840,주안역 미추홀 더리브,28,인천,2020-07-16,2020,3,31,40650,23.0,101.7,74.4711,0.0
2020000840,주안역 미추홀 더리브,28,인천,2020-07-16,2020,3,59,45480,1.07,101.7,84.9035,0.0
2020000840,주안역 미추홀 더리브,28,인천,2020-07-16,2020,3,61,45440,45.0,101.7,84.8397,0.0
2020000840,주안역 미추홀 더리브,28,인천,2020-07-16,2020,3,1,45810,8.0,101.7,84.1594,0.0
2020000840,주안역 미추홀 더리브,28,인천,2020-07-16,2020,3,1,47050,4.0,101.7,84.7266,0.0
2020000840,주안역 미추홀 더리브,28,인천,2020-07-16,2020,3,2,46260,4.5,101.7,84.0764,0.0
2020000840,주안역 미추홀 더리브,28,인천,2020-07-16,2020,3,4,53811,3.5,101.7,98.4426,0.0
2020000839,시청역 삼정그린코아 포레스트,26,부산,2020-07-22,2020,3,12,47246,65.75,101.7,76.666,0.0
2020000839,시청역 삼정그린코아 포레스트,26,부산,2020-07-22,2020,3,14,53543,77.86,101.7,84.9989,0.0
2020000839,시청역 삼정그린코아 포레스트,26,부산,2020-07-22,2020,3,2,54114,99.0,101.7,84.2131,0.0
2020000839,시청역 삼정그린코아 포레스트,26,부산,2020-07-22,2020,3,12,53466,48.58,101.7,84.9719,0.0
2020000835,브라운스톤 부평,28,인천,2020-07-17,2020,3,27,36770,14.0,101.7,59.9834,0.0
2020000835,브라운스톤 부평,28,인천,2020-07-17,2020,3,30,44900,9.93,101.7,72.9841,0.0
2020000835,브라운스톤 부평,28,인천,2020-07-17,2020,3,39,44400,2.82,101.7,72.9685,0.0
2020000828,남양주시 진접3지구 삼부르네상스 더퍼스트,41,경기,2020-07-07,2020,3,130,29817,33.0,101.7,59.8487,23.0
2020000828,남양주시 진접3지구 삼부르네상스 더퍼스트,41,경기,2020-07-07,2020,3,72,29922,78.0,101.7,59.7724,0.0
2020000822,죽전역 태왕아너스,27,대구,2020-07-10,2020,3,94,59900,51.26,101.7,84.9602,0.0
2020000822,죽전역 태왕아너스,27,대구,2020-07-10,2020,3,38,59300,30.0,101.7,84.9787,0.0
2020000821,더샵 송도 그린워크3차(D17-1블록) 외국인임대 분양전환 APT,28,인천,2020-07-01,2020,3,9,59970,295.25,101.7,84.72,60.0
2020000821,더샵 송도 그린워크3차(D17-1블록) 외국인임대 분양전환 APT,28,인천,2020-07-01,2020,3,8,58760,161.25,101.7,84.73,55.0
2020000821,더샵 송도 그린워크3차(D17-1블록) 외국인임대 분양전환 APT,28,인천,2020-07-01,2020,3,23,71030,63.18,101.7,104.85,54.0
2020000820,대곡역 롯데캐슬 엘클라씨,41,경기,2020-10-16,2020,4,23,46000,35.0,101.7,59.948,0.0
2020000820,대곡역 롯데캐슬 엘클라씨,41,경기,2020-10-16,2020,4,107,62200,32.93,101.7,84.9297,0.0
2020000819,노원 롯데캐슬 시그니처,11,서울,2020-07-09,2020,3,1,17700,92.0,103.2,21.815,0.0
2020000819,노원 롯데캐슬 시그니처,11,서울,2020-07-09,2020,3,7,33600,45.43,103.2,39.038,0.0
2020000819,노원 롯데캐슬 시그니처,11,서울,2020-07-09,2020,3,12,43000,31.5,103.2,52.873,0.0
2020000819,노원 롯데캐슬 시그니처,11,서울,2020-07-09,2020,3,12,42800,30.25,103.2,52.936,0.0
2020000819,노원 롯데캐슬 시그니처,11,서울,2020-07-09,2020,3,112,47700,44.48,103.2,59.975,0.0
2020000819,노원 롯데캐슬 시그니처,11,서울,2020-07-09,2020,3,79,47000,27.3,103.2,59.996,0.0
2020000819,노원 롯데캐슬 시그니처,11,서울,2020-07-09,2020,3,121,63300,53.44,103.2,84.999,0.0
2020000819,노원 롯데캐슬 시그니처,11,서울,2020-07-09,2020,3,50,63500,30.32,103.2,84.997,0.0
2020000819,노원 롯데캐슬 시그니처,11,서울,2020-07-09,2020,3,24,62500,35.5,103.2,84.999,0.0
2020000819,노원 롯데캐슬 시그니처,11,서울,2020-07-09,2020,3,14,71300,597.14,103.2,97.987,0.0
2020000813,과천 푸르지오 벨라르테,41,경기,2020-07-06,2020,3,20,71590,505.25,101.7,74.9912,69.0
2020000813,과천 푸르지오 벨라르테,41,경기,2020-07-06,2020,3,13,71480,315.17,101.7,74.9726,64.0
2020000813,과천 푸르지오 벨라르테,41,경기,2020-07-06,2020,3,152,79940,222.87,101.7,84.9763,67.0
2020000813,과천 푸르지오 벨라르테,41,경기,2020-07-06,2020,3,30,79940,209.5,101.7,84.9663,64.0
2020000813,과천 푸르지오 벨라르테,41,경기,2020-07-06,2020,3,108,94250,549.64,101.7,99.9941,59.0
2020000813,과천 푸르지오 벨라르테,41,경기,2020-07-06,2020,3,27,94250,374.4,101.7,99.9842,55.0
2020000809,운서2차 SK VIEW Skycity A7블럭,28,인천,2020-07-02,2020,3,36,34935,1.97,101.7,70.5732,11.0
2020000807,길음역 롯데캐슬 트윈골드,11,서울,2020-07-03,2020,3,21,61300,88.76,103.2,59.54,0.0
2020000807,길음역 롯데캐슬 트윈골드,11,서울,2020-07-03,2020,3,60,61200,92.43,103.2,59.87,0.0
2020000807,길음역 롯데캐슬 트윈골드,11,서울,2020-07-03,2020,3,32,61600,82.38,103.2,59.36,0.0
2020000807,길음역 롯데캐슬 트윈골드,11,서울,2020-07-03,2020,3,10,83600,466.0,103.2,84.69,0.0
2020000806,더샵 번영센트로,31,울산,2020-08-10,2020,3,52,45100,37.88,101.7,59.9811,0.0
2020000806,더샵 번영센트로,31,울산,2020-08-10,2020,3,18,45100,21.72,101.7,59.9991,0.0
2020000806,더샵 번영센트로,31,울산,2020-08-10,2020,3,19,54160,70.32,101.7,75.9854,0.0
2020000806,더샵 번영센트로,31,울산,2020-08-10,2020,3,39,54990,31.36,101.7,75.8858,0.0
2020000806,더샵 번영센트로,31,울산,2020-08-10,2020,3,61,62020,149.8,101.7,84.8775,0.0
2020000804,태화강 유보라 팰라티움,31,울산,2020-07-08,2020,3,17,55451,37.59,101.7,84.8627,0.0
2020000804,태화강 유보라 팰라티움,31,울산,2020-07-08,2020,3,51,52243,4.32,101.7,84.9385,0.0
2020000804,태화강 유보라 팰라티움,31,울산,2020-07-08,2020,3,1,48833,2.67,101.7,84.8633,0.0
2020000804,태화강 유보라 팰라티움,31,울산,2020-07-08,2020,3,1,55227,6.86,101.7,84.5436,0.0
2020000804,태화강 유보라 팰라티움,31,울산,2020-07-08,2020,3,1,49418,18.0,101.7,84.9862,0.0
2020000802,경산 사동 팰리스 부영2단지,47,경북,2020-07-03,2020,3,75,20800,2.32,101.7,66.4388,0.0
2020000801,양산물금 브라운스톤,48,경남,2020-07-02,2020,3,29,25832,2.48,101.7,59.9018,0.0
2020000801,양산물금 브라운스톤,48,경남,2020-07-02,2020,3,51,31544,1.5,101.7,72.7605,0.0
2020000801,양산물금 브라운스톤,48,경남,2020-07-02,2020,3,5,36387,7.29,101.7,84.9011,0.0
2020000801,양산물금 브라운스톤,48,경남,2020-07-02,2020,3,34,36501,4.98,101.7,84.8273,0.0
2020000783,인천용현 경남아너스빌,28,인천,2020-07-10,2020,3,26,37610,45.5,101.7,59.8058,0.0
2020000783,인천용현 경남아너스빌,28,인천,2020-07-10,2020,3,5,40293,10.4,101.7,75.0304,0.0
2020000779,동대구 해모로 스퀘어 웨스트,27,대구,2020-07-10,2020,3,5,30150,3.4,101.7,51.7846,0.0
2020000779,동대구 해모로 스퀘어 웨스트,27,대구,2020-07-10,2020,3,108,34970,2.12,101.7,59.851,0.0
2020000779,동대구 해모로 스퀘어 웨스트,27,대구,2020-07-10,2020,3,165,44890,3.02,101.7,76.7437,0.0
2020000779,동대구 해모로 스퀘어 웨스트,27,대구,2020-07-10,2020,3,114,50360,21.12,101.7,84.9151,0.0
2020000778,감만 우성스마트 시티 뷰,26,부산,2020-07-03,2020,3,3,34650,3.67,101.7,69.5709,0.0
2020000778,감만 우성스마트 시티 뷰,26,부산,2020-07-03,2020,3,3,36080,4.67,101.7,77.7593,0.0
2020000778,감만 우성스마트 시티 뷰,26,부산,2020-07-03,2020,3,3,41150,6.0,101.7,83.0008,0.0
2020000778,감만 우성스마트 시티 뷰,26,부산,2020-07-03,2020,3,40,45030,3.68,101.7,84.452,0.0
2020000776,계룡 한라비발디 더 센트럴,44,충남,2020-06-25,2020,2,347,22270,239.0,101.7,59.9701,16.0
2020000776,계룡 한라비발디 더 센트럴,44,충남,2020-06-25,2020,2,114,27890,4.83,101.7,72.4909,0.0
2020000776,계룡 한라비발디 더 센트럴,44,충남,2020-06-25,2020,2,57,32820,22.09,101.7,84.8535,0.0
2020000775,서대구역 반도유보라 센텀,27,대구,2020-07-03,2020,3,44,22350,1.3,101.7,46.7225,0.0
2020000775,서대구역 반도유보라 센텀,27,대구,2020-07-03,2020,3,160,34960,4.06,101.7,59.6964,0.0
2020000775,서대구역 반도유보라 센텀,27,대구,2020-07-03,2020,3,28,33870,1.27,101.7,59.7679,0.0
2020000775,서대구역 반도유보라 센텀,27,대구,2020-07-03,2020,3,19,40830,8.61,101.7,72.9498,0.0
2020000775,서대구역 반도유보라 센텀,27,대구,2020-07-03,2020,3,107,42500,2.47,101.7,72.9266,0.0
2020000775,서대구역 반도유보라 센텀,27,대구,2020-07-03,2020,3,332,48620,12.26,101.7,84.9602,0.0
2020000775,서대구역 반도유보라 센텀,27,대구,2020-07-03,2020,3,21,47430,34.62,101.7,84.9602,0.0
2020000767,디에이치 퍼스티어 아이파크,11,서울,2020-07-09,2020,3,116,69544,20.1,103.2,34.995,0.0
2020000767,디에이치 퍼스티어 아이파크,11,서울,2020-07-09,2020,3,21,70519,40.38,103.2,34.995,0.0
2020000767,디에이치 퍼스티어 아이파크,11,서울,2020-07-09,2020,3,280,102617,5.96,103.2,49.6918,0.0
2020000767,디에이치 퍼스티어 아이파크,11,서울,2020-07-09,2020,3,44,103640,8.3,103.2,49.6918,0.0
2020000767,디에이치 퍼스티어 아이파크,11,서울,2020-07-09,2020,3,495,131685,14.33,103.2,59.9742,0.0
2020000767,디에이치 퍼스티어 아이파크,11,서울,2020-07-09,2020,3,54,132504,29.54,103.2,59.9804,0.0
2020000767,디에이치 퍼스티어 아이파크,11,서울,2020-07-09,2020,3,46,199463,155.93,103.2,112.8548,0.0
2020000767,디에이치 퍼스티어 아이파크,11,서울,2020-07-09,2020,3,13,198911,76.62,103.2,112.9918,0.0
2020000767,디에이치 퍼스티어 아이파크,11,서울,2020-07-09,2020,3,34,237314,69.44,103.2,132.8174,0.0
2020000767,디에이치 퍼스티어 아이파크,11,서울,2020-07-09,2020,3,16,237023,28.31,103.2,132.9912,0.0
2020000767,디에이치 퍼스티어 아이파크,11,서울,2020-07-09,2020,3,16,238316,69.31,103.2,132.9921,0.0
2020000762,양주회천신도시 덕계역 금강펜테리움 센트럴파크(A-22BL),41,경기,2020-06-23,2020,2,51,29600,16.0,101.7,59.225,0.0
2020000759,광주 초월역 한라비발디,41,경기,2020-07-17,2020,3,48,32390,3.57,101.7,62.6775,0.0
2020000759,광주 초월역 한라비발디,41,경기,2020-07-17,2020,3,50,31720,1.71,101.7,62.9549,0.0
2020000759,광주 초월역 한라비발디,41,경기,2020-07-17,2020,3,117,37950,5.6,101.7,75.3083,0.0
2020000759,광주 초월역 한라비발디,41,경기,2020-07-17,2020,3,107,37170,2.31,101.7,75.7994,0.0
2020000759,광주 초월역 한라비발디,41,경기,2020-07-17,2020,3,192,42230,8.9,101.7,84.9396,0.0
2020000759,광주 초월역 한라비발디,41,경기,2020-07-17,2020,3,127,41360,2.81,101.7,84.8786,0.0
2020000758,쌍용 더 플래티넘 광주,41,경기,2020-07-03,2020,3,4,38100,1.25,101.7,59.9739,0.0
2020000758,쌍용 더 플래티넘 광주,41,경기,2020-07-03,2020,3,7,37900,11.33,101.7,59.8004,10.0
2020000758,쌍용 더 플래티넘 광주,41,경기,2020-07-03,2020,3,14,41800,1.21,101.7,73.5338,0.0
2020000758,쌍용 더 플래티넘 광주,41,경기,2020-07-03,2020,3,24,41700,1.08,101.7,73.8508,0.0
2020000758,쌍용 더 플래티넘 광주,41,경기,2020-07-03,2020,3,19,46400,3.32,101.7,84.9908,0.0
2020000758,쌍용 더 플래티넘 광주,41,경기,2020-07-03,2020,3,9,45900,9.0,101.7,84.4933,0.0
2020000758,쌍용 더 플래티넘 광주,41,경기,2020-07-03,2020,3,7,43800,1.71,101.7,84.0908,0.0
2020000756,동대구 동화아이위시,27,대구,2020-07-02,2020,3,27,59490,55.48,101.7,84.9876,0.0
2020000756,동대구 동화아이위시,27,대구,2020-07-02,2020,3,12,58990,11.25,101.7,84.7888,0.0
2020000756,동대구 동화아이위시,27,대구,2020-07-02,2020,3,12,58490,7.2,101.7,84.9772,0.0
2020000756,동대구 동화아이위시,27,대구,2020-07-02,2020,3,12,57990,6.05,101.7,84.798,0.0
2020000753,용인 세영리첼,41,경기,2020-07-03,2020,3,12,29800,12.33,101.7,73.5004,26.0
2020000753,용인 세영리첼,41,경기,2020-07-03,2020,3,23,30000,24.0,101.7,75.4861,0.0
2020000753,용인 세영리첼,41,경기,2020-07-03,2020,3,10,31500,11.0,101.7,77.7489,0.0
2020000753,용인 세영리첼,41,경기,2020-07-03,2020,3,85,32600,43.0,101.7,79.1675,16.0
2020000750,주안파크자이 더 플래티넘,28,인천,2020-06-25,2020,2,29,24100,8.0,101.7,36.811,18.0
2020000750,주안파크자이 더 플래티넘,28,인천,2020-06-25,2020,2,88,28100,2.04,101.7,44.7839,0.0
2020000750,주안파크자이 더 플래티넘,28,인천,2020-06-25,2020,2,103,44900,4.25,101.7,59.9145,0.0
2020000750,주안파크자이 더 플래티넘,28,인천,2020-06-25,2020,2,56,44600,3.42,101.7,59.96,0.0
2020000750,주안파크자이 더 플래티넘,28,인천,2020-06-25,2020,2,181,43350,3.43,101.7,59.9583,0.0
2020000750,주안파크자이 더 플래티넘,28,인천,2020-06-25,2020,2,166,48850,11.19,101.7,73.9559,0.0
2020000750,주안파크자이 더 플래티넘,28,인천,2020-06-25,2020,2,42,48050,4.41,101.7,73.8988,0.0
2020000750,주안파크자이 더 플래티넘,28,인천,2020-06-25,2020,2,30,53600,41.77,101.7,84.9937,0.0
2020000750,주안파크자이 더 플래티넘,28,인천,2020-06-25,2020,2,78,54100,37.82,101.7,84.8247,0.0
2020000749,대치 푸르지오 써밋,11,서울,2020-07-30,2020,3,33,103110,51.27,103.2,51.7377,0.0
2020000749,대치 푸르지오 써밋,11,서울,2020-07-30,2020,3,10,106540,53.8,103.2,53.3317,0.0
2020000749,대치 푸르지오 써밋,11,서울,2020-07-30,2020,3,20,114580,191.65,103.2,59.9845,0.0
2020000749,대치 푸르지오 써밋,11,서울,2020-07-30,2020,3,3,113980,427.67,103.2,59.9885,0.0
2020000749,대치 푸르지오 써밋,11,서울,2020-07-30,2020,3,1,201070,848.0,103.2,101.6961,0.0
2020000749,대치 푸르지오 써밋,11,서울,2020-07-30,2020,3,30,188570,257.9,103.2,102.3261,0.0
2020000749,대치 푸르지오 써밋,11,서울,2020-07-30,2020,3,1,215780,182.0,103.2,107.9139,0.0
2020000749,대치 푸르지오 써밋,11,서울,2020-07-30,2020,3,5,208770,257.0,103.2,117.6566,0.0
2020000749,대치 푸르지오 써밋,11,서울,2020-07-30,2020,3,1,260730,245.0,103.2,129.523,0.0
2020000749,대치 푸르지오 써밋,11,서울,2020-07-30,2020,3,1,298160,66.0,103.2,150.2717,0.0
2020000749,대치 푸르지오 써밋,11,서울,2020-07-30,2020,3,1,307610,111.0,103.2,155.1644,0.0
2020000745,가재울역 트루엘 에코시티,28,인천,2020-06-19,2020,2,80,33780,1.42,101.7,49.41,0.0
2020000745,가재울역 트루엘 에코시티,28,인천,2020-06-19,2020,2,49,40900,8.16,101.7,59.96,0.0
2020000745,가재울역 트루엘 에코시티,28,인천,2020-06-19,2020,2,50,40580,3.18,101.7,59.91,0.0
2020000745,가재울역 트루엘 에코시티,28,인천,2020-06-19,2020,2,12,46670,10.0,101.7,69.99,0.0
2020000745,가재울역 트루엘 에코시티,28,인천,2020-06-19,2020,2,55,55380,12.35,101.7,84.98,0.0
2020000745,가재울역 트루엘 에코시티,28,인천,2020-06-19,2020,2,33,54630,5.21,101.7,84.86,0.0
2020000744,양주 옥정신도시 제일풍경채 Lake City(A10-1BL),41,경기,2020-06-18,2020,2,91,36030,12.0,101.7,74.6691,18.0
2020000744,양주 옥정신도시 제일풍경채 Lake City(A10-1BL),41,경기,2020-06-18,2020,2,264,39360,4.61,101.7,84.903,29.0
2020000743,엑소디움 센트럴 동인,27,대구,2020-07-03,2020,3,40,37500,1.66,101.7,59.9691,0.0
2020000743,엑소디움 센트럴 동인,27,대구,2020-07-03,2020,3,53,36700,1.07,101.7,59.867,0.0
2020000743,엑소디움 센트럴 동인,27,대구,2020-07-03,2020,3,54,46100,5.73,101.7,74.9207,0.0
2020000743,엑소디움 센트럴 동인,27,대구,2020-07-03,2020,3,57,45800,3.19,101.7,74.8407,0.0
2020000723,감전엘크루센트로아파트,26,부산,2020-06-17,2020,2,10,31859,1.56,101.7,69.5113,0.0
2020000723,감전엘크루센트로아파트,26,부산,2020-06-17,2020,2,11,33074,1.07,101.7,70.2232,0.0
2020000723,감전엘크루센트로아파트,26,부산,2020-06-17,2020,2,23,45003,2.24,101.7,78.1157,0.0
2020000721,서초비버리캐슬,11,서울,2020-06-18,2020,2,25,86685,41.6,103.2,59.49,0.0
2020000721,서초비버리캐슬,11,서울,2020-06-18,2020,2,5,85297,50.6,103.2,59.49,0.0
2020000721,서초비버리캐슬,11,서울,2020-06-18,2020,2,6,71032,42.0,103.2,52.33,0.0
2020000721,서초비버리캐슬,11,서울,2020-06-18,2020,2,6,82412,22.5,103.2,49.09,0.0
2020000720,청주 동남 파라곤,43,충북,2020-06-12,2020,2,71,28150,4.81,101.7,77.8325,0.0
2020000720,청주 동남 파라곤,43,충북,2020-06-12,2020,2,41,28150,2.39,101.7,77.5023,0.0
2020000720,청주 동남 파라곤,43,충북,2020-06-12,2020,2,215,30350,8.71,101.7,84.9455,0.0
2020000719,힐스테이트 레이크 송도 3차,28,인천,2020-06-11,2020,2,82,79203,133.41,101.7,84.54,64.0
2020000719,힐스테이트 레이크 송도 3차,28,인천,2020-06-11,2020,2,82,82293,58.44,101.7,84.82,59.0
2020000719,힐스테이트 레이크 송도 3차,28,인천,2020-06-11,2020,2,71,78790,45.66,101.7,84.06,57.0
2020000719,힐스테이트 레이크 송도 3차,28,인천,2020-06-11,2020,2,36,76736,90.28,101.7,84.57,57.0
2020000719,힐스테이트 레이크 송도 3차,28,인천,2020-06-11,2020,2,25,75217,44.58,101.7,84.57,57.0
2020000719,힐스테이트 레이크 송도 3차,28,인천,2020-06-11,2020,2,49,80319,248.21,101.7,84.88,67.0
2020000719,힐스테이트 레이크 송도 3차,28,인천,2020-06-11,2020,2,49,78844,138.88,101.7,84.95,65.0
2020000718,평택 고덕국제신도시 A-43블럭 호반써밋II,41,경기,2020-06-18,2020,2,32,44090,314.83,101.7,84.2876,59.0
2020000718,평택 고덕국제신도시 A-43블럭 호반써밋II,41,경기,2020-06-18,2020,2,16,44280,120.0,101.7,84.4382,55.0
2020000718,평택 고덕국제신도시 A-43블럭 호반써밋II,41,경기,2020-06-18,2020,2,54,43690,95.73,101.7,84.5142,52.0
2020000718,평택 고덕국제신도시 A-43블럭 호반써밋II,41,경기,2020-06-18,2020,2,19,43990,87.5,101.7,84.3675,55.0
2020000718,평택 고덕국제신도시 A-43블럭 호반써밋II,41,경기,2020-06-18,2020,2,88,43260,82.11,101.7,84.6911,51.0
2020000718,평택 고덕국제신도시 A-43블럭 호반써밋II,41,경기,2020-06-18,2020,2,29,43480,52.43,101.7,84.8016,42.0
2020000717,인천 부평 우미린,28,인천,2020-06-12,2020,2,57,41300,36.3,101.7,59.9745,0.0
2020000717,인천 부평 우미린,28,인천,2020-06-12,2020,2,18,41200,35.72,101.7,59.7483,0.0
2020000717,인천 부평 우미린,28,인천,2020-06-12,2020,2,8,50600,62.38,101.7,74.9871,0.0
2020000717,인천 부평 우미린,28,인천,2020-06-12,2020,2,25,56400,126.08,101.7,84.5824,0.0
2020000712,수원 센트럴 아이파크 자이,41,경기,2020-06-18,2020,2,168,30700,1.21,101.7,39.77,0.0
2020000712,수원 센트럴 아이파크 자이,41,경기,2020-06-18,2020,2,63,49200,15.27,101.7,59.99,0.0
2020000712,수원 센트럴 아이파크 자이,41,경기,2020-06-18,2020,2,235,48000,11.29,101.7,59.98,0.0
2020000712,수원 센트럴 아이파크 자이,41,경기,2020-06-18,2020,2,368,57200,11.35,101.7,73.97,0.0
2020000712,수원 센트럴 아이파크 자이,41,경기,2020-06-18,2020,2,154,58300,8.32,101.7,73.94,0.0
2020000712,수원 센트럴 아이파크 자이,41,경기,2020-06-18,2020,2,178,66800,38.25,101.7,84.99,0.0
2020000712,수원 센트럴 아이파크 자이,41,경기,2020-06-18,2020,2,53,65400,24.7,101.7,84.99,0.0
2020000712,수원 센트럴 아이파크 자이,41,경기,2020-06-18,2020,2,38,78200,51.18,101.7,103.31,0.0
2020000711,스위트드림 아파트,11,서울,2020-06-10,2020,2,12,39700,28.33,103.2,53.79,0.0
2020000711,스위트드림 아파트,11,서울,2020-06-10,2020,2,12,37880,8.5,103.2,52.16,0.0
2020000711,스위트드림 아파트,11,서울,2020-06-10,2020,2,12,40790,5.08,103.2,48.31,0.0
2020000711,스위트드림 아파트,11,서울,2020-06-10,2020,2,12,39780,3.33,103.2,48.31,0.0
2020000698,래미안 엘리니티,11,서울,2020-06-11,2020,2,30,62800,72.0,103.2,51.91,0.0
2020000698,래미안 엘리니티,11,서울,2020-06-11,2020,2,7,60300,97.43,103.2,51.98,0.0
2020000698,래미안 엘리니티,11,서울,2020-06-11,2020,2,37,73400,94.59,103.2,59.96,0.0
2020000698,래미안 엘리니티,11,서울,2020-06-11,2020,2,6,71900,117.0,103.2,59.92,0.0
2020000698,래미안 엘리니티,11,서울,2020-06-11,2020,2,7,83900,164.71,103.2,74.79,0.0
2020000698,래미안 엘리니티,11,서울,2020-06-11,2020,2,40,83100,85.05,103.2,74.94,0.0
2020000698,래미안 엘리니티,11,서울,2020-06-11,2020,2,67,96700,21.43,103.2,84.98,0.0
2020000698,래미안 엘리니티,11,서울,2020-06-11,2020,2,87,96700,21.97,103.2,84.92,0.0
2020000698,래미안 엘리니티,11,서울,2020-06-11,2020,2,55,94800,15.65,103.2,84.99,0.0
2020000698,래미안 엘리니티,11,서울,2020-06-11,2020,2,34,94800,14.0,103.2,84.99,0.0
2020000698,래미안 엘리니티,11,서울,2020-06-11,2020,2,5,96850,516.8,103.2,89.36,0.0
2020000698,래미안 엘리니티,11,서울,2020-06-11,2020,2,1,125000,653.0,103.2,101.92,0.0
2020000698,래미안 엘리니티,11,서울,2020-06-11,2020,2,1,125000,432.0,103.2,101.9,0.0
2020000698,래미안 엘리니티,11,서울,2020-06-11,2020,2,1,108680,119.0,103.2,109.7,0.0
2020000698,래미안 엘리니티,11,서울,2020-06-11,2020,2,1,119470,186.0,103.2,121.58,0.0
2020000697,백양산 롯데캐슬 골드센트럴,26,부산,2020-06-11,2020,2,305,36090,7.77,101.7,59.2,0.0
2020000697,백양산 롯데캐슬 골드센트럴,26,부산,2020-06-11,2020,2,64,34720,7.09,101.7,59.02,0.0
2020000697,백양산 롯데캐슬 골드센트럴,26,부산,2020-06-11,2020,2,57,39530,13.92,101.7,72.13,0.0
2020000697,백양산 롯데캐슬 골드센트럴,26,부산,2020-06-11,2020,2,265,45510,59.7,101.7,84.8,0.0
2020000697,백양산 롯데캐슬 골드센트럴,26,부산,2020-06-11,2020,2,113,43390,34.78,101.7,84.8,0.0
2020000695,서광교 파크 스위첸,41,경기,2020-06-08,2020,2,117,38200,7.2,101.7,52.6886,0.0
2020000695,서광교 파크 스위첸,41,경기,2020-06-08,2020,2,12,45900,27.5,101.7,59.1473,0.0
2020000695,서광교 파크 스위첸,41,경기,2020-06-08,2020,2,12,46200,43.75,101.7,59.756,0.0
2020000695,서광교 파크 스위첸,41,경기,2020-06-08,2020,2,7,45800,18.29,101.7,59.6816,0.0
2020000695,서광교 파크 스위첸,41,경기,2020-06-08,2020,2,4,45000,27.75,101.7,59.3686,0.0
2020000695,서광교 파크 스위첸,41,경기,2020-06-08,2020,2,15,45400,31.0,101.7,59.7779,0.0
2020000695,서광교 파크 스위첸,41,경기,2020-06-08,2020,2,22,56400,64.73,101.7,75.8254,0.0
2020000695,서광교 파크 스위첸,41,경기,2020-06-08,2020,2,5,54400,46.4,101.7,75.2536,0.0
2020000695,서광교 파크 스위첸,41,경기,2020-06-08,2020,2,32,63000,116.06,101.7,84.8505,0.0
2020000693,광명 푸르지오 포레나,41,경기,2020-06-19,2020,2,2,37400,38.67,101.7,49.9576,0.0
2020000693,광명 푸르지오 포레나,41,경기,2020-06-19,2020,2,1,38500,65.0,101.7,49.981,0.0
2020000693,광명 푸르지오 포레나,41,경기,2020-06-19,2020,2,11,48900,23.0,101.7,59.9963,0.0
2020000693,광명 푸르지오 포레나,41,경기,2020-06-19,2020,2,9,49700,19.67,101.7,59.994,0.0
2020000693,광명 푸르지오 포레나,41,경기,2020-06-19,2020,2,19,50600,20.11,101.7,59.9753,0.0
2020000693,광명 푸르지오 포레나,41,경기,2020-06-19,2020,2,12,60900,9.0,101.7,74.9726,0.0
2020000693,광명 푸르지오 포레나,41,경기,2020-06-19,2020,2,24,60700,11.54,101.7,74.9851,0.0
2020000693,광명 푸르지오 포레나,41,경기,2020-06-19,2020,2,51,68700,11.94,101.7,84.9648,0.0
2020000693,광명 푸르지오 포레나,41,경기,2020-06-19,2020,2,30,70800,8.33,101.7,84.9176,0.0
2020000693,광명 푸르지오 포레나,41,경기,2020-06-19,2020,2,73,70100,10.16,101.7,84.8825,0.0
2020000691,정읍 상동1차 영무예다음,52,전북,2020-06-19,2020,2,76,29700,2.2,101.7,84.9759,0.0
2020000686,행신 파밀리에 트라이하이,41,경기,2020-07-03,2020,3,3,27200,10.67,101.7,37.3668,0.0
2020000686,행신 파밀리에 트라이하이,41,경기,2020-07-03,2020,3,26,44600,9.85,101.7,59.7783,0.0
2020000686,행신 파밀리에 트라이하이,41,경기,2020-07-03,2020,3,5,48800,7.2,101.7,66.9714,0.0
2020000686,행신 파밀리에 트라이하이,41,경기,2020-07-03,2020,3,6,55600,29.83,101.7,84.9087,0.0
2020000682,쌍용 더 플래티넘 사직아시아드,26,부산,2020-06-03,2020,2,2,73462,63.5,101.7,59.9481,0.0
2020000682,쌍용 더 플래티넘 사직아시아드,26,부산,2020-06-03,2020,2,2,85817,31.5,101.7,69.1821,0.0
2020000682,쌍용 더 플래티넘 사직아시아드,26,부산,2020-06-03,2020,2,1,99847,279.0,101.7,84.5907,0.0
2020000682,쌍용 더 플래티넘 사직아시아드,26,부산,2020-06-03,2020,2,4,99177,69.25,101.7,84.9366,0.0
2020000682,쌍용 더 플래티넘 사직아시아드,26,부산,2020-06-03,2020,2,3,98617,39.0,101.7,84.9207,0.0
2020000682,쌍용 더 플래티넘 사직아시아드,26,부산,2020-06-03,2020,2,1,98862,60.0,101.7,84.4722,0.0
2020000677,군포 당동 그랑시티2차,41,경기,2020-06-01,2020,2,6,30300,10.5,101.7,58.51,19.0
2020000677,군포 당동 그랑시티2차,41,경기,2020-06-01,2020,2,5,28000,5.0,101.7,54.41,0.0
2020000677,군포 당동 그랑시티2차,41,경기,2020-06-01,2020,2,5,29300,16.5,101.7,65.85,17.0
2020000677,군포 당동 그랑시티2차,41,경기,2020-06-01,2020,2,5,29800,2.0,101.7,67.93,0.0
2020000677,군포 당동 그랑시티2차,41,경기,2020-06-01,2020,2,5,28800,15.0,101.7,62.84,44.0
2020000677,군포 당동 그랑시티2차,41,경기,2020-06-01,2020,2,6,30300,8.2,101.7,62.28,0.0
2020000676,쌍용 더 플래티넘 거제아시아드,26,부산,2020-06-01,2020,2,19,44880,119.79,101.7,59.9812,0.0
2020000676,쌍용 더 플래티넘 거제아시아드,26,부산,2020-06-01,2020,2,5,53100,185.4,101.7,74.8395,0.0
2020000676,쌍용 더 플래티넘 거제아시아드,26,부산,2020-06-01,2020,2,51,58800,259.22,101.7,84.805,0.0
2020000672,여주역 금호어울림 베르티스,41,경기,2020-06-05,2020,2,236,35370,1.18,101.7,84.9329,0.0
2020000672,여주역 금호어울림 베르티스,41,경기,2020-06-05,2020,2,96,35370,129.0,101.7,84.9329,0.0
2020000670,김포 센트럴 헤센 1단지,41,경기,2020-06-08,2020,2,9,28500,196.0,101.7,59.9919,28.0
2020000670,김포 센트럴 헤센 1단지,41,경기,2020-06-08,2020,2,2,28100,1.0,101.7,59.9941,0.0
2020000670,김포 센트럴 헤센 1단지,41,경기,2020-06-08,2020,2,2,33000,1.5,101.7,69.9958,0.0
2020000670,김포 센트럴 헤센 1단지,41,경기,2020-06-08,2020,2,2,36100,3.5,101.7,75.9953,0.0
2020000670,김포 센트럴 헤센 1단지,41,경기,2020-06-08,2020,2,1,36100,2.0,101.7,75.9996,0.0
2020000667,양주 옥정신도시 A-17(2) 한신더휴,41,경기,2020-05-29,2020,2,51,35500,4.13,101.7,74.6729,23.0
2020000667,양주 옥정신도시 A-17(2) 한신더휴,41,경기,2020-05-29,2020,2,51,36700,5.6,101.7,79.2141,29.0
2020000667,양주 옥정신도시 A-17(2) 한신더휴,41,경기,2020-05-29,2020,2,129,38500,12.3,101.7,84.9592,32.0
2020000667,양주 옥정신도시 A-17(2) 한신더휴,41,경기,2020-05-29,2020,2,73,38700,19.68,101.7,84.9435,47.0
2020000667,양주 옥정신도시 A-17(2) 한신더휴,41,경기,2020-05-29,2020,2,30,37900,7.0,101.7,84.9555,17.0
2020000665,죽전역 시티프라디움,27,대구,2020-05-29,2020,2,23,60780,39.0,101.7,84.9363,0.0
2020000665,죽전역 시티프라디움,27,대구,2020-05-29,2020,2,23,59780,11.65,101.7,84.8407,0.0
2020000658,힐스테이트 의정부역,41,경기,2020-05-29,2020,2,22,44000,19.64,101.7,59.9103,0.0
2020000658,힐스테이트 의정부역,41,경기,2020-05-29,2020,2,26,56900,18.42,101.7,84.3813,0.0
2020000658,힐스테이트 의정부역,41,경기,2020-05-29,2020,2,27,56700,15.93,101.7,84.4848,0.0
2020000658,힐스테이트 의정부역,41,경기,2020-05-29,2020,2,25,56900,10.6,101.7,84.037,0.0
2020000652,창원 성산 반도유보라 아이비파크,48,경남,2020-05-29,2020,2,88,39200,12.6,101.7,64.7713,0.0
2020000652,창원 성산 반도유보라 아이비파크,48,경남,2020-05-29,2020,2,40,39200,4.88,101.7,64.2518,0.0
2020000652,창원 성산 반도유보라 아이비파크,48,경남,2020-05-29,2020,2,245,45800,10.52,101.7,78.9547,0.0
2020000651,르엘 신반포 파크애비뉴,11,서울,2020-05-28,2020,2,6,103000,170.33,103.2,49.98,0.0
2020000651,르엘 신반포 파크애비뉴,11,서울,2020-05-28,2020,2,25,123300,127.4,103.2,59.99,0.0
2020000651,르엘 신반포 파크애비뉴,11,서울,2020-05-28,2020,2,39,172100,55.18,103.2,84.92,0.0
2020000651,르엘 신반포 파크애비뉴,11,서울,2020-05-28,2020,2,22,167500,63.64,103.2,84.94,0.0
2020000651,르엘 신반포 파크애비뉴,11,서울,2020-05-28,2020,2,6,205500,574.33,103.2,107.97,0.0
2020000649,부평 SK VIEW 해모로,28,인천,2020-05-29,2020,2,36,25300,5.88,101.7,36.0986,0.0
2020000649,부평 SK VIEW 해모로,28,인천,2020-05-29,2020,2,33,25300,5.31,101.7,36.0986,0.0
2020000649,부평 SK VIEW 해모로,28,인천,2020-05-29,2020,2,9,34790,27.22,101.7,49.9665,0.0
2020000649,부평 SK VIEW 해모로,28,인천,2020-05-29,2020,2,23,37800,33.35,101.7,51.998,0.0
2020000649,부평 SK VIEW 해모로,28,인천,2020-05-29,2020,2,71,44180,76.99,101.7,59.975,0.0
2020000649,부평 SK VIEW 해모로,28,인천,2020-05-29,2020,2,16,43420,45.88,101.7,59.9938,0.0
2020000649,부평 SK VIEW 해모로,28,인천,2020-05-29,2020,2,12,44000,36.75,101.7,59.9844,0.0
2020000649,부평 SK VIEW 해모로,28,인천,2020-05-29,2020,2,8,51240,105.5,101.7,74.9625,0.0
2020000649,부평 SK VIEW 해모로,28,인천,2020-05-29,2020,2,11,51300,55.18,101.7,74.9587,0.0
2020000649,부평 SK VIEW 해모로,28,인천,2020-05-29,2020,2,91,50910,48.91,101.7,74.6086,0.0
2020000649,부평 SK VIEW 해모로,28,인천,2020-05-29,2020,2,178,56880,117.22,101.7,84.9825,0.0
2020000649,부평 SK VIEW 해모로,28,인천,2020-05-29,2020,2,43,57750,144.33,101.7,84.9659,0.0
2020000648,사송더샵데시앙2차(B-7BL),48,경남,2020-06-12,2020,2,482,37200,2.54,101.7,84.9364,0.0
2020000648,사송더샵데시앙2차(B-7BL),48,경남,2020-06-12,2020,2,84,37500,2.29,101.7,84.9865,0.0
2020000644,사송더샵데시앙2차(B-5BL),48,경남,2020-06-12,2020,2,82,32900,2.68,101.7,74.9913,0.0
2020000644,사송더샵데시앙2차(B-5BL),48,경남,2020-06-12,2020,2,135,37600,8.51,101.7,84.9364,0.0
2020000644,사송더샵데시앙2차(B-5BL),48,경남,2020-06-12,2020,2,55,37900,6.02,101.7,84.9865,0.0
2020000640,사송더샵데시앙2차(B-6BL),48,경남,2020-06-12,2020,2,27,32800,2.59,101.7,74.9913,0.0
2020000640,사송더샵데시앙2차(B-6BL),48,경남,2020-06-12,2020,2,280,37000,2.88,101.7,84.9364,0.0
2020000640,사송더샵데시앙2차(B-6BL),48,경남,2020-06-12,2020,2,43,37200,2.7,101.7,84.9865,0.0
2020000638,힐스테이트 광산,29,광주,2020-06-19,2020,2,123,37630,66.55,101.7,84.9216,0.0
2020000638,힐스테이트 광산,29,광주,2020-06-19,2020,2,118,36540,23.82,101.7,84.9245,0.0
2020000635,이안 센트럴포레 장유 1단지,48,경남,2020-05-29,2020,2,16,30400,9.0,101.7,84.9638,25.0
2020000634,검암역 로열파크씨티 푸르지오 2단지,28,인천,2020-05-27,2020,2,143,42150,10.17,101.7,59.8599,0.0
2020000634,검암역 로열파크씨티 푸르지오 2단지,28,인천,2020-05-27,2020,2,150,42140,4.22,101.7,59.959,0.0
2020000634,검암역 로열파크씨티 푸르지오 2단지,28,인천,2020-05-27,2020,2,247,50230,11.26,101.7,74.0021,0.0
2020000634,검암역 로열파크씨티 푸르지오 2단지,28,인천,2020-05-27,2020,2,227,49670,5.55,101.7,74.0057,0.0
2020000634,검암역 로열파크씨티 푸르지오 2단지,28,인천,2020-05-27,2020,2,315,55660,23.15,101.7,84.9785,0.0
2020000634,검암역 로열파크씨티 푸르지오 2단지,28,인천,2020-05-27,2020,2,95,52330,15.72,101.7,84.942,0.0
2020000634,검암역 로열파크씨티 푸르지오 2단지,28,인천,2020-05-27,2020,2,63,55050,37.33,101.7,84.9144,0.0
2020000633,검암역 로열파크씨티 푸르지오 1단지,28,인천,2020-05-27,2020,2,304,43260,10.35,101.7,59.8599,0.0
2020000633,검암역 로열파크씨티 푸르지오 1단지,28,인천,2020-05-27,2020,2,85,42990,7.56,101.7,59.959,0.0
2020000633,검암역 로열파크씨티 푸르지오 1단지,28,인천,2020-05-27,2020,2,185,49370,15.96,101.7,74.0021,0.0
2020000633,검암역 로열파크씨티 푸르지오 1단지,28,인천,2020-05-27,2020,2,231,49410,8.14,101.7,74.0057,0.0
2020000633,검암역 로열파크씨티 푸르지오 1단지,28,인천,2020-05-27,2020,2,272,55260,34.65,101.7,84.9785,0.0
2020000633,검암역 로열파크씨티 푸르지오 1단지,28,인천,2020-05-27,2020,2,98,52060,16.71,101.7,84.942,0.0
2020000633,검암역 로열파크씨티 푸르지오 1단지,28,인천,2020-05-27,2020,2,65,55340,66.63,101.7,84.9144,0.0
2020000632,연동 백강 스위트엠1,50,제주,2020-05-29,2020,2,1,34332,3.0,101.7,57.638,0.0
2020000631,공항동 발쿠치네 하우스,11,서울,2020-06-05,2020,2,4,15860,4.75,103.2,17.2538,0.0
2020000631,공항동 발쿠치네 하우스,11,서울,2020-06-05,2020,2,6,20890,4.29,103.2,21.95,0.0
2020000631,공항동 발쿠치네 하우스,11,서울,2020-06-05,2020,2,2,38240,8.0,103.2,38.7508,0.0
2020000631,공항동 발쿠치네 하우스,11,서울,2020-06-05,2020,2,5,46070,8.4,103.2,47.9142,0.0
2020000631,공항동 발쿠치네 하우스,11,서울,2020-06-05,2020,2,6,48530,8.33,103.2,48.0405,0.0
2020000631,공항동 발쿠치네 하우스,11,서울,2020-06-05,2020,2,2,58230,14.0,103.2,55.8376,0.0
2020000631,공항동 발쿠치네 하우스,11,서울,2020-06-05,2020,2,2,58530,52.5,103.2,56.8791,0.0
2020000631,공항동 발쿠치네 하우스,11,서울,2020-06-05,2020,2,1,88670,61.0,103.2,95.2724,0.0
2020000631,공항동 발쿠치네 하우스,11,서울,2020-06-05,2020,2,1,88790,29.0,103.2,95.1132,0.0
2020000621,e편한세상 무등산,29,광주,2020-05-29,2020,2,50,46670,90.94,101.7,84.9508,0.0
2020000621,e편한세상 무등산,29,광주,2020-05-29,2020,2,4,46160,160.0,101.7,84.9926,0.0
2020000618,화서역 푸르지오 브리시엘,41,경기,2020-05-22,2020,2,130,72700,78.9,101.7,84.8641,0.0
2020000618,화서역 푸르지오 브리시엘,41,경기,2020-05-22,2020,2,85,72000,29.38,101.7,84.9343,0.0
2020000618,화서역 푸르지오 브리시엘,41,경기,2020-05-22,2020,2,42,72500,30.4,101.7,84.8548,0.0
2020000618,화서역 푸르지오 브리시엘,41,경기,2020-05-22,2020,2,96,88300,29.03,101.7,104.9868,0.0
2020000618,화서역 푸르지오 브리시엘,41,경기,2020-05-22,2020,2,63,86900,16.16,101.7,104.9256,0.0
2020000618,화서역 푸르지오 브리시엘,41,경기,2020-05-22,2020,2,31,87900,12.35,101.7,104.7512,0.0
2020000618,화서역 푸르지오 브리시엘,41,경기,2020-05-22,2020,2,1,125100,15.0,101.7,154.7827,0.0
2020000618,화서역 푸르지오 브리시엘,41,경기,2020-05-22,2020,2,1,153500,11.0,101.7,189.7569,0.0
2020000618,화서역 푸르지오 브리시엘,41,경기,2020-05-22,2020,2,1,152800,6.0,101.7,189.6256,0.0
2020000616,북청라 하우스토리,28,인천,2020-06-08,2020,2,19,33589,6.05,101.7,59.97,0.0
2020000616,북청라 하우스토리,28,인천,2020-06-08,2020,2,25,33589,8.8,101.7,59.8661,0.0
2020000616,북청라 하우스토리,28,인천,2020-06-08,2020,2,9,33589,4.44,101.7,59.9893,0.0
2020000616,북청라 하우스토리,28,인천,2020-06-08,2020,2,5,32787,12.2,101.7,59.9357,0.0
2020000615,기흥 푸르지오 포레피스,41,경기,2020-07-15,2020,3,66,39210,8.27,101.7,59.6874,0.0
2020000615,기흥 푸르지오 포레피스,41,경기,2020-07-15,2020,3,69,39250,4.96,101.7,59.8573,0.0
2020000615,기흥 푸르지오 포레피스,41,경기,2020-07-15,2020,3,50,45430,7.52,101.7,74.7081,0.0
2020000615,기흥 푸르지오 포레피스,41,경기,2020-07-15,2020,3,79,45760,7.67,101.7,74.614,0.0
2020000615,기흥 푸르지오 포레피스,41,경기,2020-07-15,2020,3,27,45600,6.41,101.7,74.7162,0.0
2020000615,기흥 푸르지오 포레피스,41,경기,2020-07-15,2020,3,32,50270,22.31,101.7,84.8549,0.0
2020000615,기흥 푸르지오 포레피스,41,경기,2020-07-15,2020,3,47,50230,20.26,101.7,84.9334,0.0
2020000615,기흥 푸르지오 포레피스,41,경기,2020-07-15,2020,3,17,50050,8.53,101.7,84.7477,0.0
2020000612,더샵 광주포레스트,29,광주,2020-05-28,2020,2,191,47600,75.73,101.7,84.9987,0.0
2020000612,더샵 광주포레스트,29,광주,2020-05-28,2020,2,129,47600,21.57,101.7,84.9797,0.0
2020000612,더샵 광주포레스트,29,광주,2020-05-28,2020,2,66,46800,19.24,101.7,84.9887,0.0
2020000611,더샵 송도센터니얼,28,인천,2020-05-21,2020,2,20,72300,269.6,101.7,75.92,64.0
2020000611,더샵 송도센터니얼,28,인천,2020-05-21,2020,2,62,81000,431.32,101.7,84.98,67.0
2020000611,더샵 송도센터니얼,28,인천,2020-05-21,2020,2,37,78800,123.22,101.7,84.94,57.0
2020000611,더샵 송도센터니얼,28,인천,2020-05-21,2020,2,19,78400,145.44,101.7,84.92,58.0
2020000611,더샵 송도센터니얼,28,인천,2020-05-21,2020,2,5,77400,356.5,101.7,84.94,57.0
2020000608,상도역 롯데캐슬,11,서울,2020-05-22,2020,2,107,97380,28.07,103.2,59.9818,0.0
2020000608,상도역 롯데캐슬,11,서울,2020-05-22,2020,2,27,98650,18.52,103.2,59.9851,0.0
2020000608,상도역 롯데캐슬,11,서울,2020-05-22,2020,2,33,99790,16.39,103.2,59.6984,0.0
2020000608,상도역 롯데캐슬,11,서울,2020-05-22,2020,2,136,115840,13.74,103.2,74.9587,0.0
2020000608,상도역 롯데캐슬,11,서울,2020-05-22,2020,2,40,117170,8.33,103.2,74.9853,0.0
2020000608,상도역 롯데캐슬,11,서울,2020-05-22,2020,2,45,127340,40.47,103.2,84.9952,0.0
2020000608,상도역 롯데캐슬,11,서울,2020-05-22,2020,2,28,128880,20.93,103.2,84.9833,0.0
2020000608,상도역 롯데캐슬,11,서울,2020-05-22,2020,2,20,129640,15.65,103.2,84.9807,0.0
2020000608,상도역 롯데캐슬,11,서울,2020-05-22,2020,2,6,127440,46.17,103.2,84.965,0.0
2020000608,상도역 롯데캐슬,11,서울,2020-05-22,2020,2,16,159550,60.38,103.2,110.9878,0.0
2020000608,상도역 롯데캐슬,11,서울,2020-05-22,2020,2,16,161300,36.75,103.2,110.9996,0.0
2020000607,동대구 해모로 스퀘어 이스트,27,대구,2020-05-21,2020,2,70,34620,3.41,101.7,59.8787,0.0
2020000607,동대구 해모로 스퀘어 이스트,27,대구,2020-05-21,2020,2,26,35010,3.04,101.7,59.7383,0.0
2020000607,동대구 해모로 스퀘어 이스트,27,대구,2020-05-21,2020,2,28,34650,1.27,101.7,59.7946,0.0
2020000607,동대구 해모로 스퀘어 이스트,27,대구,2020-05-21,2020,2,57,43110,2.56,101.7,75.8282,0.0
2020000607,동대구 해모로 스퀘어 이스트,27,대구,2020-05-21,2020,2,52,43280,2.84,101.7,75.7285,0.0
2020000607,동대구 해모로 스퀘어 이스트,27,대구,2020-05-21,2020,2,24,42860,1.54,101.7,75.5292,0.0
2020000607,동대구 해모로 스퀘어 이스트,27,대구,2020-05-21,2020,2,92,47990,22.08,101.7,84.9402,0.0
2020000607,동대구 해모로 스퀘어 이스트,27,대구,2020-05-21,2020,2,23,47880,42.13,101.7,84.985,0.0
2020000607,동대구 해모로 스퀘어 이스트,27,대구,2020-05-21,2020,2,11,47580,14.0,101.7,84.9233,0.0
2020000605,번영로 하늘채 센트럴파크,31,울산,2020-06-05,2020,2,85,38500,24.82,101.7,59.912,0.0
2020000605,번영로 하늘채 센트럴파크,31,울산,2020-06-05,2020,2,41,47200,37.95,101.7,74.707,0.0
2020000605,번영로 하늘채 센트럴파크,31,울산,2020-06-05,2020,2,35,54850,215.11,101.7,84.961,0.0
2020000605,번영로 하늘채 센트럴파크,31,울산,2020-06-05,2020,2,1,52930,401.0,101.7,84.981,0.0
2020000605,번영로 하늘채 센트럴파크,31,울산,2020-06-05,2020,2,9,53700,75.89,101.7,84.936,0.0
2020000600,하남감일 한양수자인,41,경기,2020-05-21,2020,2,293,61600,121.21,101.7,84.6481,55.0
2020000599,무등산 한국아델리움 어반센트럴,29,광주,2020-05-18,2020,2,54,40800,8.69,101.7,84.2102,0.0
2020000599,무등산 한국아델리움 어반센트럴,29,광주,2020-05-18,2020,2,12,40800,12.0,101.7,84.2573,0.0
2020000599,무등산 한국아델리움 어반센트럴,29,광주,2020-05-18,2020,2,5,28900,9.0,101.7,59.7895,0.0
2020000599,무등산 한국아델리움 어반센트럴,29,광주,2020-05-18,2020,2,5,30200,4.4,101.7,59.7167,0.0
2020000595,대전 둔곡지구 A3BL 우미린,30,대전,2020-05-22,2020,2,49,25490,19.16,101.7,65.355,0.0
2020000595,대전 둔곡지구 A3BL 우미린,30,대전,2020-05-22,2020,2,121,26830,23.69,101.7,68.5227,0.0
2020000595,대전 둔곡지구 A3BL 우미린,30,대전,2020-05-22,2020,2,10,25990,40.14,101.7,73.957,0.0
2020000595,대전 둔곡지구 A3BL 우미린,30,대전,2020-05-22,2020,2,19,27360,50.0,101.7,76.9927,0.0
2020000595,대전 둔곡지구 A3BL 우미린,30,대전,2020-05-22,2020,2,129,32960,107.13,101.7,84.946,0.0
2020000595,대전 둔곡지구 A3BL 우미린,30,대전,2020-05-22,2020,2,40,32700,52.88,101.7,84.9541,0.0
2020000595,대전 둔곡지구 A3BL 우미린,30,대전,2020-05-22,2020,2,28,32960,58.75,101.7,84.9465,0.0
2020000594,부평삼산 신원아침도시,28,인천,2020-05-29,2020,2,1,37400,104.0,101.7,59.9889,0.0
2020000594,부평삼산 신원아침도시,28,인천,2020-05-29,2020,2,1,37800,80.0,101.7,59.8939,0.0
2020000594,부평삼산 신원아침도시,28,인천,2020-05-29,2020,2,27,46900,37.19,101.7,74.19,0.0
2020000589,속초디오션자이,51,강원,2020-05-14,2020,2,65,48500,37.46,101.7,84.9745,0.0
2020000589,속초디오션자이,51,강원,2020-05-14,2020,2,65,48060,3.55,101.7,84.9826,0.0
2020000589,속초디오션자이,51,강원,2020-05-14,2020,2,65,48210,12.62,101.7,84.994,0.0
2020000589,속초디오션자이,51,강원,2020-05-14,2020,2,65,48500,2.0,101.7,84.9843,0.0
2020000586,동탄역 헤리엇,41,경기,2020-05-15,2020,2,25,56380,1633.4,101.7,97.8618,69.0
2020000586,동탄역 헤리엇,41,경기,2020-05-15,2020,2,148,56250,657.73,101.7,97.3043,65.0
2020000586,동탄역 헤리엇,41,경기,2020-05-15,2020,2,124,55680,315.08,101.7,97.8915,63.0
2020000586,동탄역 헤리엇,41,경기,2020-05-15,2020,2,74,56960,762.6,101.7,107.9565,66.0
2020000586,동탄역 헤리엇,41,경기,2020-05-15,2020,2,2,154017,60.0,101.7,155.9118,0.0
2020000586,동탄역 헤리엇,41,경기,2020-05-15,2020,2,2,155560,42.0,101.7,155.9432,0.0
2020000585,남천 우성스마트시티뷰,26,부산,2020-05-22,2020,2,12,58050,32.25,101.7,84.9536,0.0
2020000585,남천 우성스마트시티뷰,26,부산,2020-05-22,2020,2,11,56060,4.35,101.7,84.6744,0.0
2020000585,남천 우성스마트시티뷰,26,부산,2020-05-22,2020,2,11,56620,5.5,101.7,84.4885,0.0
2020000585,남천 우성스마트시티뷰,26,부산,2020-05-22,2020,2,21,57380,6.58,101.7,84.981,0.0
2020000576,대구용산자이,27,대구,2020-05-22,2020,2,66,66914,226.67,101.7,84.9956,0.0
2020000576,대구용산자이,27,대구,2020-05-22,2020,2,68,66090,57.06,101.7,84.9917,0.0
2020000576,대구용산자이,27,대구,2020-05-22,2020,2,68,66914,62.75,101.7,84.9956,0.0
2020000575,이트리니티 공도 센트럴파크,41,경기,2020-05-15,2020,2,94,24240,136.0,101.7,74.1431,0.0
2020000575,이트리니티 공도 센트럴파크,41,경기,2020-05-15,2020,2,78,26790,49.0,101.7,84.1151,16.0
2020000575,이트리니티 공도 센트럴파크,41,경기,2020-05-15,2020,2,3,48700,2.0,101.7,84.2721,0.0
2020000575,이트리니티 공도 센트럴파크,41,경기,2020-05-15,2020,2,4,48700,25.0,101.7,84.1371,25.0
2020000572,두류 센트레빌 더시티,27,대구,2020-05-15,2020,2,35,44740,13.21,101.7,59.4283,0.0
2020000572,두류 센트레빌 더시티,27,대구,2020-05-15,2020,2,20,44290,14.61,101.7,59.7266,0.0
2020000572,두류 센트레빌 더시티,27,대구,2020-05-15,2020,2,55,54640,19.82,101.7,74.8209,0.0
2020000572,두류 센트레빌 더시티,27,대구,2020-05-15,2020,2,55,59980,87.6,101.7,84.7182,0.0
2020000572,두류 센트레빌 더시티,27,대구,2020-05-15,2020,2,29,59290,27.56,101.7,84.5625,0.0
2020000571,문경 모전 코아루 노블36,47,경북,2020-05-15,2020,2,33,32037,1.5,101.7,82.32,0.0
2020000569,나운 금호어울림 센트럴,52,전북,2020-05-21,2020,2,51,23280,2.06,101.7,73.428,0.0
2020000569,나운 금호어울림 센트럴,52,전북,2020-05-21,2020,2,22,26600,6.81,101.7,84.9912,0.0
2020000569,나운 금호어울림 센트럴,52,전북,2020-05-21,2020,2,4,26580,4.25,101.7,84.9241,0.0
2020000569,나운 금호어울림 센트럴,52,전북,2020-05-21,2020,2,5,38520,27.0,101.7,84.922,0.0
2020000566,용인 명지대역 서희스타힐스,41,경기,2020-05-14,2020,2,6,31100,12.83,101.7,59.9957,0.0
2020000566,용인 명지대역 서희스타힐스,41,경기,2020-05-14,2020,2,1,32800,4.0,101.7,64.9948,0.0
2020000566,용인 명지대역 서희스타힐스,41,경기,2020-05-14,2020,2,3,37500,15.0,101.7,74.9987,0.0
2020000566,용인 명지대역 서희스타힐스,41,경기,2020-05-14,2020,2,2,37600,6.0,101.7,76.4926,0.0
2020000566,용인 명지대역 서희스타힐스,41,경기,2020-05-14,2020,2,2,37400,12.5,101.7,76.962,0.0
2020000566,용인 명지대역 서희스타힐스,41,경기,2020-05-14,2020,2,1,43600,49.0,101.7,84.4547,0.0
2020000566,용인 명지대역 서희스타힐스,41,경기,2020-05-14,2020,2,7,31200,5.29,101.7,59.9957,0.0
2020000566,용인 명지대역 서희스타힐스,41,경기,2020-05-14,2020,2,4,36800,8.5,101.7,74.9987,0.0
2020000566,용인 명지대역 서희스타힐스,41,경기,2020-05-14,2020,2,2,37900,5.0,101.7,76.966,0.0
2020000566,용인 명지대역 서희스타힐스,41,경기,2020-05-14,2020,2,3,43800,25.0,101.7,84.4547,0.0
2020000565,이안논현오션파크,28,인천,2020-06-10,2020,2,87,33201,6.99,101.7,64.9796,0.0
2020000565,이안논현오션파크,28,인천,2020-06-10,2020,2,85,33341,5.88,101.7,65.5846,0.0
2020000564,울산 지웰시티 자이 2단지,31,울산,2020-05-13,2020,2,193,46840,11.55,101.7,84.9957,0.0
2020000564,울산 지웰시티 자이 2단지,31,울산,2020-05-13,2020,2,188,47160,11.73,101.7,84.9976,0.0
2020000564,울산 지웰시티 자이 2단지,31,울산,2020-05-13,2020,2,207,45110,1.17,101.7,84.9839,22.0
2020000564,울산 지웰시티 자이 2단지,31,울산,2020-05-13,2020,2,76,45860,2.01,101.7,84.9953,0.0
2020000564,울산 지웰시티 자이 2단지,31,울산,2020-05-13,2020,2,33,45070,4.27,101.7,84.9953,0.0
2020000563,울산 지웰시티 자이 1단지,31,울산,2020-05-13,2020,2,67,36970,6.09,101.7,59.9933,0.0
2020000563,울산 지웰시티 자이 1단지,31,울산,2020-05-13,2020,2,146,35530,1.27,101.7,59.9908,0.0
2020000563,울산 지웰시티 자이 1단지,31,울산,2020-05-13,2020,2,206,46170,13.21,101.7,84.9957,0.0
2020000563,울산 지웰시티 자이 1단지,31,울산,2020-05-13,2020,2,162,46490,7.63,101.7,84.9976,0.0
2020000563,울산 지웰시티 자이 1단지,31,울산,2020-05-13,2020,2,133,44840,3.11,101.7,84.9804,0.0
2020000563,울산 지웰시티 자이 1단지,31,울산,2020-05-13,2020,2,78,45320,2.41,101.7,84.9953,0.0
2020000558,광명 푸르지오 센트베르,41,경기,2020-05-07,2020,2,27,25350,3.93,101.7,36.9424,0.0
2020000558,광명 푸르지오 센트베르,41,경기,2020-05-07,2020,2,24,37250,8.42,101.7,49.9055,0.0
2020000558,광명 푸르지오 센트베르,41,경기,2020-05-07,2020,2,42,52020,12.21,101.7,59.3579,0.0
2020000558,광명 푸르지오 센트베르,41,경기,2020-05-07,2020,2,139,49030,8.35,101.7,59.6069,0.0
2020000558,광명 푸르지오 센트베르,41,경기,2020-05-07,2020,2,40,52020,10.8,101.7,59.4654,0.0
2020000555,양주 옥정신도시 A-17(1)블록 대성베르힐,41,경기,2020-05-22,2020,2,22,32890,10.0,101.7,72.5539,0.0
2020000555,양주 옥정신도시 A-17(1)블록 대성베르힐,41,경기,2020-05-22,2020,2,25,33320,11.0,101.7,72.7798,0.0
2020000555,양주 옥정신도시 A-17(1)블록 대성베르힐,41,경기,2020-05-22,2020,2,147,36610,33.0,101.7,84.7373,16.0
2020000555,양주 옥정신도시 A-17(1)블록 대성베르힐,41,경기,2020-05-22,2020,2,146,36510,27.0,101.7,84.5193,18.0
2020000554,양주 옥정신도시 제일풍경채 Lake City(A10-2BL),41,경기,2020-05-08,2020,2,88,35520,6.18,101.7,74.6691,27.0
2020000554,양주 옥정신도시 제일풍경채 Lake City(A10-2BL),41,경기,2020-05-08,2020,2,242,38710,23.81,101.7,84.903,47.0
2020000554,양주 옥정신도시 제일풍경채 Lake City(A10-2BL),41,경기,2020-05-08,2020,2,176,36270,5.53,101.7,84.8856,23.0
2020000554,양주 옥정신도시 제일풍경채 Lake City(A10-2BL),41,경기,2020-05-08,2020,2,21,35190,26.0,101.7,84.4913,49.0
2020000553,이안 동래 센트럴시티,26,부산,2020-06-15,2020,2,22,37690,11.85,101.7,59.4482,0.0
2020000553,이안 동래 센트럴시티,26,부산,2020-06-15,2020,2,20,39380,12.24,101.7,61.9454,0.0
2020000553,이안 동래 센트럴시티,26,부산,2020-06-15,2020,2,22,39610,5.12,101.7,61.9454,0.0
2020000553,이안 동래 센트럴시티,26,부산,2020-06-15,2020,2,20,38380,3.91,101.7,62.3714,0.0
2020000553,이안 동래 센트럴시티,26,부산,2020-06-15,2020,2,21,38430,6.03,101.7,63.3071,0.0
2020000553,이안 동래 센트럴시티,26,부산,2020-06-15,2020,2,44,44350,56.11,101.7,72.151,0.0
2020000551,흑석리버파크자이,11,서울,2020-05-08,2020,2,18,70170,461.5,103.2,59.98,0.0
2020000551,흑석리버파크자이,11,서울,2020-05-08,2020,2,10,69940,283.1,103.2,59.76,0.0
2020000551,흑석리버파크자이,11,서울,2020-05-08,2020,2,14,68410,321.29,103.2,59.93,0.0
2020000551,흑석리버파크자이,11,서울,2020-05-08,2020,2,2,66880,801.5,103.2,59.64,0.0
2020000551,흑석리버파크자이,11,서울,2020-05-08,2020,2,70,100450,44.83,103.2,84.94,0.0
2020000551,흑석리버파크자이,11,서울,2020-05-08,2020,2,39,100590,63.79,103.2,84.99,0.0
2020000551,흑석리버파크자이,11,서울,2020-05-08,2020,2,172,99320,37.29,103.2,84.96,0.0
2020000551,흑석리버파크자이,11,서울,2020-05-08,2020,2,1,122760,1998.0,103.2,120.43,0.0
2020000547,부평 중앙하이츠 프리미어,28,인천,2020-05-08,2020,2,73,38310,9.32,101.7,59.8979,0.0
2020000547,부평 중앙하이츠 프리미어,28,인천,2020-05-08,2020,2,9,39310,14.67,101.7,59.9654,0.0
2020000547,부평 중앙하이츠 프리미어,28,인천,2020-05-08,2020,2,52,44350,17.87,101.7,74.8119,0.0
2020000547,부평 중앙하이츠 프리미어,28,인천,2020-05-08,2020,2,9,44880,9.78,101.7,74.9508,0.0
2020000547,부평 중앙하이츠 프리미어,28,인천,2020-05-08,2020,2,8,46080,60.88,101.7,84.7447,0.0
2020000547,부평 중앙하이츠 프리미어,28,인천,2020-05-08,2020,2,3,45980,33.67,101.7,84.9232,0.0
2020000545,영종국제도시 화성파크드림2차,28,인천,2020-05-08,2020,2,106,30240,1.67,101.7,64.3367,23.0
2020000545,영종국제도시 화성파크드림2차,28,인천,2020-05-08,2020,2,68,33680,1.88,101.7,73.6293,24.0
2020000545,영종국제도시 화성파크드림2차,28,인천,2020-05-08,2020,2,53,35470,7.13,101.7,75.2689,36.0
2020000545,영종국제도시 화성파크드림2차,28,인천,2020-05-08,2020,2,5,33260,116.5,101.7,84.9295,50.0
2020000545,영종국제도시 화성파크드림2차,28,인천,2020-05-08,2020,2,3,35710,190.0,101.7,84.9979,57.0
2020000542,양정 포레힐즈 스위첸,26,부산,2020-05-08,2020,2,64,36860,57.83,101.7,59.9359,0.0
2020000542,양정 포레힐즈 스위첸,26,부산,2020-05-08,2020,2,43,36860,48.19,101.7,59.9981,0.0
2020000542,양정 포레힐즈 스위첸,26,부산,2020-05-08,2020,2,27,45140,68.93,101.7,73.8441,0.0
2020000542,양정 포레힐즈 스위첸,26,부산,2020-05-08,2020,2,13,45140,71.92,101.7,73.964,0.0
2020000542,양정 포레힐즈 스위첸,26,부산,2020-05-08,2020,2,199,51430,116.42,101.7,84.971,0.0
2020000542,양정 포레힐즈 스위첸,26,부산,2020-05-08,2020,2,77,51430,79.31,101.7,84.9973,0.0
2020000541,홍도동 다우 갤러리휴리움,30,대전,2020-05-08,2020,2,41,23000,3.45,101.7,49.7869,0.0
2020000541,홍도동 다우 갤러리휴리움,30,대전,2020-05-08,2020,2,9,24000,1.75,101.7,49.7869,0.0
2020000541,홍도동 다우 갤러리휴리움,30,대전,2020-05-08,2020,2,11,23100,1.41,101.7,49.7869,0.0
2020000541,홍도동 다우 갤러리휴리움,30,대전,2020-05-08,2020,2,41,26400,20.07,101.7,59.9975,0.0
2020000541,홍도동 다우 갤러리휴리움,30,대전,2020-05-08,2020,2,2,25800,65.0,101.7,59.9975,0.0
2020000541,홍도동 다우 갤러리휴리움,30,대전,2020-05-08,2020,2,4,27700,9.73,101.7,59.9975,0.0
2020000541,홍도동 다우 갤러리휴리움,30,대전,2020-05-08,2020,2,5,31700,195.0,101.7,74.8482,0.0
2020000529,청학 우성스마트시티 뷰,26,부산,2020-05-08,2020,2,8,33350,1.13,101.7,78.1594,0.0
2020000528,힐스테이트 대구역 오페라,27,대구,2020-05-08,2020,2,104,40800,6.98,101.7,59.879,0.0
2020000528,힐스테이트 대구역 오페라,27,대구,2020-05-08,2020,2,155,57900,25.54,101.7,84.8715,0.0
2020000528,힐스테이트 대구역 오페라,27,대구,2020-05-08,2020,2,178,57700,11.99,101.7,84.3571,0.0
2020000523,DMC리버시티자이,41,경기,2020-05-15,2020,2,40,66930,19.65,101.7,84.9585,0.0
2020000523,DMC리버시티자이,41,경기,2020-05-15,2020,2,88,66830,15.05,101.7,84.9481,0.0
2020000523,DMC리버시티자이,41,경기,2020-05-15,2020,2,94,65580,11.63,101.7,84.8288,0.0
2020000523,DMC리버시티자이,41,경기,2020-05-15,2020,2,24,66960,15.17,101.7,84.9657,0.0
2020000523,DMC리버시티자이,41,경기,2020-05-15,2020,2,104,78340,18.19,101.7,99.6734,0.0
2020000521,위례신도시 A3-2BL 우미린 2차,41,경기,2020-05-15,2020,2,42,70440,854.63,101.7,90.4172,60.0
2020000521,위례신도시 A3-2BL 우미린 2차,41,경기,2020-05-15,2020,2,143,79290,262.48,101.7,102.2443,53.0
2020000521,위례신도시 A3-2BL 우미린 2차,41,경기,2020-05-15,2020,2,58,78580,195.08,101.7,102.47,54.0
2020000521,위례신도시 A3-2BL 우미린 2차,41,경기,2020-05-15,2020,2,126,89990,206.84,101.7,119.3196,54.0
2020000513,신동탄포레자이,41,경기,2020-04-29,2020,2,269,43940,14.67,101.7,59.9801,0.0
2020000513,신동탄포레자이,41,경기,2020-04-29,2020,2,195,52340,15.81,101.7,74.8111,0.0
2020000513,신동탄포레자이,41,경기,2020-04-29,2020,2,162,56600,67.38,101.7,84.9777,0.0
2020000513,신동탄포레자이,41,경기,2020-04-29,2020,2,107,56020,29.89,101.7,84.9777,0.0
2020000513,신동탄포레자이,41,경기,2020-04-29,2020,2,6,76030,195.33,101.7,84.9781,0.0
2020000509,안양호계 신원아침도시,41,경기,2020-05-21,2020,2,8,46022,5.75,101.7,61.2805,0.0
2020000509,안양호계 신원아침도시,41,경기,2020-05-21,2020,2,18,44804,3.72,101.7,61.5817,0.0
2020000509,안양호계 신원아침도시,41,경기,2020-05-21,2020,2,9,43847,2.78,101.7,61.5817,0.0
2020000509,안양호계 신원아침도시,41,경기,2020-05-21,2020,2,18,53140,8.28,101.7,75.1884,0.0
2020000509,안양호계 신원아침도시,41,경기,2020-05-21,2020,2,4,54061,11.25,101.7,75.1884,0.0
2020000506,여수 신기 휴스티지 아파트,46,전남,2020-05-08,2020,2,19,39500,13.64,101.7,84.1281,0.0
2020000506,여수 신기 휴스티지 아파트,46,전남,2020-05-08,2020,2,19,39500,7.57,101.7,84.1605,0.0
2020000506,여수 신기 휴스티지 아파트,46,전남,2020-05-08,2020,2,43,38550,6.15,101.7,84.6057,0.0
2020000506,여수 신기 휴스티지 아파트,46,전남,2020-05-08,2020,2,2,38550,22.0,101.7,84.6057,0.0
2020000506,여수 신기 휴스티지 아파트,46,전남,2020-05-08,2020,2,1,38550,22.0,101.7,84.6057,0.0
2020000503,우장산숲아이파크,11,서울,2020-04-29,2020,2,12,69962,65.33,103.2,59.9877,0.0
2020000503,우장산숲아이파크,11,서울,2020-04-29,2020,2,58,70666,66.4,103.2,59.9983,0.0
2020000503,우장산숲아이파크,11,서울,2020-04-29,2020,2,6,71134,74.0,103.2,59.9969,0.0
2020000503,우장산숲아이파크,11,서울,2020-04-29,2020,2,12,85749,41.83,103.2,74.9982,0.0
2020000503,우장산숲아이파크,11,서울,2020-04-29,2020,2,15,89991,89.6,103.2,84.9854,0.0
2020000503,우장산숲아이파크,11,서울,2020-04-29,2020,2,34,89526,63.97,103.2,84.9771,0.0
2020000503,우장산숲아이파크,11,서울,2020-04-29,2020,2,13,89996,63.23,103.2,84.9932,0.0
2020000484,의정부 롯데캐슬 골드포레,41,경기,2020-04-24,2020,2,27,20440,20.0,101.7,39.77,15.0
2020000484,의정부 롯데캐슬 골드포레,41,경기,2020-04-24,2020,2,74,33460,7.73,101.7,59.94,0.0
2020000484,의정부 롯데캐슬 골드포레,41,경기,2020-04-24,2020,2,16,32770,4.25,101.7,59.99,0.0
2020000484,의정부 롯데캐슬 골드포레,41,경기,2020-04-24,2020,2,11,45590,23.27,101.7,84.99,0.0
2020000484,의정부 롯데캐슬 골드포레,41,경기,2020-04-24,2020,2,30,45520,12.9,101.7,84.94,0.0
2020000484,의정부 롯데캐슬 골드포레,41,경기,2020-04-24,2020,2,30,44950,8.97,101.7,84.95,0.0
2020000482,고양덕은 DMC리버포레자이(A7BL),41,경기,2020-04-24,2020,2,70,89220,6.63,101.7,84.9948,0.0
2020000482,고양덕은 DMC리버포레자이(A7BL),41,경기,2020-04-24,2020,2,30,87730,4.07,101.7,84.9961,0.0
2020000482,고양덕은 DMC리버포레자이(A7BL),41,경기,2020-04-24,2020,2,11,89010,7.0,101.7,84.9961,0.0
2020000482,고양덕은 DMC리버포레자이(A7BL),41,경기,2020-04-24,2020,2,33,89910,4.0,101.7,84.99,0.0
2020000482,고양덕은 DMC리버포레자이(A7BL),41,경기,2020-04-24,2020,2,33,89630,3.03,101.7,84.9921,0.0
2020000482,고양덕은 DMC리버포레자이(A7BL),41,경기,2020-04-24,2020,2,9,89010,3.89,101.7,84.9961,0.0
2020000471,가양동 고운하이플러스,30,대전,2020-04-24,2020,2,14,23450,4.35,101.7,53.895,0.0
2020000471,가양동 고운하이플러스,30,대전,2020-04-24,2020,2,53,26610,15.17,101.7,59.592,0.0
2020000469,계룡 푸르지오 더 퍼스트,44,충남,2020-04-24,2020,2,209,22300,214.0,101.7,59.6989,0.0
2020000469,계룡 푸르지오 더 퍼스트,44,충남,2020-04-24,2020,2,75,22600,80.0,101.7,59.6604,0.0
2020000469,계룡 푸르지오 더 퍼스트,44,충남,2020-04-24,2020,2,12,22300,10.0,101.7,59.7711,0.0
2020000469,계룡 푸르지오 더 퍼스트,44,충남,2020-04-24,2020,2,113,31100,2.85,101.7,84.2562,0.0
2020000469,계룡 푸르지오 더 퍼스트,44,충남,2020-04-24,2020,2,53,31500,1.16,101.7,84.1596,0.0
2020000469,계룡 푸르지오 더 퍼스트,44,충남,2020-04-24,2020,2,40,31500,6.45,101.7,84.0947,0.0
2020000469,계룡 푸르지오 더 퍼스트,44,충남,2020-04-24,2020,2,13,31100,1.11,101.7,84.2059,0.0
2020000468,고양덕은 DMC리버파크자이(A4BL),41,경기,2020-04-24,2020,2,158,88590,5.51,101.7,84.9948,0.0
2020000468,고양덕은 DMC리버파크자이(A4BL),41,경기,2020-04-24,2020,2,74,87470,3.14,101.7,84.9961,0.0
2020000468,고양덕은 DMC리버파크자이(A4BL),41,경기,2020-04-24,2020,2,87,88350,2.15,101.7,84.9961,0.0
2020000468,고양덕은 DMC리버파크자이(A4BL),41,경기,2020-04-24,2020,2,116,97750,2.11,101.7,99.9962,0.0
2020000446,의정부역 진산엔월드메르디앙,41,경기,2020-04-24,2020,2,19,37913,17.0,101.7,67.73,0.0
2020000446,의정부역 진산엔월드메르디앙,41,경기,2020-04-24,2020,2,20,38287,18.0,101.7,68.182,0.0
2020000446,의정부역 진산엔월드메르디앙,41,경기,2020-04-24,2020,2,20,42948,15.0,101.7,77.163,0.0
2020000446,의정부역 진산엔월드메르디앙,41,경기,2020-04-24,2020,2,20,42948,9.0,101.7,77.19,21.0
2020000443,유성둔곡지구 서한이다음(2단지),30,대전,2020-04-16,2020,2,45,29700,12.17,101.7,78.9402,0.0
2020000443,유성둔곡지구 서한이다음(2단지),30,대전,2020-04-16,2020,2,314,31900,28.37,101.7,84.9648,0.0
2020000442,유성둔곡지구 서한이다음(1단지),30,대전,2020-04-16,2020,2,237,24000,3.5,101.7,59.6595,0.0
2020000442,유성둔곡지구 서한이다음(1단지),30,대전,2020-04-16,2020,2,54,24200,4.32,101.7,59.9696,0.0
2020000434,힐스테이트 동인센트럴,27,대구,2020-04-24,2020,2,42,54800,26.02,101.7,84.0812,0.0
2020000434,힐스테이트 동인센트럴,27,대구,2020-04-24,2020,2,51,54700,26.18,101.7,84.2739,0.0
2020000434,힐스테이트 동인센트럴,27,대구,2020-04-24,2020,2,51,53200,5.92,101.7,84.6178,0.0
2020000434,힐스테이트 동인센트럴,27,대구,2020-04-24,2020,2,33,53800,3.4,101.7,84.563,0.0
2020000429,시화MTV 공동2블록 더 퍼스트 시흥,41,경기,2020-04-17,2020,2,94,28420,27.86,101.7,59.9117,47.0
2020000429,시화MTV 공동2블록 더 퍼스트 시흥,41,경기,2020-04-17,2020,2,34,28470,26.29,101.7,59.9407,47.0
2020000429,시화MTV 공동2블록 더 퍼스트 시흥,41,경기,2020-04-17,2020,2,35,27430,13.6,101.7,59.9351,32.0
2020000429,시화MTV 공동2블록 더 퍼스트 시흥,41,경기,2020-04-17,2020,2,137,37910,66.74,101.7,84.9959,53.0
2020000429,시화MTV 공동2블록 더 퍼스트 시흥,41,경기,2020-04-17,2020,2,32,37870,27.75,101.7,84.8821,45.0
2020000428,대구 월배 라온프라이빗 디엘,27,대구,2020-04-17,2020,2,24,63200,67.21,101.7,84.9558,0.0
2020000428,대구 월배 라온프라이빗 디엘,27,대구,2020-04-17,2020,2,24,62200,51.63,101.7,84.9612,0.0
2020000416,호반써밋 목동,11,서울,2020-04-10,2020,2,19,58590,178.79,103.2,59.9182,0.0
2020000416,호반써밋 목동,11,서울,2020-04-10,2020,2,27,58080,153.67,103.2,59.9488,0.0
2020000416,호반써밋 목동,11,서울,2020-04-10,2020,2,32,80780,107.91,103.2,84.9224,0.0
2020000416,호반써밋 목동,11,서울,2020-04-10,2020,2,43,79830,108.91,103.2,84.9828,0.0
2020000416,호반써밋 목동,11,서울,2020-04-10,2020,2,11,79010,95.55,103.2,84.9735,0.0
2020000416,호반써밋 목동,11,서울,2020-04-10,2020,2,6,78540,156.33,103.2,84.9705,0.0
2020000412,동래효산벨뷰,26,부산,2020-04-24,2020,2,38,34780,1.92,101.7,67.7565,0.0
2020000412,동래효산벨뷰,26,부산,2020-04-24,2020,2,19,33280,1.42,101.7,68.0083,0.0
2020000412,동래효산벨뷰,26,부산,2020-04-24,2020,2,12,29290,8.0,101.7,64.8837,0.0
2020000412,동래효산벨뷰,26,부산,2020-04-24,2020,2,1,25260,3.0,101.7,64.8837,0.0
2020000411,더샵 광교산퍼스트파크,41,경기,2020-04-10,2020,2,34,21990,3.16,101.7,36.63,0.0
2020000411,더샵 광교산퍼스트파크,41,경기,2020-04-10,2020,2,20,41260,33.05,101.7,59.99,0.0
2020000411,더샵 광교산퍼스트파크,41,경기,2020-04-10,2020,2,20,41260,18.6,101.7,59.74,0.0
2020000411,더샵 광교산퍼스트파크,41,경기,2020-04-10,2020,2,12,46960,23.67,101.7,71.5,0.0
2020000411,더샵 광교산퍼스트파크,41,경기,2020-04-10,2020,2,10,46960,17.4,101.7,71.29,0.0
2020000411,더샵 광교산퍼스트파크,41,경기,2020-04-10,2020,2,9,46960,12.33,101.7,71.45,0.0
2020000411,더샵 광교산퍼스트파크,41,경기,2020-04-10,2020,2,80,53820,30.15,101.7,84.98,0.0
2020000411,더샵 광교산퍼스트파크,41,경기,2020-04-10,2020,2,44,53820,17.34,101.7,84.99,0.0
2020000411,더샵 광교산퍼스트파크,41,경기,2020-04-10,2020,2,44,53820,10.07,101.7,84.98,0.0
2020000404,충장 로머스파크 헤리티지 주상복합 아파트,29,광주,2020-05-26,2020,2,12,47150,2.53,101.7,84.8381,0.0
2020000404,충장 로머스파크 헤리티지 주상복합 아파트,29,광주,2020-05-26,2020,2,1,73700,17.0,101.7,84.8381,0.0
2020000368,쌍용 더 플래티넘 범어,27,대구,2020-04-03,2020,2,43,68740,29.05,101.7,84.539,0.0
2020000368,쌍용 더 플래티넘 범어,27,대구,2020-04-03,2020,2,43,67950,14.12,101.7,84.4614,0.0
2020000368,쌍용 더 플래티넘 범어,27,대구,2020-04-03,2020,2,35,68820,25.06,101.7,84.539,0.0
2020000347,인천 영종국제도시 A47BL 호반써밋 스카이센트럴,28,인천,2020-04-03,2020,2,48,34990,2.71,101.7,74.585,27.0
2020000347,인천 영종국제도시 A47BL 호반써밋 스카이센트럴,28,인천,2020-04-03,2020,2,48,34640,2.27,101.7,74.715,24.0
2020000347,인천 영종국제도시 A47BL 호반써밋 스카이센트럴,28,인천,2020-04-03,2020,2,52,38940,25.52,101.7,84.5781,48.0
2020000347,인천 영종국제도시 A47BL 호반써밋 스카이센트럴,28,인천,2020-04-03,2020,2,59,38820,6.86,101.7,84.9786,33.0
2020000347,인천 영종국제도시 A47BL 호반써밋 스카이센트럴,28,인천,2020-04-03,2020,2,24,37990,3.43,101.7,84.8753,29.0
2020000347,인천 영종국제도시 A47BL 호반써밋 스카이센트럴,28,인천,2020-04-03,2020,2,24,38620,7.9,101.7,84.8631,37.0
2020000340,인천 검단신도시 우미린 에코뷰,28,인천,2020-03-27,2020,1,108,33190,42.2,101.7,59.8229,52.0
2020000340,인천 검단신도시 우미린 에코뷰,28,인천,2020-03-27,2020,1,47,32320,24.32,101.7,59.9034,46.0
2020000340,인천 검단신도시 우미린 에코뷰,28,인천,2020-03-27,2020,1,17,33350,43.63,101.7,59.8221,48.0
2020000340,인천 검단신도시 우미린 에코뷰,28,인천,2020-03-27,2020,1,68,44150,104.5,101.7,84.8707,59.0
2020000340,인천 검단신도시 우미린 에코뷰,28,인천,2020-03-27,2020,1,20,42920,34.8,101.7,84.6257,50.0
2020000338,등촌역 한울에이치밸리움,11,서울,2020-04-07,2020,2,20,40700,4.15,103.2,21.54,0.0
2020000338,등촌역 한울에이치밸리움,11,서울,2020-04-07,2020,2,12,41400,4.92,103.2,24.94,0.0
2020000338,등촌역 한울에이치밸리움,11,서울,2020-04-07,2020,2,21,40900,4.81,103.2,24.08,0.0
2020000338,등촌역 한울에이치밸리움,11,서울,2020-04-07,2020,2,1,41000,8.0,103.2,21.54,0.0
2020000338,등촌역 한울에이치밸리움,11,서울,2020-04-07,2020,2,1,41500,8.0,103.2,21.54,0.0
2020000338,등촌역 한울에이치밸리움,11,서울,2020-04-07,2020,2,1,39500,22.0,103.2,24.08,0.0
2020000338,등촌역 한울에이치밸리움,11,서울,2020-04-07,2020,2,2,68500,44.0,103.2,28.42,0.0
2020000337,전주 우아한시티,52,전북,2020-04-03,2020,2,3,20510,65.67,101.7,59.985,0.0
2020000337,전주 우아한시티,52,전북,2020-04-03,2020,2,3,25940,42.33,101.7,74.986,0.0
2020000337,전주 우아한시티,52,전북,2020-04-03,2020,2,3,26250,22.0,101.7,74.993,0.0
2020000337,전주 우아한시티,52,전북,2020-04-03,2020,2,6,28120,403.17,101.7,84.94,0.0
2020000337,전주 우아한시티,52,전북,2020-04-03,2020,2,4,27760,102.5,101.7,84.99,0.0
2020000337,전주 우아한시티,52,전북,2020-04-03,2020,2,7,27820,90.71,101.7,84.991,0.0
2020000334,힐스테이트 도원 센트럴,27,대구,2020-04-03,2020,2,101,55500,72.21,101.7,84.99,0.0
2020000334,힐스테이트 도원 센트럴,27,대구,2020-04-03,2020,2,101,54900,38.55,101.7,84.98,0.0
2020000334,힐스테이트 도원 센트럴,27,대구,2020-04-03,2020,2,101,54900,19.33,101.7,84.97,0.0
2020000333,부천 원종 길성그랑프리텔,41,경기,2020-03-26,2020,1,2,36450,2.5,101.7,55.7201,0.0
2020000333,부천 원종 길성그랑프리텔,41,경기,2020-03-26,2020,1,6,37150,5.0,101.7,55.45,0.0
2020000333,부천 원종 길성그랑프리텔,41,경기,2020-03-26,2020,1,6,37150,1.0,101.7,55.4369,0.0
2020000333,부천 원종 길성그랑프리텔,41,경기,2020-03-26,2020,1,9,36250,9.33,101.7,55.323,16.0
2020000333,부천 원종 길성그랑프리텔,41,경기,2020-03-26,2020,1,26,46550,9.0,101.7,69.5993,23.0
2020000333,부천 원종 길성그랑프리텔,41,경기,2020-03-26,2020,1,10,46750,1.73,101.7,71.8196,0.0
2020000332,양주회천신도시 노블랜드 A16블록 센트럴 시티,41,경기,2020-04-10,2020,2,54,53710,19.08,101.7,75.1911,46.0
2020000332,양주회천신도시 노블랜드 A16블록 센트럴 시티,41,경기,2020-04-10,2020,2,54,50970,6.27,101.7,75.1931,33.0
2020000332,양주회천신도시 노블랜드 A16블록 센트럴 시티,41,경기,2020-04-10,2020,2,54,47670,7.75,101.7,75.0605,28.0
2020000332,양주회천신도시 노블랜드 A16블록 센트럴 시티,41,경기,2020-04-10,2020,2,54,47670,9.44,101.7,75.0605,28.0
2020000332,양주회천신도시 노블랜드 A16블록 센트럴 시티,41,경기,2020-04-10,2020,2,74,58411,18.89,101.7,84.8533,43.0
2020000332,양주회천신도시 노블랜드 A16블록 센트럴 시티,41,경기,2020-04-10,2020,2,74,56300,7.48,101.7,84.9834,32.0
2020000332,양주회천신도시 노블랜드 A16블록 센트럴 시티,41,경기,2020-04-10,2020,2,74,54260,9.09,101.7,84.9532,25.0
2020000332,양주회천신도시 노블랜드 A16블록 센트럴 시티,41,경기,2020-04-10,2020,2,74,54260,3.67,101.7,84.9532,25.0
2020000331,뉴센트럴 두산위브더제니스,27,대구,2020-03-27,2020,1,93,59600,21.61,101.7,84.9874,0.0
2020000331,뉴센트럴 두산위브더제니스,27,대구,2020-03-27,2020,1,93,59600,7.48,101.7,84.9939,0.0
2020000313,사상 중흥S클래스 그랜드 센트럴,26,부산,2020-04-10,2020,2,92,35000,13.99,101.7,59.9491,0.0
2020000313,사상 중흥S클래스 그랜드 센트럴,26,부산,2020-04-10,2020,2,112,42300,9.43,101.7,74.9653,0.0
2020000313,사상 중흥S클래스 그랜드 센트럴,26,부산,2020-04-10,2020,2,179,44300,5.72,101.7,79.8564,0.0
2020000313,사상 중흥S클래스 그랜드 센트럴,26,부산,2020-04-10,2020,2,160,47200,41.16,101.7,84.9621,0.0
2020000312,르엘 신반포,11,서울,2020-03-20,2020,1,13,113700,95.54,103.2,54.9891,0.0
2020000312,르엘 신반포,11,서울,2020-03-20,2020,1,13,123000,146.62,103.2,59.8852,0.0
2020000312,르엘 신반포,11,서울,2020-03-20,2020,1,13,165300,62.0,103.2,84.1269,0.0
2020000312,르엘 신반포,11,서울,2020-03-20,2020,1,20,167200,56.85,103.2,84.3798,0.0
2020000312,르엘 신반포,11,서울,2020-03-20,2020,1,8,196700,408.38,103.2,100.9605,0.0
2020000311,안산 푸르지오 브리파크,41,경기,2020-03-24,2020,1,246,31620,11.0,101.7,49.7492,0.0
2020000311,안산 푸르지오 브리파크,41,경기,2020-03-24,2020,1,75,38110,42.13,101.7,59.7615,0.0
2020000311,안산 푸르지오 브리파크,41,경기,2020-03-24,2020,1,2,42340,109.0,101.7,72.7611,0.0
2020000311,안산 푸르지오 브리파크,41,경기,2020-03-24,2020,1,19,52560,89.68,101.7,84.6097,0.0
2020000309,신기동 대광로제비앙 센텀29,46,전남,2020-04-16,2020,2,132,44800,31.04,101.7,84.9643,0.0
2020000309,신기동 대광로제비앙 센텀29,46,전남,2020-04-16,2020,2,29,43400,9.69,101.7,84.9087,0.0
2020000309,신기동 대광로제비앙 센텀29,46,전남,2020-04-16,2020,2,8,42800,29.0,101.7,84.9131,0.0
2020000309,신기동 대광로제비앙 센텀29,46,전남,2020-04-16,2020,2,8,42800,22.42,101.7,84.9643,0.0
2020000308,탑동 힐데스하임,43,충북,2020-03-20,2020,1,303,30400,1.92,101.7,84.847,0.0
2020000307,순천금호어울림더파크2차,46,전남,2020-03-19,2020,1,113,30920,38.81,101.7,84.9896,0.0
2020000307,순천금호어울림더파크2차,46,전남,2020-03-19,2020,1,21,30790,38.29,101.7,84.8361,0.0
2020000307,순천금호어울림더파크2차,46,전남,2020-03-19,2020,1,21,31070,16.44,101.7,84.996,0.0
2020000307,순천금호어울림더파크2차,46,전남,2020-03-19,2020,1,19,30640,14.56,101.7,84.9578,0.0
2020000306,부평역 한라비발디 트레비앙,28,인천,2020-04-09,2020,2,18,27200,51.22,101.7,39.886,0.0
2020000306,부평역 한라비발디 트레비앙,28,인천,2020-04-09,2020,2,2,41000,515.5,101.7,59.825,0.0
2020000306,부평역 한라비발디 트레비앙,28,인천,2020-04-09,2020,2,1,41400,302.0,101.7,59.884,0.0
2020000306,부평역 한라비발디 트레비앙,28,인천,2020-04-09,2020,2,12,56000,341.0,101.7,84.866,0.0
2020000306,부평역 한라비발디 트레비앙,28,인천,2020-04-09,2020,2,7,56200,99.86,101.7,84.447,0.0
2020000306,부평역 한라비발디 트레비앙,28,인천,2020-04-09,2020,2,13,56300,132.31,101.7,84.871,0.0
2020000300,반월당역 서한포레스트,27,대구,2020-03-19,2020,1,24,45490,62.13,101.7,69.9124,0.0
2020000300,반월당역 서한포레스트,27,대구,2020-03-19,2020,1,27,48840,45.48,101.7,78.2488,0.0
2020000300,반월당역 서한포레스트,27,대구,2020-03-19,2020,1,19,52960,326.26,101.7,84.9504,0.0
2020000300,반월당역 서한포레스트,27,대구,2020-03-19,2020,1,31,52680,82.55,101.7,84.9779,0.0
2020000298,시흥장현 영무예다음,41,경기,2020-03-20,2020,1,161,42520,143.22,101.7,84.1316,58.0
2020000298,시흥장현 영무예다음,41,경기,2020-03-20,2020,1,57,42310,240.73,101.7,84.3852,58.0
2020000298,시흥장현 영무예다음,41,경기,2020-03-20,2020,1,216,42720,188.23,101.7,84.3832,63.0
2020000295,영통자이,41,경기,2020-04-08,2020,2,214,44400,9.79,101.7,59.9614,0.0
2020000295,영통자이,41,경기,2020-04-08,2020,2,99,44000,6.9,101.7,59.9826,0.0
2020000295,영통자이,41,경기,2020-04-08,2020,2,61,55100,52.51,101.7,75.2839,0.0
2020000292,한양수자인 디에스티지,46,전남,2020-03-13,2020,1,48,32100,10.14,101.7,79.9322,0.0
2020000292,한양수자인 디에스티지,46,전남,2020-03-13,2020,1,47,31500,2.59,101.7,79.9473,0.0
2020000292,한양수자인 디에스티지,46,전남,2020-03-13,2020,1,208,33450,27.1,101.7,84.9977,0.0
2020000292,한양수자인 디에스티지,46,전남,2020-03-13,2020,1,59,33450,23.64,101.7,84.9897,0.0
2020000292,한양수자인 디에스티지,46,전남,2020-03-13,2020,1,221,32800,5.48,101.7,84.9537,0.0
2020000286,힐스테이트 부평,28,인천,2020-03-13,2020,1,7,33370,29.86,101.7,46.98,0.0
2020000286,힐스테이트 부평,28,인천,2020-03-13,2020,1,96,41980,38.0,101.7,59.99,0.0
2020000286,힐스테이트 부평,28,인천,2020-03-13,2020,1,108,41490,24.19,101.7,59.98,0.0
2020000286,힐스테이트 부평,28,인천,2020-03-13,2020,1,125,49980,35.98,101.7,75.95,0.0
2020000286,힐스테이트 부평,28,인천,2020-03-13,2020,1,151,53980,115.34,101.7,84.99,0.0
2020000277,인천검단신도시3차 노블랜드 리버파크,28,인천,2020-03-27,2020,1,65,35700,35.59,101.7,59.9368,54.0
2020000277,인천검단신도시3차 노블랜드 리버파크,28,인천,2020-03-27,2020,1,73,33866,16.8,101.7,59.9834,51.0
2020000277,인천검단신도시3차 노블랜드 리버파크,28,인천,2020-03-27,2020,1,139,31123,17.81,101.7,59.9971,47.0
2020000277,인천검단신도시3차 노블랜드 리버파크,28,인천,2020-03-27,2020,1,36,45959,50.11,101.7,84.9815,58.0
2020000277,인천검단신도시3차 노블랜드 리버파크,28,인천,2020-03-27,2020,1,34,42996,28.12,101.7,84.99,53.0
2020000277,인천검단신도시3차 노블랜드 리버파크,28,인천,2020-03-27,2020,1,66,41006,32.45,101.7,84.9968,49.0
2020000276,힐스테이트 송도 더스카이,28,인천,2020-03-13,2020,1,189,77380,308.74,101.7,84.8787,68.0
2020000276,힐스테이트 송도 더스카이,28,인천,2020-03-13,2020,1,54,76930,543.7,101.7,84.8957,69.0
2020000260,송추 북한산 경남아너스빌,41,경기,2020-03-13,2020,1,98,33000,78.0,101.7,73.4387,0.0
2020000247,쌍용 더 플래티넘 해운대,26,부산,2020-03-06,2020,1,34,57950,159.03,101.7,84.835,0.0
2020000247,쌍용 더 플래티넘 해운대,26,부산,2020-03-06,2020,1,21,59770,358.33,101.7,84.8883,0.0
2020000247,쌍용 더 플래티넘 해운대,26,부산,2020-03-06,2020,1,33,57830,175.0,101.7,84.703,0.0
2020000238,봉덕2차 화성파크드림,27,대구,2020-03-13,2020,1,40,34800,21.03,101.7,59.9878,0.0
2020000238,봉덕2차 화성파크드림,27,대구,2020-03-13,2020,1,71,44070,12.79,101.7,74.9481,0.0
2020000238,봉덕2차 화성파크드림,27,대구,2020-03-13,2020,1,83,48600,57.02,101.7,84.9567,0.0
2020000238,봉덕2차 화성파크드림,27,대구,2020-03-13,2020,1,41,47650,12.47,101.7,84.9762,0.0
2020000227,영광 금호어울림 리더스,46,전남,2020-02-28,2020,1,143,27630,94.0,101.7,84.8927,0.0
2020000227,영광 금호어울림 리더스,46,전남,2020-02-28,2020,1,19,30560,1.53,101.7,84.8927,0.0
2020000214,쌍용 더 플래티넘 오목천역,41,경기,2020-02-28,2020,1,3,25200,17.0,101.7,39.99,0.0
2020000214,쌍용 더 플래티넘 오목천역,41,경기,2020-02-28,2020,1,120,39440,9.89,101.7,59.99,0.0
2020000214,쌍용 더 플래티넘 오목천역,41,경기,2020-02-28,2020,1,83,40540,9.88,101.7,59.98,0.0
2020000214,쌍용 더 플래티넘 오목천역,41,경기,2020-02-28,2020,1,74,47920,12.73,101.7,74.96,0.0
2020000214,쌍용 더 플래티넘 오목천역,41,경기,2020-02-28,2020,1,58,51690,26.9,101.7,84.96,0.0
2020000214,쌍용 더 플래티넘 오목천역,41,경기,2020-02-28,2020,1,70,52800,31.83,101.7,84.95,0.0
2020000202,천안 청당 서희스타힐스,44,충남,2020-02-28,2020,1,16,22590,1.96,101.7,59.5163,0.0
2020000202,천안 청당 서희스타힐스,44,충남,2020-02-28,2020,1,8,22820,9.0,101.7,59.974,22.0
2020000202,천안 청당 서희스타힐스,44,충남,2020-02-28,2020,1,41,28030,5.67,101.7,74.9788,0.0
2020000202,천안 청당 서희스타힐스,44,충남,2020-02-28,2020,1,27,27300,2.84,101.7,74.7619,0.0
2020000202,천안 청당 서희스타힐스,44,충남,2020-02-28,2020,1,36,31180,21.33,101.7,84.9984,0.0
2020000194,포레나 부산 덕천,26,부산,2020-02-28,2020,1,86,33780,53.45,101.7,59.9972,0.0
2020000194,포레나 부산 덕천,26,부산,2020-02-28,2020,1,26,39780,199.85,101.7,74.5539,0.0
2020000194,포레나 부산 덕천,26,부산,2020-02-28,2020,1,49,39540,78.04,101.7,74.7172,0.0
2020000194,포레나 부산 덕천,26,부산,2020-02-28,2020,1,8,38870,88.25,101.7,74.7172,0.0
2020000192,승윤 노블리안 아파트,41,경기,2020-07-03,2020,3,4,33405,5.5,101.7,49.407,0.0
2020000192,승윤 노블리안 아파트,41,경기,2020-07-03,2020,3,1,34833,2.0,101.7,49.614,0.0
2020000192,승윤 노블리안 아파트,41,경기,2020-07-03,2020,3,2,32369,4.0,101.7,52.827,0.0
2020000192,승윤 노블리안 아파트,41,경기,2020-07-03,2020,3,5,34522,8.5,101.7,53.005,18.0
2020000192,승윤 노블리안 아파트,41,경기,2020-07-03,2020,3,2,38913,1.5,101.7,54.31,0.0
2020000192,승윤 노블리안 아파트,41,경기,2020-07-03,2020,3,1,38454,9.0,101.7,56.037,0.0
2020000123,청라힐스자이,27,대구,2020-02-21,2020,1,65,36790,57.75,101.7,59.8861,0.0
2020000123,청라힐스자이,27,대구,2020-02-21,2020,1,67,45900,57.54,101.7,75.3303,0.0
2020000123,청라힐스자이,27,대구,2020-02-21,2020,1,118,51510,191.55,101.7,84.8688,0.0
2020000123,청라힐스자이,27,대구,2020-02-21,2020,1,14,50970,101.79,101.7,84.8634,0.0
2020000123,청라힐스자이,27,대구,2020-02-21,2020,1,108,51520,112.98,101.7,84.9892,0.0
2020000101,과천제이드자이,41,경기,2020-02-21,2020,1,40,54230,785.13,101.7,59.99,0.0
2020000101,과천제이드자이,41,경기,2020-02-21,2020,1,1,52840,30.0,101.7,59.99,0.0
2020000101,과천제이드자이,41,경기,2020-02-21,2020,1,38,53720,434.63,101.7,59.99,0.0
2020000101,과천제이드자이,41,경기,2020-02-21,2020,1,1,52320,34.0,101.7,59.99,0.0
2020000087,인천 검단신도시 AB3-1블록 대성베르힐,28,인천,2020-02-28,2020,1,236,42530,6.99,101.7,84.9376,37.0
2020000087,인천 검단신도시 AB3-1블록 대성베르힐,28,인천,2020-02-28,2020,1,73,41530,5.74,101.7,84.4003,37.0
2020000086,구월 뷰그리안,28,인천,2020-02-13,2020,1,40,29960,1.33,101.7,56.3108,0.0
2020000076,서귀포 동홍동 센트레빌,50,제주,2020-02-14,2020,1,33,33370,17.0,101.7,59.8882,16.0
2020000076,서귀포 동홍동 센트레빌,50,제주,2020-02-14,2020,1,15,42600,2.0,101.7,78.9617,0.0
2020000076,서귀포 동홍동 센트레빌,50,제주,2020-02-14,2020,1,61,48400,44.0,101.7,84.9196,19.0
2020000076,서귀포 동홍동 센트레빌,50,제주,2020-02-14,2020,1,18,46210,25.0,101.7,84.9757,0.0
2020000060,위례신도시 A3-10BL 중흥S-클래스,41,경기,2020-02-14,2020,1,217,75500,396.91,101.7,101.9311,56.0
2020000060,위례신도시 A3-10BL 중흥S-클래스,41,경기,2020-02-14,2020,1,75,75500,209.8,101.7,101.7047,54.0
2020000060,위례신도시 A3-10BL 중흥S-클래스,41,경기,2020-02-14,2020,1,40,75800,181.13,101.7,101.7512,51.0
2020000060,위례신도시 A3-10BL 중흥S-클래스,41,경기,2020-02-14,2020,1,76,97800,123.4,101.7,130.5433,47.0
2020000060,위례신도시 A3-10BL 중흥S-클래스,41,경기,2020-02-14,2020,1,8,105000,86.5,101.7,145.8703,69.0
2020000060,위례신도시 A3-10BL 중흥S-클래스,41,경기,2020-02-14,2020,1,2,159000,28.0,101.7,172.5351,0.0
2020000060,위례신도시 A3-10BL 중흥S-클래스,41,경기,2020-02-14,2020,1,8,169000,15.5,101.7,236.9647,21.0
2020000057,두호 SK VIEW 푸르지오 2단지,47,경북,2020-02-14,2020,1,8,28310,1.6,101.7,74.99,0.0
2020000057,두호 SK VIEW 푸르지오 2단지,47,경북,2020-02-14,2020,1,22,30270,2.03,101.7,74.99,0.0
2020000057,두호 SK VIEW 푸르지오 2단지,47,경북,2020-02-14,2020,1,1,27810,3.0,101.7,74.99,0.0
2020000057,두호 SK VIEW 푸르지오 2단지,47,경북,2020-02-14,2020,1,4,31090,10.0,101.7,84.99,0.0
2020000057,두호 SK VIEW 푸르지오 2단지,47,경북,2020-02-14,2020,1,29,33500,8.19,101.7,84.99,0.0
2020000047,서면 스위트엠 골드에비뉴,26,부산,2020-02-14,2020,1,11,27233,11.0,101.7,49.2536,0.0
2020000047,서면 스위트엠 골드에비뉴,26,부산,2020-02-14,2020,1,13,30981,23.0,101.7,54.7214,13.0
2020000047,서면 스위트엠 골드에비뉴,26,부산,2020-02-14,2020,1,13,33740,14.0,101.7,59.9511,0.0
2020000047,서면 스위트엠 골드에비뉴,26,부산,2020-02-14,2020,1,11,33053,17.0,101.7,59.4219,0.0
2020000047,서면 스위트엠 골드에비뉴,26,부산,2020-02-14,2020,1,13,33369,17.0,101.7,59.9769,0.0
2020000047,서면 스위트엠 골드에비뉴,26,부산,2020-02-14,2020,1,10,32965,15.0,101.7,59.9754,0.0
2020000047,서면 스위트엠 골드에비뉴,26,부산,2020-02-14,2020,1,13,33804,21.0,101.7,59.6932,0.0
2020000047,서면 스위트엠 골드에비뉴,26,부산,2020-02-14,2020,1,13,33633,18.0,101.7,59.7679,0.0
2020000047,서면 스위트엠 골드에비뉴,26,부산,2020-02-14,2020,1,13,34830,19.0,101.7,59.3095,0.0
2020000047,서면 스위트엠 골드에비뉴,26,부산,2020-02-14,2020,1,6,34378,7.0,101.7,59.9269,0.0
2020000047,서면 스위트엠 골드에비뉴,26,부산,2020-02-14,2020,1,6,34211,5.0,101.7,59.9754,0.0
2020000046,e편한세상 금산 센터하임,44,충남,2020-02-14,2020,1,53,24950,31.0,101.7,75.9665,8.0
2020000046,e편한세상 금산 센터하임,44,충남,2020-02-14,2020,1,165,25640,84.0,101.7,75.9943,9.0
2020000046,e편한세상 금산 센터하임,44,충남,2020-02-14,2020,1,132,29100,2.83,101.7,84.8668,0.0
2020000046,e편한세상 금산 센터하임,44,충남,2020-02-14,2020,1,111,28570,1.14,101.7,84.9416,0.0
2020000041,두호 SK VIEW 푸르지오 1단지,47,경북,2020-02-14,2020,1,7,29220,2.14,101.7,74.99,0.0
2020000041,두호 SK VIEW 푸르지오 1단지,47,경북,2020-02-14,2020,1,12,29350,2.2,101.7,74.99,0.0
2020000041,두호 SK VIEW 푸르지오 1단지,47,경북,2020-02-14,2020,1,5,31500,10.6,101.7,84.99,0.0
2020000041,두호 SK VIEW 푸르지오 1단지,47,경북,2020-02-14,2020,1,36,33500,11.46,101.7,84.99,0.0
2020000041,두호 SK VIEW 푸르지오 1단지,47,경북,2020-02-14,2020,1,1,31090,3.0,101.7,84.99,0.0
2020000040,매교역 푸르지오 SK VIEW(수원),41,경기,2020-02-07,2020,1,135,46800,78.28,101.7,59.94,0.0
2020000040,매교역 푸르지오 SK VIEW(수원),41,경기,2020-02-07,2020,1,67,45800,43.3,101.7,59.88,0.0
2020000040,매교역 푸르지오 SK VIEW(수원),41,경기,2020-02-07,2020,1,21,46800,59.48,101.7,59.78,0.0
2020000040,매교역 푸르지오 SK VIEW(수원),41,경기,2020-02-07,2020,1,110,57300,50.43,101.7,74.69,0.0
2020000040,매교역 푸르지오 SK VIEW(수원),41,경기,2020-02-07,2020,1,220,56200,46.1,101.7,74.94,0.0
2020000040,매교역 푸르지오 SK VIEW(수원),41,경기,2020-02-07,2020,1,405,65200,99.45,101.7,84.97,0.0
2020000028,대연 삼정그린코아 더 베스트,26,부산,2020-02-14,2020,1,127,40350,2.87,101.7,59.9842,0.0
2020000028,대연 삼정그린코아 더 베스트,26,부산,2020-02-14,2020,1,65,47876,10.34,101.7,71.3132,0.0
2020000010,양주옥정유림노르웨이숲,41,경기,2020-02-07,2020,1,21,32490,13.0,101.7,72.3007,10.0
2020000010,양주옥정유림노르웨이숲,41,경기,2020-02-07,2020,1,154,34690,167.0,101.7,75.9964,8.0
2020000010,양주옥정유림노르웨이숲,41,경기,2020-02-07,2020,1,352,37560,334.0,101.7,84.9994,8.0
2020000010,양주옥정유림노르웨이숲,41,경기,2020-02-07,2020,1,127,37560,109.0,101.7,84.9903,9.0
2020000009,의왕 오전 동아루미체,41,경기,2020-02-05,2020,1,27,45600,15.0,101.7,74.91,0.0
2020000009,의왕 오전 동아루미체,41,경기,2020-02-05,2020,1,12,45600,23.0,101.7,74.89,0.0
2020000007,학성동 동남하이빌아파트,31,울산,2020-02-04,2020,1,15,35500,14.0,101.7,84.2405,11.0
2020000007,학성동 동남하이빌아파트,31,울산,2020-02-04,2020,1,15,35500,15.0,101.7,84.8313,0.0
