apartment_id,apartment_name,region_name,area_m2,cutoff_score
2020000007,학성동 동남하이빌아파트,울산,84.2405,11.0
2020000007,학성동 동남하이빌아파트,울산,84.8313,0.0
2020000009,의왕 오전 동아루미체,경기,74.89,0.0
2020000009,의왕 오전 동아루미체,경기,74.91,0.0
2020000010,양주옥정유림노르웨이숲,경기,72.3007,10.0
2020000010,양주옥정유림노르웨이숲,경기,75.9964,8.0
2020000010,양주옥정유림노르웨이숲,경기,84.9903,9.0
2020000010,양주옥정유림노르웨이숲,경기,84.9994,8.0
2020000028,대연 삼정그린코아 더 베스트,부산,59.9842,0.0
2020000028,대연 삼정그린코아 더 베스트,부산,71.3132,0.0
2020000040,매교역 푸르지오 SK VIEW(수원),경기,59.78,0.0
2020000040,매교역 푸르지오 SK VIEW(수원),경기,59.88,0.0
2020000040,매교역 푸르지오 SK VIEW(수원),경기,59.94,0.0
2020000040,매교역 푸르지오 SK VIEW(수원),경기,74.69,0.0
2020000040,매교역 푸르지오 SK VIEW(수원),경기,74.94,0.0
2020000040,매교역 푸르지오 SK VIEW(수원),경기,84.97,0.0
2020000041,두호 SK VIEW 푸르지오 1단지,경북,74.99,0.0
2020000041,두호 SK VIEW 푸르지오 1단지,경북,84.99,0.0
2020000046,e편한세상 금산 센터하임,충남,75.9665,8.0
2020000046,e편한세상 금산 센터하임,충남,75.9943,9.0
2020000046,e편한세상 금산 센터하임,충남,84.8668,0.0
2020000046,e편한세상 금산 센터하임,충남,84.9416,0.0
2020000047,서면 스위트엠 골드에비뉴,부산,49.2536,0.0
2020000047,서면 스위트엠 골드에비뉴,부산,54.7214,13.0
2020000047,서면 스위트엠 골드에비뉴,부산,59.3095,0.0
2020000047,서면 스위트엠 골드에비뉴,부산,59.4219,0.0
2020000047,서면 스위트엠 골드에비뉴,부산,59.6932,0.0
2020000047,서면 스위트엠 골드에비뉴,부산,59.7679,0.0
2020000047,서면 스위트엠 골드에비뉴,부산,59.9269,0.0
2020000047,서면 스위트엠 골드에비뉴,부산,59.9511,0.0
2020000047,서면 스위트엠 골드에비뉴,부산,59.9754,0.0
2020000047,서면 스위트엠 골드에비뉴,부산,59.9769,0.0
2020000057,두호 SK VIEW 푸르지오 2단지,경북,74.99,0.0
2020000057,두호 SK VIEW 푸르지오 2단지,경북,84.99,0.0
2020000060,위례신도시 A3-10BL 중흥S-클래스,경기,101.7047,54.0
2020000060,위례신도시 A3-10BL 중흥S-클래스,경기,101.7512,51.0
2020000060,위례신도시 A3-10BL 중흥S-클래스,경기,101.9311,56.0
2020000060,위례신도시 A3-10BL 중흥S-클래스,경기,130.5433,47.0
2020000060,위례신도시 A3-10BL 중흥S-클래스,경기,145.8703,69.0
2020000060,위례신도시 A3-10BL 중흥S-클래스,경기,172.5351,0.0
2020000060,위례신도시 A3-10BL 중흥S-클래스,경기,236.9647,21.0
2020000076,서귀포 동홍동 센트레빌,제주,59.8882,16.0
2020000076,서귀포 동홍동 센트레빌,제주,78.9617,0.0
2020000076,서귀포 동홍동 센트레빌,제주,84.9196,19.0
2020000076,서귀포 동홍동 센트레빌,제주,84.9757,0.0
2020000086,구월 뷰그리안,인천,56.3108,0.0
2020000087,인천 검단신도시 AB3-1블록 대성베르힐,인천,84.4003,37.0
2020000087,인천 검단신도시 AB3-1블록 대성베르힐,인천,84.9376,37.0
2020000101,과천제이드자이,경기,59.99,0.0
2020000123,청라힐스자이,대구,59.8861,0.0
2020000123,청라힐스자이,대구,75.3303,0.0
2020000123,청라힐스자이,대구,84.8634,0.0
2020000123,청라힐스자이,대구,84.8688,0.0
2020000123,청라힐스자이,대구,84.9892,0.0
2020000192,승윤 노블리안 아파트,경기,49.407,0.0
2020000192,승윤 노블리안 아파트,경기,49.614,0.0
2020000192,승윤 노블리안 아파트,경기,52.827,0.0
2020000192,승윤 노블리안 아파트,경기,53.005,18.0
2020000192,승윤 노블리안 아파트,경기,54.31,0.0
2020000192,승윤 노블리안 아파트,경기,56.037,0.0
2020000194,포레나 부산 덕천,부산,59.9972,0.0
2020000194,포레나 부산 덕천,부산,74.5539,0.0
2020000194,포레나 부산 덕천,부산,74.7172,0.0
2020000202,천안 청당 서희스타힐스,충남,59.5163,0.0
2020000202,천안 청당 서희스타힐스,충남,59.974,22.0
2020000202,천안 청당 서희스타힐스,충남,74.7619,0.0
2020000202,천안 청당 서희스타힐스,충남,74.9788,0.0
2020000202,천안 청당 서희스타힐스,충남,84.9984,0.0
2020000214,쌍용 더 플래티넘 오목천역,경기,39.99,0.0
2020000214,쌍용 더 플래티넘 오목천역,경기,59.98,0.0
2020000214,쌍용 더 플래티넘 오목천역,경기,59.99,0.0
2020000214,쌍용 더 플래티넘 오목천역,경기,74.96,0.0
2020000214,쌍용 더 플래티넘 오목천역,경기,84.95,0.0
2020000214,쌍용 더 플래티넘 오목천역,경기,84.96,0.0
2020000227,영광 금호어울림 리더스,전남,84.8927,0.0
2020000238,봉덕2차 화성파크드림,대구,59.9878,0.0
2020000238,봉덕2차 화성파크드림,대구,74.9481,0.0
2020000238,봉덕2차 화성파크드림,대구,84.9567,0.0
2020000238,봉덕2차 화성파크드림,대구,84.9762,0.0
2020000247,쌍용 더 플래티넘 해운대,부산,84.703,0.0
2020000247,쌍용 더 플래티넘 해운대,부산,84.835,0.0
2020000247,쌍용 더 플래티넘 해운대,부산,84.8883,0.0
2020000260,송추 북한산 경남아너스빌,경기,73.4387,0.0
2020000276,힐스테이트 송도 더스카이,인천,84.8787,68.0
2020000276,힐스테이트 송도 더스카이,인천,84.8957,69.0
2020000277,인천검단신도시3차 노블랜드 리버파크,인천,59.9368,54.0
2020000277,인천검단신도시3차 노블랜드 리버파크,인천,59.9834,51.0
2020000277,인천검단신도시3차 노블랜드 리버파크,인천,59.9971,47.0
2020000277,인천검단신도시3차 노블랜드 리버파크,인천,84.9815,58.0
2020000277,인천검단신도시3차 노블랜드 리버파크,인천,84.99,53.0
2020000277,인천검단신도시3차 노블랜드 리버파크,인천,84.9968,49.0
2020000286,힐스테이트 부평,인천,46.98,0.0
2020000286,힐스테이트 부평,인천,59.98,0.0
2020000286,힐스테이트 부평,인천,59.99,0.0
2020000286,힐스테이트 부평,인천,75.95,0.0
2020000286,힐스테이트 부평,인천,84.99,0.0
2020000292,한양수자인 디에스티지,전남,79.9322,0.0
2020000292,한양수자인 디에스티지,전남,79.9473,0.0
2020000292,한양수자인 디에스티지,전남,84.9537,0.0
2020000292,한양수자인 디에스티지,전남,84.9897,0.0
2020000292,한양수자인 디에스티지,전남,84.9977,0.0
2020000295,영통자이,경기,59.9614,0.0
2020000295,영통자이,경기,59.9826,0.0
2020000295,영통자이,경기,75.2839,0.0
2020000298,시흥장현 영무예다음,경기,84.1316,58.0
2020000298,시흥장현 영무예다음,경기,84.3832,63.0
2020000298,시흥장현 영무예다음,경기,84.3852,58.0
2020000300,반월당역 서한포레스트,대구,69.9124,0.0
2020000300,반월당역 서한포레스트,대구,78.2488,0.0
2020000300,반월당역 서한포레스트,대구,84.9504,0.0
2020000300,반월당역 서한포레스트,대구,84.9779,0.0
2020000306,부평역 한라비발디 트레비앙,인천,39.886,0.0
2020000306,부평역 한라비발디 트레비앙,인천,59.825,0.0
2020000306,부평역 한라비발디 트레비앙,인천,59.884,0.0
2020000306,부평역 한라비발디 트레비앙,인천,84.447,0.0
2020000306,부평역 한라비발디 트레비앙,인천,84.866,0.0
2020000306,부평역 한라비발디 트레비앙,인천,84.871,0.0
2020000307,순천금호어울림더파크2차,전남,84.8361,0.0
2020000307,순천금호어울림더파크2차,전남,84.9578,0.0
2020000307,순천금호어울림더파크2차,전남,84.9896,0.0
2020000307,순천금호어울림더파크2차,전남,84.996,0.0
2020000308,탑동 힐데스하임,충북,84.847,0.0
2020000309,신기동 대광로제비앙 센텀29,전남,84.9087,0.0
2020000309,신기동 대광로제비앙 센텀29,전남,84.9131,0.0
2020000309,신기동 대광로제비앙 센텀29,전남,84.9643,0.0
2020000311,안산 푸르지오 브리파크,경기,49.7492,0.0
2020000311,안산 푸르지오 브리파크,경기,59.7615,0.0
2020000311,안산 푸르지오 브리파크,경기,72.7611,0.0
2020000311,안산 푸르지오 브리파크,경기,84.6097,0.0
2020000312,르엘 신반포,서울,54.9891,0.0
2020000312,르엘 신반포,서울,59.8852,0.0
2020000312,르엘 신반포,서울,84.1269,0.0
2020000312,르엘 신반포,서울,84.3798,0.0
2020000312,르엘 신반포,서울,100.9605,0.0
2020000313,사상 중흥S클래스 그랜드 센트럴,부산,59.9491,0.0
2020000313,사상 중흥S클래스 그랜드 센트럴,부산,74.9653,0.0
2020000313,사상 중흥S클래스 그랜드 센트럴,부산,79.8564,0.0
2020000313,사상 중흥S클래스 그랜드 센트럴,부산,84.9621,0.0
2020000331,뉴센트럴 두산위브더제니스,대구,84.9874,0.0
2020000331,뉴센트럴 두산위브더제니스,대구,84.9939,0.0
2020000332,양주회천신도시 노블랜드 A16블록 센트럴 시티,경기,75.0605,28.0
2020000332,양주회천신도시 노블랜드 A16블록 센트럴 시티,경기,75.1911,46.0
2020000332,양주회천신도시 노블랜드 A16블록 센트럴 시티,경기,75.1931,33.0
2020000332,양주회천신도시 노블랜드 A16블록 센트럴 시티,경기,84.8533,43.0
2020000332,양주회천신도시 노블랜드 A16블록 센트럴 시티,경기,84.9532,25.0
2020000332,양주회천신도시 노블랜드 A16블록 센트럴 시티,경기,84.9834,32.0
2020000333,부천 원종 길성그랑프리텔,경기,55.323,16.0
2020000333,부천 원종 길성그랑프리텔,경기,55.4369,0.0
2020000333,부천 원종 길성그랑프리텔,경기,55.45,0.0
2020000333,부천 원종 길성그랑프리텔,경기,55.7201,0.0
2020000333,부천 원종 길성그랑프리텔,경기,69.5993,23.0
2020000333,부천 원종 길성그랑프리텔,경기,71.8196,0.0
2020000334,힐스테이트 도원 센트럴,대구,84.97,0.0
2020000334,힐스테이트 도원 센트럴,대구,84.98,0.0
2020000334,힐스테이트 도원 센트럴,대구,84.99,0.0
2020000337,전주 우아한시티,전북,59.985,0.0
2020000337,전주 우아한시티,전북,74.986,0.0
2020000337,전주 우아한시티,전북,74.993,0.0
2020000337,전주 우아한시티,전북,84.94,0.0
2020000337,전주 우아한시티,전북,84.99,0.0
2020000337,전주 우아한시티,전북,84.991,0.0
2020000338,등촌역 한울에이치밸리움,서울,21.54,0.0
2020000338,등촌역 한울에이치밸리움,서울,24.08,0.0
2020000338,등촌역 한울에이치밸리움,서울,24.94,0.0
2020000338,등촌역 한울에이치밸리움,서울,28.42,0.0
2020000340,인천 검단신도시 우미린 에코뷰,인천,59.8221,48.0
2020000340,인천 검단신도시 우미린 에코뷰,인천,59.8229,52.0
2020000340,인천 검단신도시 우미린 에코뷰,인천,59.9034,46.0
2020000340,인천 검단신도시 우미린 에코뷰,인천,84.6257,50.0
2020000340,인천 검단신도시 우미린 에코뷰,인천,84.8707,59.0
2020000347,인천 영종국제도시 A47BL 호반써밋 스카이센트럴,인천,74.585,27.0
2020000347,인천 영종국제도시 A47BL 호반써밋 스카이센트럴,인천,74.715,24.0
2020000347,인천 영종국제도시 A47BL 호반써밋 스카이센트럴,인천,84.5781,48.0
2020000347,인천 영종국제도시 A47BL 호반써밋 스카이센트럴,인천,84.8631,37.0
2020000347,인천 영종국제도시 A47BL 호반써밋 스카이센트럴,인천,84.8753,29.0
2020000347,인천 영종국제도시 A47BL 호반써밋 스카이센트럴,인천,84.9786,33.0
2020000368,쌍용 더 플래티넘 범어,대구,84.4614,0.0
2020000368,쌍용 더 플래티넘 범어,대구,84.539,0.0
2020000404,충장 로머스파크 헤리티지 주상복합 아파트,광주,84.8381,0.0
2020000411,더샵 광교산퍼스트파크,경기,36.63,0.0
2020000411,더샵 광교산퍼스트파크,경기,59.74,0.0
2020000411,더샵 광교산퍼스트파크,경기,59.99,0.0
2020000411,더샵 광교산퍼스트파크,경기,71.29,0.0
2020000411,더샵 광교산퍼스트파크,경기,71.45,0.0
2020000411,더샵 광교산퍼스트파크,경기,71.5,0.0
2020000411,더샵 광교산퍼스트파크,경기,84.98,0.0
2020000411,더샵 광교산퍼스트파크,경기,84.99,0.0
2020000412,동래효산벨뷰,부산,64.8837,0.0
2020000412,동래효산벨뷰,부산,67.7565,0.0
2020000412,동래효산벨뷰,부산,68.0083,0.0
2020000416,호반써밋 목동,서울,59.9182,0.0
2020000416,호반써밋 목동,서울,59.9488,0.0
2020000416,호반써밋 목동,서울,84.9224,0.0
2020000416,호반써밋 목동,서울,84.9705,0.0
2020000416,호반써밋 목동,서울,84.9735,0.0
2020000416,호반써밋 목동,서울,84.9828,0.0
2020000428,대구 월배 라온프라이빗 디엘,대구,84.9558,0.0
2020000428,대구 월배 라온프라이빗 디엘,대구,84.9612,0.0
2020000429,시화MTV 공동2블록 더 퍼스트 시흥,경기,59.9117,47.0
2020000429,시화MTV 공동2블록 더 퍼스트 시흥,경기,59.9351,32.0
2020000429,시화MTV 공동2블록 더 퍼스트 시흥,경기,59.9407,47.0
2020000429,시화MTV 공동2블록 더 퍼스트 시흥,경기,84.8821,45.0
2020000429,시화MTV 공동2블록 더 퍼스트 시흥,경기,84.9959,53.0
2020000434,힐스테이트 동인센트럴,대구,84.0812,0.0
2020000434,힐스테이트 동인센트럴,대구,84.2739,0.0
2020000434,힐스테이트 동인센트럴,대구,84.563,0.0
2020000434,힐스테이트 동인센트럴,대구,84.6178,0.0
2020000442,유성둔곡지구 서한이다음(1단지),대전,59.6595,0.0
2020000442,유성둔곡지구 서한이다음(1단지),대전,59.9696,0.0
2020000443,유성둔곡지구 서한이다음(2단지),대전,78.9402,0.0
2020000443,유성둔곡지구 서한이다음(2단지),대전,84.9648,0.0
2020000446,의정부역 진산엔월드메르디앙,경기,67.73,0.0
2020000446,의정부역 진산엔월드메르디앙,경기,68.182,0.0
2020000446,의정부역 진산엔월드메르디앙,경기,77.163,0.0
2020000446,의정부역 진산엔월드메르디앙,경기,77.19,21.0
2020000468,고양덕은 DMC리버파크자이(A4BL),경기,84.9948,0.0
2020000468,고양덕은 DMC리버파크자이(A4BL),경기,84.9961,0.0
2020000468,고양덕은 DMC리버파크자이(A4BL),경기,99.9962,0.0
2020000469,계룡 푸르지오 더 퍼스트,충남,59.6604,0.0
2020000469,계룡 푸르지오 더 퍼스트,충남,59.6989,0.0
2020000469,계룡 푸르지오 더 퍼스트,충남,59.7711,0.0
2020000469,계룡 푸르지오 더 퍼스트,충남,84.0947,0.0
2020000469,계룡 푸르지오 더 퍼스트,충남,84.1596,0.0
2020000469,계룡 푸르지오 더 퍼스트,충남,84.2059,0.0
2020000469,계룡 푸르지오 더 퍼스트,충남,84.2562,0.0
2020000471,가양동 고운하이플러스,대전,53.895,0.0
2020000471,가양동 고운하이플러스,대전,59.592,0.0
2020000482,고양덕은 DMC리버포레자이(A7BL),경기,84.99,0.0
2020000482,고양덕은 DMC리버포레자이(A7BL),경기,84.9921,0.0
2020000482,고양덕은 DMC리버포레자이(A7BL),경기,84.9948,0.0
2020000482,고양덕은 DMC리버포레자이(A7BL),경기,84.9961,0.0
2020000484,의정부 롯데캐슬 골드포레,경기,39.77,15.0
2020000484,의정부 롯데캐슬 골드포레,경기,59.94,0.0
2020000484,의정부 롯데캐슬 골드포레,경기,59.99,0.0
2020000484,의정부 롯데캐슬 골드포레,경기,84.94,0.0
2020000484,의정부 롯데캐슬 골드포레,경기,84.95,0.0
2020000484,의정부 롯데캐슬 골드포레,경기,84.99,0.0
2020000503,우장산숲아이파크,서울,59.9877,0.0
2020000503,우장산숲아이파크,서울,59.9969,0.0
2020000503,우장산숲아이파크,서울,59.9983,0.0
2020000503,우장산숲아이파크,서울,74.9982,0.0
2020000503,우장산숲아이파크,서울,84.9771,0.0
2020000503,우장산숲아이파크,서울,84.9854,0.0
2020000503,우장산숲아이파크,서울,84.9932,0.0
2020000506,여수 신기 휴스티지 아파트,전남,84.1281,0.0
2020000506,여수 신기 휴스티지 아파트,전남,84.1605,0.0
2020000506,여수 신기 휴스티지 아파트,전남,84.6057,0.0
2020000509,안양호계 신원아침도시,경기,61.2805,0.0
2020000509,안양호계 신원아침도시,경기,61.5817,0.0
2020000509,안양호계 신원아침도시,경기,75.1884,0.0
2020000513,신동탄포레자이,경기,59.9801,0.0
2020000513,신동탄포레자이,경기,74.8111,0.0
2020000513,신동탄포레자이,경기,84.9777,0.0
2020000513,신동탄포레자이,경기,84.9781,0.0
2020000521,위례신도시 A3-2BL 우미린 2차,경기,90.4172,60.0
2020000521,위례신도시 A3-2BL 우미린 2차,경기,102.2443,53.0
2020000521,위례신도시 A3-2BL 우미린 2차,경기,102.47,54.0
2020000521,위례신도시 A3-2BL 우미린 2차,경기,119.3196,54.0
2020000523,DMC리버시티자이,경기,84.8288,0.0
2020000523,DMC리버시티자이,경기,84.9481,0.0
2020000523,DMC리버시티자이,경기,84.9585,0.0
2020000523,DMC리버시티자이,경기,84.9657,0.0
2020000523,DMC리버시티자이,경기,99.6734,0.0
2020000528,힐스테이트 대구역 오페라,대구,59.879,0.0
2020000528,힐스테이트 대구역 오페라,대구,84.3571,0.0
2020000528,힐스테이트 대구역 오페라,대구,84.8715,0.0
2020000529,청학 우성스마트시티 뷰,부산,78.1594,0.0
2020000541,홍도동 다우 갤러리휴리움,대전,49.7869,0.0
2020000541,홍도동 다우 갤러리휴리움,대전,59.9975,0.0
2020000541,홍도동 다우 갤러리휴리움,대전,74.8482,0.0
2020000542,양정 포레힐즈 스위첸,부산,59.9359,0.0
2020000542,양정 포레힐즈 스위첸,부산,59.9981,0.0
2020000542,양정 포레힐즈 스위첸,부산,73.8441,0.0
2020000542,양정 포레힐즈 스위첸,부산,73.964,0.0
2020000542,양정 포레힐즈 스위첸,부산,84.971,0.0
2020000542,양정 포레힐즈 스위첸,부산,84.9973,0.0
2020000545,영종국제도시 화성파크드림2차,인천,64.3367,23.0
2020000545,영종국제도시 화성파크드림2차,인천,73.6293,24.0
2020000545,영종국제도시 화성파크드림2차,인천,75.2689,36.0
2020000545,영종국제도시 화성파크드림2차,인천,84.9295,50.0
2020000545,영종국제도시 화성파크드림2차,인천,84.9979,57.0
2020000547,부평 중앙하이츠 프리미어,인천,59.8979,0.0
2020000547,부평 중앙하이츠 프리미어,인천,59.9654,0.0
2020000547,부평 중앙하이츠 프리미어,인천,74.8119,0.0
2020000547,부평 중앙하이츠 프리미어,인천,74.9508,0.0
2020000547,부평 중앙하이츠 프리미어,인천,84.7447,0.0
2020000547,부평 중앙하이츠 프리미어,인천,84.9232,0.0
2020000551,흑석리버파크자이,서울,59.64,0.0
2020000551,흑석리버파크자이,서울,59.76,0.0
2020000551,흑석리버파크자이,서울,59.93,0.0
2020000551,흑석리버파크자이,서울,59.98,0.0
2020000551,흑석리버파크자이,서울,84.94,0.0
2020000551,흑석리버파크자이,서울,84.96,0.0
2020000551,흑석리버파크자이,서울,84.99,0.0
2020000551,흑석리버파크자이,서울,120.43,0.0
2020000553,이안 동래 센트럴시티,부산,59.4482,0.0
2020000553,이안 동래 센트럴시티,부산,61.9454,0.0
2020000553,이안 동래 센트럴시티,부산,62.3714,0.0
2020000553,이안 동래 센트럴시티,부산,63.3071,0.0
2020000553,이안 동래 센트럴시티,부산,72.151,0.0
2020000554,양주 옥정신도시 제일풍경채 Lake City(A10-2BL),경기,74.6691,27.0
2020000554,양주 옥정신도시 제일풍경채 Lake City(A10-2BL),경기,84.4913,49.0
2020000554,양주 옥정신도시 제일풍경채 Lake City(A10-2BL),경기,84.8856,23.0
2020000554,양주 옥정신도시 제일풍경채 Lake City(A10-2BL),경기,84.903,47.0
2020000555,양주 옥정신도시 A-17(1)블록 대성베르힐,경기,72.5539,0.0
2020000555,양주 옥정신도시 A-17(1)블록 대성베르힐,경기,72.7798,0.0
2020000555,양주 옥정신도시 A-17(1)블록 대성베르힐,경기,84.5193,18.0
2020000555,양주 옥정신도시 A-17(1)블록 대성베르힐,경기,84.7373,16.0
2020000558,광명 푸르지오 센트베르,경기,36.9424,0.0
2020000558,광명 푸르지오 센트베르,경기,49.9055,0.0
2020000558,광명 푸르지오 센트베르,경기,59.3579,0.0
2020000558,광명 푸르지오 센트베르,경기,59.4654,0.0
2020000558,광명 푸르지오 센트베르,경기,59.6069,0.0
2020000563,울산 지웰시티 자이 1단지,울산,59.9908,0.0
2020000563,울산 지웰시티 자이 1단지,울산,59.9933,0.0
2020000563,울산 지웰시티 자이 1단지,울산,84.9804,0.0
2020000563,울산 지웰시티 자이 1단지,울산,84.9953,0.0
2020000563,울산 지웰시티 자이 1단지,울산,84.9957,0.0
2020000563,울산 지웰시티 자이 1단지,울산,84.9976,0.0
2020000564,울산 지웰시티 자이 2단지,울산,84.9839,22.0
2020000564,울산 지웰시티 자이 2단지,울산,84.9953,0.0
2020000564,울산 지웰시티 자이 2단지,울산,84.9957,0.0
2020000564,울산 지웰시티 자이 2단지,울산,84.9976,0.0
2020000565,이안논현오션파크,인천,64.9796,0.0
2020000565,이안논현오션파크,인천,65.5846,0.0
2020000566,용인 명지대역 서희스타힐스,경기,59.9957,0.0
2020000566,용인 명지대역 서희스타힐스,경기,64.9948,0.0
2020000566,용인 명지대역 서희스타힐스,경기,74.9987,0.0
2020000566,용인 명지대역 서희스타힐스,경기,76.4926,0.0
2020000566,용인 명지대역 서희스타힐스,경기,76.962,0.0
2020000566,용인 명지대역 서희스타힐스,경기,76.966,0.0
2020000566,용인 명지대역 서희스타힐스,경기,84.4547,0.0
2020000569,나운 금호어울림 센트럴,전북,73.428,0.0
2020000569,나운 금호어울림 센트럴,전북,84.922,0.0
2020000569,나운 금호어울림 센트럴,전북,84.9241,0.0
2020000569,나운 금호어울림 센트럴,전북,84.9912,0.0
2020000571,문경 모전 코아루 노블36,경북,82.32,0.0
2020000572,두류 센트레빌 더시티,대구,59.4283,0.0
2020000572,두류 센트레빌 더시티,대구,59.7266,0.0
2020000572,두류 센트레빌 더시티,대구,74.8209,0.0
2020000572,두류 센트레빌 더시티,대구,84.5625,0.0
2020000572,두류 센트레빌 더시티,대구,84.7182,0.0
2020000575,이트리니티 공도 센트럴파크,경기,74.1431,0.0
2020000575,이트리니티 공도 센트럴파크,경기,84.1151,16.0
2020000575,이트리니티 공도 센트럴파크,경기,84.1371,25.0
2020000575,이트리니티 공도 센트럴파크,경기,84.2721,0.0
2020000576,대구용산자이,대구,84.9917,0.0
2020000576,대구용산자이,대구,84.9956,0.0
2020000585,남천 우성스마트시티뷰,부산,84.4885,0.0
2020000585,남천 우성스마트시티뷰,부산,84.6744,0.0
2020000585,남천 우성스마트시티뷰,부산,84.9536,0.0
2020000585,남천 우성스마트시티뷰,부산,84.981,0.0
2020000586,동탄역 헤리엇,경기,97.3043,65.0
2020000586,동탄역 헤리엇,경기,97.8618,69.0
2020000586,동탄역 헤리엇,경기,97.8915,63.0
2020000586,동탄역 헤리엇,경기,107.9565,66.0
2020000586,동탄역 헤리엇,경기,155.9118,0.0
2020000586,동탄역 헤리엇,경기,155.9432,0.0
2020000589,속초디오션자이,강원,84.9745,0.0
2020000589,속초디오션자이,강원,84.9826,0.0
2020000589,속초디오션자이,강원,84.9843,0.0
2020000589,속초디오션자이,강원,84.994,0.0
2020000594,부평삼산 신원아침도시,인천,59.8939,0.0
2020000594,부평삼산 신원아침도시,인천,59.9889,0.0
2020000594,부평삼산 신원아침도시,인천,74.19,0.0
2020000595,대전 둔곡지구 A3BL 우미린,대전,65.355,0.0
2020000595,대전 둔곡지구 A3BL 우미린,대전,68.5227,0.0
2020000595,대전 둔곡지구 A3BL 우미린,대전,73.957,0.0
2020000595,대전 둔곡지구 A3BL 우미린,대전,76.9927,0.0
2020000595,대전 둔곡지구 A3BL 우미린,대전,84.946,0.0
2020000595,대전 둔곡지구 A3BL 우미린,대전,84.9465,0.0
2020000595,대전 둔곡지구 A3BL 우미린,대전,84.9541,0.0
2020000599,무등산 한국아델리움 어반센트럴,광주,59.7167,0.0
2020000599,무등산 한국아델리움 어반센트럴,광주,59.7895,0.0
2020000599,무등산 한국아델리움 어반센트럴,광주,84.2102,0.0
2020000599,무등산 한국아델리움 어반센트럴,광주,84.2573,0.0
2020000600,하남감일 한양수자인,경기,84.6481,55.0
2020000605,번영로 하늘채 센트럴파크,울산,59.912,0.0
2020000605,번영로 하늘채 센트럴파크,울산,74.707,0.0
2020000605,번영로 하늘채 센트럴파크,울산,84.936,0.0
2020000605,번영로 하늘채 센트럴파크,울산,84.961,0.0
2020000605,번영로 하늘채 센트럴파크,울산,84.981,0.0
2020000607,동대구 해모로 스퀘어 이스트,대구,59.7383,0.0
2020000607,동대구 해모로 스퀘어 이스트,대구,59.7946,0.0
2020000607,동대구 해모로 스퀘어 이스트,대구,59.8787,0.0
2020000607,동대구 해모로 스퀘어 이스트,대구,75.5292,0.0
2020000607,동대구 해모로 스퀘어 이스트,대구,75.7285,0.0
2020000607,동대구 해모로 스퀘어 이스트,대구,75.8282,0.0
2020000607,동대구 해모로 스퀘어 이스트,대구,84.9233,0.0
2020000607,동대구 해모로 스퀘어 이스트,대구,84.9402,0.0
2020000607,동대구 해모로 스퀘어 이스트,대구,84.985,0.0
2020000608,상도역 롯데캐슬,서울,59.6984,0.0
2020000608,상도역 롯데캐슬,서울,59.9818,0.0
2020000608,상도역 롯데캐슬,서울,59.9851,0.0
2020000608,상도역 롯데캐슬,서울,74.9587,0.0
2020000608,상도역 롯데캐슬,서울,74.9853,0.0
2020000608,상도역 롯데캐슬,서울,84.965,0.0
2020000608,상도역 롯데캐슬,서울,84.9807,0.0
2020000608,상도역 롯데캐슬,서울,84.9833,0.0
2020000608,상도역 롯데캐슬,서울,84.9952,0.0
2020000608,상도역 롯데캐슬,서울,110.9878,0.0
2020000608,상도역 롯데캐슬,서울,110.9996,0.0
2020000611,더샵 송도센터니얼,인천,75.92,64.0
2020000611,더샵 송도센터니얼,인천,84.92,58.0
2020000611,더샵 송도센터니얼,인천,84.94,57.0
2020000611,더샵 송도센터니얼,인천,84.98,67.0
2020000612,더샵 광주포레스트,광주,84.9797,0.0
2020000612,더샵 광주포레스트,광주,84.9887,0.0
2020000612,더샵 광주포레스트,광주,84.9987,0.0
2020000615,기흥 푸르지오 포레피스,경기,59.6874,0.0
2020000615,기흥 푸르지오 포레피스,경기,59.8573,0.0
2020000615,기흥 푸르지오 포레피스,경기,74.614,0.0
2020000615,기흥 푸르지오 포레피스,경기,74.7081,0.0
2020000615,기흥 푸르지오 포레피스,경기,74.7162,0.0
2020000615,기흥 푸르지오 포레피스,경기,84.7477,0.0
2020000615,기흥 푸르지오 포레피스,경기,84.8549,0.0
2020000615,기흥 푸르지오 포레피스,경기,84.9334,0.0
2020000616,북청라 하우스토리,인천,59.8661,0.0
2020000616,북청라 하우스토리,인천,59.9357,0.0
2020000616,북청라 하우스토리,인천,59.97,0.0
2020000616,북청라 하우스토리,인천,59.9893,0.0
2020000618,화서역 푸르지오 브리시엘,경기,84.8548,0.0
2020000618,화서역 푸르지오 브리시엘,경기,84.8641,0.0
2020000618,화서역 푸르지오 브리시엘,경기,84.9343,0.0
2020000618,화서역 푸르지오 브리시엘,경기,104.7512,0.0
2020000618,화서역 푸르지오 브리시엘,경기,104.9256,0.0
2020000618,화서역 푸르지오 브리시엘,경기,104.9868,0.0
2020000618,화서역 푸르지오 브리시엘,경기,154.7827,0.0
2020000618,화서역 푸르지오 브리시엘,경기,189.6256,0.0
2020000618,화서역 푸르지오 브리시엘,경기,189.7569,0.0
2020000621,e편한세상 무등산,광주,84.9508,0.0
2020000621,e편한세상 무등산,광주,84.9926,0.0
2020000631,공항동 발쿠치네 하우스,서울,17.2538,0.0
2020000631,공항동 발쿠치네 하우스,서울,21.95,0.0
2020000631,공항동 발쿠치네 하우스,서울,38.7508,0.0
2020000631,공항동 발쿠치네 하우스,서울,47.9142,0.0
2020000631,공항동 발쿠치네 하우스,서울,48.0405,0.0
2020000631,공항동 발쿠치네 하우스,서울,55.8376,0.0
2020000631,공항동 발쿠치네 하우스,서울,56.8791,0.0
2020000631,공항동 발쿠치네 하우스,서울,95.1132,0.0
2020000631,공항동 발쿠치네 하우스,서울,95.2724,0.0
2020000632,연동 백강 스위트엠1,제주,57.638,0.0
2020000633,검암역 로열파크씨티 푸르지오 1단지,인천,59.8599,0.0
2020000633,검암역 로열파크씨티 푸르지오 1단지,인천,59.959,0.0
2020000633,검암역 로열파크씨티 푸르지오 1단지,인천,74.0021,0.0
2020000633,검암역 로열파크씨티 푸르지오 1단지,인천,74.0057,0.0
2020000633,검암역 로열파크씨티 푸르지오 1단지,인천,84.9144,0.0
2020000633,검암역 로열파크씨티 푸르지오 1단지,인천,84.942,0.0
2020000633,검암역 로열파크씨티 푸르지오 1단지,인천,84.9785,0.0
2020000634,검암역 로열파크씨티 푸르지오 2단지,인천,59.8599,0.0
2020000634,검암역 로열파크씨티 푸르지오 2단지,인천,59.959,0.0
2020000634,검암역 로열파크씨티 푸르지오 2단지,인천,74.0021,0.0
2020000634,검암역 로열파크씨티 푸르지오 2단지,인천,74.0057,0.0
2020000634,검암역 로열파크씨티 푸르지오 2단지,인천,84.9144,0.0
2020000634,검암역 로열파크씨티 푸르지오 2단지,인천,84.942,0.0
2020000634,검암역 로열파크씨티 푸르지오 2단지,인천,84.9785,0.0
2020000635,이안 센트럴포레 장유 1단지,경남,84.9638,25.0
2020000638,힐스테이트 광산,광주,84.9216,0.0
2020000638,힐스테이트 광산,광주,84.9245,0.0
2020000640,사송더샵데시앙2차(B-6BL),경남,74.9913,0.0
2020000640,사송더샵데시앙2차(B-6BL),경남,84.9364,0.0
2020000640,사송더샵데시앙2차(B-6BL),경남,84.9865,0.0
2020000644,사송더샵데시앙2차(B-5BL),경남,74.9913,0.0
2020000644,사송더샵데시앙2차(B-5BL),경남,84.9364,0.0
2020000644,사송더샵데시앙2차(B-5BL),경남,84.9865,0.0
2020000648,사송더샵데시앙2차(B-7BL),경남,84.9364,0.0
2020000648,사송더샵데시앙2차(B-7BL),경남,84.9865,0.0
2020000649,부평 SK VIEW 해모로,인천,36.0986,0.0
2020000649,부평 SK VIEW 해모로,인천,49.9665,0.0
2020000649,부평 SK VIEW 해모로,인천,51.998,0.0
2020000649,부평 SK VIEW 해모로,인천,59.975,0.0
2020000649,부평 SK VIEW 해모로,인천,59.9844,0.0
2020000649,부평 SK VIEW 해모로,인천,59.9938,0.0
2020000649,부평 SK VIEW 해모로,인천,74.6086,0.0
2020000649,부평 SK VIEW 해모로,인천,74.9587,0.0
2020000649,부평 SK VIEW 해모로,인천,74.9625,0.0
2020000649,부평 SK VIEW 해모로,인천,84.9659,0.0
2020000649,부평 SK VIEW 해모로,인천,84.9825,0.0
2020000651,르엘 신반포 파크애비뉴,서울,49.98,0.0
2020000651,르엘 신반포 파크애비뉴,서울,59.99,0.0
2020000651,르엘 신반포 파크애비뉴,서울,84.92,0.0
2020000651,르엘 신반포 파크애비뉴,서울,84.94,0.0
2020000651,르엘 신반포 파크애비뉴,서울,107.97,0.0
2020000652,창원 성산 반도유보라 아이비파크,경남,64.2518,0.0
2020000652,창원 성산 반도유보라 아이비파크,경남,64.7713,0.0
2020000652,창원 성산 반도유보라 아이비파크,경남,78.9547,0.0
2020000658,힐스테이트 의정부역,경기,59.9103,0.0
2020000658,힐스테이트 의정부역,경기,84.037,0.0
2020000658,힐스테이트 의정부역,경기,84.3813,0.0
2020000658,힐스테이트 의정부역,경기,84.4848,0.0
2020000665,죽전역 시티프라디움,대구,84.8407,0.0
2020000665,죽전역 시티프라디움,대구,84.9363,0.0
2020000667,양주 옥정신도시 A-17(2) 한신더휴,경기,74.6729,23.0
2020000667,양주 옥정신도시 A-17(2) 한신더휴,경기,79.2141,29.0
2020000667,양주 옥정신도시 A-17(2) 한신더휴,경기,84.9435,47.0
2020000667,양주 옥정신도시 A-17(2) 한신더휴,경기,84.9555,17.0
2020000667,양주 옥정신도시 A-17(2) 한신더휴,경기,84.9592,32.0
2020000670,김포 센트럴 헤센 1단지,경기,59.9919,28.0
2020000670,김포 센트럴 헤센 1단지,경기,59.9941,0.0
2020000670,김포 센트럴 헤센 1단지,경기,69.9958,0.0
2020000670,김포 센트럴 헤센 1단지,경기,75.9953,0.0
2020000670,김포 센트럴 헤센 1단지,경기,75.9996,0.0
2020000672,여주역 금호어울림 베르티스,경기,84.9329,0.0
2020000676,쌍용 더 플래티넘 거제아시아드,부산,59.9812,0.0
2020000676,쌍용 더 플래티넘 거제아시아드,부산,74.8395,0.0
2020000676,쌍용 더 플래티넘 거제아시아드,부산,84.805,0.0
2020000677,군포 당동 그랑시티2차,경기,54.41,0.0
2020000677,군포 당동 그랑시티2차,경기,58.51,19.0
2020000677,군포 당동 그랑시티2차,경기,62.28,0.0
2020000677,군포 당동 그랑시티2차,경기,62.84,44.0
2020000677,군포 당동 그랑시티2차,경기,65.85,17.0
2020000677,군포 당동 그랑시티2차,경기,67.93,0.0
2020000682,쌍용 더 플래티넘 사직아시아드,부산,59.9481,0.0
2020000682,쌍용 더 플래티넘 사직아시아드,부산,69.1821,0.0
2020000682,쌍용 더 플래티넘 사직아시아드,부산,84.4722,0.0
2020000682,쌍용 더 플래티넘 사직아시아드,부산,84.5907,0.0
2020000682,쌍용 더 플래티넘 사직아시아드,부산,84.9207,0.0
2020000682,쌍용 더 플래티넘 사직아시아드,부산,84.9366,0.0
2020000686,행신 파밀리에 트라이하이,경기,37.3668,0.0
2020000686,행신 파밀리에 트라이하이,경기,59.7783,0.0
2020000686,행신 파밀리에 트라이하이,경기,66.9714,0.0
2020000686,행신 파밀리에 트라이하이,경기,84.9087,0.0
2020000691,정읍 상동1차 영무예다음,전북,84.9759,0.0
2020000693,광명 푸르지오 포레나,경기,49.9576,0.0
2020000693,광명 푸르지오 포레나,경기,49.981,0.0
2020000693,광명 푸르지오 포레나,경기,59.9753,0.0
2020000693,광명 푸르지오 포레나,경기,59.994,0.0
2020000693,광명 푸르지오 포레나,경기,59.9963,0.0
2020000693,광명 푸르지오 포레나,경기,74.9726,0.0
2020000693,광명 푸르지오 포레나,경기,74.9851,0.0
2020000693,광명 푸르지오 포레나,경기,84.8825,0.0
2020000693,광명 푸르지오 포레나,경기,84.9176,0.0
2020000693,광명 푸르지오 포레나,경기,84.9648,0.0
2020000695,서광교 파크 스위첸,경기,52.6886,0.0
2020000695,서광교 파크 스위첸,경기,59.1473,0.0
2020000695,서광교 파크 스위첸,경기,59.3686,0.0
2020000695,서광교 파크 스위첸,경기,59.6816,0.0
2020000695,서광교 파크 스위첸,경기,59.756,0.0
2020000695,서광교 파크 스위첸,경기,59.7779,0.0
2020000695,서광교 파크 스위첸,경기,75.2536,0.0
2020000695,서광교 파크 스위첸,경기,75.8254,0.0
2020000695,서광교 파크 스위첸,경기,84.8505,0.0
2020000697,백양산 롯데캐슬 골드센트럴,부산,59.02,0.0
2020000697,백양산 롯데캐슬 골드센트럴,부산,59.2,0.0
2020000697,백양산 롯데캐슬 골드센트럴,부산,72.13,0.0
2020000697,백양산 롯데캐슬 골드센트럴,부산,84.8,0.0
2020000698,래미안 엘리니티,서울,51.91,0.0
2020000698,래미안 엘리니티,서울,51.98,0.0
2020000698,래미안 엘리니티,서울,59.92,0.0
2020000698,래미안 엘리니티,서울,59.96,0.0
2020000698,래미안 엘리니티,서울,74.79,0.0
2020000698,래미안 엘리니티,서울,74.94,0.0
2020000698,래미안 엘리니티,서울,84.92,0.0
2020000698,래미안 엘리니티,서울,84.98,0.0
2020000698,래미안 엘리니티,서울,84.99,0.0
2020000698,래미안 엘리니티,서울,89.36,0.0
2020000698,래미안 엘리니티,서울,101.9,0.0
2020000698,래미안 엘리니티,서울,101.92,0.0
2020000698,래미안 엘리니티,서울,109.7,0.0
2020000698,래미안 엘리니티,서울,121.58,0.0
2020000711,스위트드림 아파트,서울,48.31,0.0
2020000711,스위트드림 아파트,서울,52.16,0.0
2020000711,스위트드림 아파트,서울,53.79,0.0
2020000712,수원 센트럴 아이파크 자이,경기,39.77,0.0
2020000712,수원 센트럴 아이파크 자이,경기,59.98,0.0
2020000712,수원 센트럴 아이파크 자이,경기,59.99,0.0
2020000712,수원 센트럴 아이파크 자이,경기,73.94,0.0
2020000712,수원 센트럴 아이파크 자이,경기,73.97,0.0
2020000712,수원 센트럴 아이파크 자이,경기,84.99,0.0
2020000712,수원 센트럴 아이파크 자이,경기,103.31,0.0
2020000717,인천 부평 우미린,인천,59.7483,0.0
2020000717,인천 부평 우미린,인천,59.9745,0.0
2020000717,인천 부평 우미린,인천,74.9871,0.0
2020000717,인천 부평 우미린,인천,84.5824,0.0
2020000718,평택 고덕국제신도시 A-43블럭 호반써밋II,경기,84.2876,59.0
2020000718,평택 고덕국제신도시 A-43블럭 호반써밋II,경기,84.3675,55.0
2020000718,평택 고덕국제신도시 A-43블럭 호반써밋II,경기,84.4382,55.0
2020000718,평택 고덕국제신도시 A-43블럭 호반써밋II,경기,84.5142,52.0
2020000718,평택 고덕국제신도시 A-43블럭 호반써밋II,경기,84.6911,51.0
2020000718,평택 고덕국제신도시 A-43블럭 호반써밋II,경기,84.8016,42.0
2020000719,힐스테이트 레이크 송도 3차,인천,84.06,57.0
2020000719,힐스테이트 레이크 송도 3차,인천,84.54,64.0
2020000719,힐스테이트 레이크 송도 3차,인천,84.57,57.0
2020000719,힐스테이트 레이크 송도 3차,인천,84.82,59.0
2020000719,힐스테이트 레이크 송도 3차,인천,84.88,67.0
2020000719,힐스테이트 레이크 송도 3차,인천,84.95,65.0
2020000720,청주 동남 파라곤,충북,77.5023,0.0
2020000720,청주 동남 파라곤,충북,77.8325,0.0
2020000720,청주 동남 파라곤,충북,84.9455,0.0
2020000721,서초비버리캐슬,서울,49.09,0.0
2020000721,서초비버리캐슬,서울,52.33,0.0
2020000721,서초비버리캐슬,서울,59.49,0.0
2020000723,감전엘크루센트로아파트,부산,69.5113,0.0
2020000723,감전엘크루센트로아파트,부산,70.2232,0.0
2020000723,감전엘크루센트로아파트,부산,78.1157,0.0
2020000743,엑소디움 센트럴 동인,대구,59.867,0.0
2020000743,엑소디움 센트럴 동인,대구,59.9691,0.0
2020000743,엑소디움 센트럴 동인,대구,74.8407,0.0
2020000743,엑소디움 센트럴 동인,대구,74.9207,0.0
2020000744,양주 옥정신도시 제일풍경채 Lake City(A10-1BL),경기,74.6691,18.0
2020000744,양주 옥정신도시 제일풍경채 Lake City(A10-1BL),경기,84.903,29.0
2020000745,가재울역 트루엘 에코시티,인천,49.41,0.0
2020000745,가재울역 트루엘 에코시티,인천,59.91,0.0
2020000745,가재울역 트루엘 에코시티,인천,59.96,0.0
2020000745,가재울역 트루엘 에코시티,인천,69.99,0.0
2020000745,가재울역 트루엘 에코시티,인천,84.86,0.0
2020000745,가재울역 트루엘 에코시티,인천,84.98,0.0
2020000749,대치 푸르지오 써밋,서울,51.7377,0.0
2020000749,대치 푸르지오 써밋,서울,53.3317,0.0
2020000749,대치 푸르지오 써밋,서울,59.9845,0.0
2020000749,대치 푸르지오 써밋,서울,59.9885,0.0
2020000749,대치 푸르지오 써밋,서울,101.6961,0.0
2020000749,대치 푸르지오 써밋,서울,102.3261,0.0
2020000749,대치 푸르지오 써밋,서울,107.9139,0.0
2020000749,대치 푸르지오 써밋,서울,117.6566,0.0
2020000749,대치 푸르지오 써밋,서울,129.523,0.0
2020000749,대치 푸르지오 써밋,서울,150.2717,0.0
2020000749,대치 푸르지오 써밋,서울,155.1644,0.0
2020000750,주안파크자이 더 플래티넘,인천,36.811,18.0
2020000750,주안파크자이 더 플래티넘,인천,44.7839,0.0
2020000750,주안파크자이 더 플래티넘,인천,59.9145,0.0
2020000750,주안파크자이 더 플래티넘,인천,59.9583,0.0
2020000750,주안파크자이 더 플래티넘,인천,59.96,0.0
2020000750,주안파크자이 더 플래티넘,인천,73.8988,0.0
2020000750,주안파크자이 더 플래티넘,인천,73.9559,0.0
2020000750,주안파크자이 더 플래티넘,인천,84.8247,0.0
2020000750,주안파크자이 더 플래티넘,인천,84.9937,0.0
2020000753,용인 세영리첼,경기,73.5004,26.0
2020000753,용인 세영리첼,경기,75.4861,0.0
2020000753,용인 세영리첼,경기,77.7489,0.0
2020000753,용인 세영리첼,경기,79.1675,16.0
2020000756,동대구 동화아이위시,대구,84.7888,0.0
2020000756,동대구 동화아이위시,대구,84.798,0.0
2020000756,동대구 동화아이위시,대구,84.9772,0.0
2020000756,동대구 동화아이위시,대구,84.9876,0.0
2020000758,쌍용 더 플래티넘 광주,경기,59.8004,10.0
2020000758,쌍용 더 플래티넘 광주,경기,59.9739,0.0
2020000758,쌍용 더 플래티넘 광주,경기,73.5338,0.0
2020000758,쌍용 더 플래티넘 광주,경기,73.8508,0.0
2020000758,쌍용 더 플래티넘 광주,경기,84.0908,0.0
2020000758,쌍용 더 플래티넘 광주,경기,84.4933,0.0
2020000758,쌍용 더 플래티넘 광주,경기,84.9908,0.0
2020000759,광주 초월역 한라비발디,경기,62.6775,0.0
2020000759,광주 초월역 한라비발디,경기,62.9549,0.0
2020000759,광주 초월역 한라비발디,경기,75.3083,0.0
2020000759,광주 초월역 한라비발디,경기,75.7994,0.0
2020000759,광주 초월역 한라비발디,경기,84.8786,0.0
2020000759,광주 초월역 한라비발디,경기,84.9396,0.0
2020000762,양주회천신도시 덕계역 금강펜테리움 센트럴파크(A-22BL),경기,59.225,0.0
2020000767,디에이치 퍼스티어 아이파크,서울,34.995,0.0
2020000767,디에이치 퍼스티어 아이파크,서울,49.6918,0.0
2020000767,디에이치 퍼스티어 아이파크,서울,59.9742,0.0
2020000767,디에이치 퍼스티어 아이파크,서울,59.9804,0.0
2020000767,디에이치 퍼스티어 아이파크,서울,112.8548,0.0
2020000767,디에이치 퍼스티어 아이파크,서울,112.9918,0.0
2020000767,디에이치 퍼스티어 아이파크,서울,132.8174,0.0
2020000767,디에이치 퍼스티어 아이파크,서울,132.9912,0.0
2020000767,디에이치 퍼스티어 아이파크,서울,132.9921,0.0
2020000775,서대구역 반도유보라 센텀,대구,46.7225,0.0
2020000775,서대구역 반도유보라 센텀,대구,59.6964,0.0
2020000775,서대구역 반도유보라 센텀,대구,59.7679,0.0
2020000775,서대구역 반도유보라 센텀,대구,72.9266,0.0
2020000775,서대구역 반도유보라 센텀,대구,72.9498,0.0
2020000775,서대구역 반도유보라 센텀,대구,84.9602,0.0
2020000776,계룡 한라비발디 더 센트럴,충남,59.9701,16.0
2020000776,계룡 한라비발디 더 센트럴,충남,72.4909,0.0
2020000776,계룡 한라비발디 더 센트럴,충남,84.8535,0.0
2020000778,감만 우성스마트 시티 뷰,부산,69.5709,0.0
2020000778,감만 우성스마트 시티 뷰,부산,77.7593,0.0
2020000778,감만 우성스마트 시티 뷰,부산,83.0008,0.0
2020000778,감만 우성스마트 시티 뷰,부산,84.452,0.0
2020000779,동대구 해모로 스퀘어 웨스트,대구,51.7846,0.0
2020000779,동대구 해모로 스퀘어 웨스트,대구,59.851,0.0
2020000779,동대구 해모로 스퀘어 웨스트,대구,76.7437,0.0
2020000779,동대구 해모로 스퀘어 웨스트,대구,84.9151,0.0
2020000783,인천용현 경남아너스빌,인천,59.8058,0.0
2020000783,인천용현 경남아너스빌,인천,75.0304,0.0
2020000801,양산물금 브라운스톤,경남,59.9018,0.0
2020000801,양산물금 브라운스톤,경남,72.7605,0.0
2020000801,양산물금 브라운스톤,경남,84.8273,0.0
2020000801,양산물금 브라운스톤,경남,84.9011,0.0
2020000802,경산 사동 팰리스 부영2단지,경북,66.4388,0.0
2020000804,태화강 유보라 팰라티움,울산,84.5436,0.0
2020000804,태화강 유보라 팰라티움,울산,84.8627,0.0
2020000804,태화강 유보라 팰라티움,울산,84.8633,0.0
2020000804,태화강 유보라 팰라티움,울산,84.9385,0.0
2020000804,태화강 유보라 팰라티움,울산,84.9862,0.0
2020000806,더샵 번영센트로,울산,59.9811,0.0
2020000806,더샵 번영센트로,울산,59.9991,0.0
2020000806,더샵 번영센트로,울산,75.8858,0.0
2020000806,더샵 번영센트로,울산,75.9854,0.0
2020000806,더샵 번영센트로,울산,84.8775,0.0
2020000807,길음역 롯데캐슬 트윈골드,서울,59.36,0.0
2020000807,길음역 롯데캐슬 트윈골드,서울,59.54,0.0
2020000807,길음역 롯데캐슬 트윈골드,서울,59.87,0.0
2020000807,길음역 롯데캐슬 트윈골드,서울,84.69,0.0
2020000809,운서2차 SK VIEW Skycity A7블럭,인천,70.5732,11.0
2020000813,과천 푸르지오 벨라르테,경기,74.9726,64.0
2020000813,과천 푸르지오 벨라르테,경기,74.9912,69.0
2020000813,과천 푸르지오 벨라르테,경기,84.9663,64.0
2020000813,과천 푸르지오 벨라르테,경기,84.9763,67.0
2020000813,과천 푸르지오 벨라르테,경기,99.9842,55.0
2020000813,과천 푸르지오 벨라르테,경기,99.9941,59.0
2020000819,노원 롯데캐슬 시그니처,서울,21.815,0.0
2020000819,노원 롯데캐슬 시그니처,서울,39.038,0.0
2020000819,노원 롯데캐슬 시그니처,서울,52.873,0.0
2020000819,노원 롯데캐슬 시그니처,서울,52.936,0.0
2020000819,노원 롯데캐슬 시그니처,서울,59.975,0.0
2020000819,노원 롯데캐슬 시그니처,서울,59.996,0.0
2020000819,노원 롯데캐슬 시그니처,서울,84.997,0.0
2020000819,노원 롯데캐슬 시그니처,서울,84.999,0.0
2020000819,노원 롯데캐슬 시그니처,서울,97.987,0.0
2020000820,대곡역 롯데캐슬 엘클라씨,경기,59.948,0.0
2020000820,대곡역 롯데캐슬 엘클라씨,경기,84.9297,0.0
2020000821,더샵 송도 그린워크3차(D17-1블록) 외국인임대 분양전환 APT,인천,84.72,60.0
2020000821,더샵 송도 그린워크3차(D17-1블록) 외국인임대 분양전환 APT,인천,84.73,55.0
2020000821,더샵 송도 그린워크3차(D17-1블록) 외국인임대 분양전환 APT,인천,104.85,54.0
2020000822,죽전역 태왕아너스,대구,84.9602,0.0
2020000822,죽전역 태왕아너스,대구,84.9787,0.0
2020000828,남양주시 진접3지구 삼부르네상스 더퍼스트,경기,59.7724,0.0
2020000828,남양주시 진접3지구 삼부르네상스 더퍼스트,경기,59.8487,23.0
2020000835,브라운스톤 부평,인천,59.9834,0.0
2020000835,브라운스톤 부평,인천,72.9685,0.0
2020000835,브라운스톤 부평,인천,72.9841,0.0
2020000839,시청역 삼정그린코아 포레스트,부산,76.666,0.0
2020000839,시청역 삼정그린코아 포레스트,부산,84.2131,0.0
2020000839,시청역 삼정그린코아 포레스트,부산,84.9719,0.0
2020000839,시청역 삼정그린코아 포레스트,부산,84.9989,0.0
2020000840,주안역 미추홀 더리브,인천,59.9316,0.0
2020000840,주안역 미추홀 더리브,인천,74.4711,0.0
2020000840,주안역 미추홀 더리브,인천,84.0764,0.0
2020000840,주안역 미추홀 더리브,인천,84.1594,0.0
2020000840,주안역 미추홀 더리브,인천,84.7266,0.0
2020000840,주안역 미추홀 더리브,인천,84.8397,0.0
2020000840,주안역 미추홀 더리브,인천,84.9035,0.0
2020000840,주안역 미추홀 더리브,인천,98.4426,0.0
2020000841,사상역 봄여름가을겨울,부산,65.8867,0.0
2020000841,사상역 봄여름가을겨울,부산,67.8857,0.0
2020000841,사상역 봄여름가을겨울,부산,70.2357,0.0
2020000842,천안 푸르지오 레이크사이드,충남,74.9872,0.0
2020000842,천안 푸르지오 레이크사이드,충남,74.9878,0.0
2020000842,천안 푸르지오 레이크사이드,충남,74.9892,0.0
2020000842,천안 푸르지오 레이크사이드,충남,84.9812,0.0
2020000842,천안 푸르지오 레이크사이드,충남,84.9822,0.0
2020000842,천안 푸르지오 레이크사이드,충남,84.9824,0.0
2020000842,천안 푸르지오 레이크사이드,충남,84.9857,0.0
2020000842,천안 푸르지오 레이크사이드,충남,84.9862,0.0
2020000844,용마산 모아엘가 파크포레,서울,57.37,0.0
2020000844,용마산 모아엘가 파크포레,서울,58.66,0.0
2020000844,용마산 모아엘가 파크포레,서울,59.17,0.0
2020000844,용마산 모아엘가 파크포레,서울,59.5,0.0
2020000844,용마산 모아엘가 파크포레,서울,72.46,0.0
2020000844,용마산 모아엘가 파크포레,서울,72.97,0.0
2020000844,용마산 모아엘가 파크포레,서울,73.58,0.0
2020000844,용마산 모아엘가 파크포레,서울,83.91,0.0
2020000844,용마산 모아엘가 파크포레,서울,84.9,0.0
2020000847,청수행정타운 금호어울림,충남,59.8754,0.0
2020000847,청수행정타운 금호어울림,충남,72.8318,0.0
2020000847,청수행정타운 금호어울림,충남,84.5641,0.0
2020000848,울산대현 시티프라디움,울산,84.034,0.0
2020000848,울산대현 시티프라디움,울산,84.3595,0.0
2020000848,울산대현 시티프라디움,울산,84.4441,0.0
2020000848,울산대현 시티프라디움,울산,84.5324,0.0
2020000849,영통 아이파크 캐슬 3단지,경기,59.83,0.0
2020000849,영통 아이파크 캐슬 3단지,경기,59.92,0.0
2020000849,영통 아이파크 캐슬 3단지,경기,75.54,0.0
2020000849,영통 아이파크 캐슬 3단지,경기,75.93,0.0
2020000849,영통 아이파크 캐슬 3단지,경기,84.73,0.0
2020000849,영통 아이파크 캐슬 3단지,경기,105.89,0.0
2020000849,영통 아이파크 캐슬 3단지,경기,189.52,0.0
2020000851,김해 푸르지오 하이엔드,경남,59.7668,0.0
2020000851,김해 푸르지오 하이엔드,경남,59.9682,0.0
2020000851,김해 푸르지오 하이엔드,경남,59.9934,0.0
2020000851,김해 푸르지오 하이엔드,경남,74.889,0.0
2020000851,김해 푸르지오 하이엔드,경남,84.9908,0.0
2020000852,강동 밀레니얼 중흥S-클래스,서울,25.9823,0.0
2020000852,강동 밀레니얼 중흥S-클래스,서울,47.4496,0.0
2020000852,강동 밀레니얼 중흥S-클래스,서울,47.8419,0.0
2020000852,강동 밀레니얼 중흥S-클래스,서울,50.4856,0.0
2020000852,강동 밀레니얼 중흥S-클래스,서울,59.9751,0.0
2020000852,강동 밀레니얼 중흥S-클래스,서울,84.1946,0.0
2020000852,강동 밀레니얼 중흥S-클래스,서울,84.2711,0.0
2020000852,강동 밀레니얼 중흥S-클래스,서울,98.4933,0.0
2020000852,강동 밀레니얼 중흥S-클래스,서울,102.9452,0.0
2020000852,강동 밀레니얼 중흥S-클래스,서울,114.8148,0.0
2020000852,강동 밀레니얼 중흥S-클래스,서울,136.858,0.0
2020000853,양우내안애 더 센트럴,경기,64.6939,0.0
2020000853,양우내안애 더 센트럴,경기,64.9643,0.0
2020000853,양우내안애 더 센트럴,경기,64.9803,0.0
2020000853,양우내안애 더 센트럴,경기,76.181,0.0
2020000853,양우내안애 더 센트럴,경기,76.3049,0.0
2020000853,양우내안애 더 센트럴,경기,76.3191,0.0
2020000853,양우내안애 더 센트럴,경기,76.3262,0.0
2020000853,양우내안애 더 센트럴,경기,84.979,0.0
2020000853,양우내안애 더 센트럴,경기,84.9943,0.0
2020000853,양우내안애 더 센트럴,경기,84.9998,0.0
2020000857,속초 롯데캐슬 인더스카이,강원,59.88,0.0
2020000857,속초 롯데캐슬 인더스카이,강원,79.75,0.0
2020000857,속초 롯데캐슬 인더스카이,강원,79.94,0.0
2020000857,속초 롯데캐슬 인더스카이,강원,84.6,0.0
2020000857,속초 롯데캐슬 인더스카이,강원,84.81,0.0
2020000857,속초 롯데캐슬 인더스카이,강원,84.96,0.0
2020000857,속초 롯데캐슬 인더스카이,강원,84.98,0.0
2020000858,가화만사성 정관타운,부산,84.7768,0.0
2020000863,대봉교역 태왕아너스,대구,59.9981,0.0
2020000863,대봉교역 태왕아너스,대구,84.7801,0.0
2020000863,대봉교역 태왕아너스,대구,84.918,0.0
2020000863,대봉교역 태왕아너스,대구,84.9511,0.0
2020000865,고덕신도시 A41BL 제일풍경채2차,경기,75.7246,44.0
2020000865,고덕신도시 A41BL 제일풍경채2차,경기,84.908,47.0
2020000865,고덕신도시 A41BL 제일풍경채2차,경기,84.9279,46.0
2020000867,e편한세상 비전 센터포레,경기,74.3563,0.0
2020000867,e편한세상 비전 센터포레,경기,74.9966,0.0
2020000867,e편한세상 비전 센터포레,경기,84.4777,0.0
2020000869,서산 푸르지오 더 센트럴,충남,84.9591,0.0
2020000869,서산 푸르지오 더 센트럴,충남,84.9772,0.0
2020000870,광안경동리인,부산,53.72,0.0
2020000870,광안경동리인,부산,53.755,0.0
2020000870,광안경동리인,부산,56.7275,0.0
2020000870,광안경동리인,부산,72.555,0.0
2020000870,광안경동리인,부산,73.07,0.0
2020000870,광안경동리인,부산,73.1125,0.0
2020000870,광안경동리인,부산,75.66,0.0
2020000870,광안경동리인,부산,76.34,0.0
2020000871,동대구2차 비스타동원,대구,59.9746,0.0
2020000871,동대구2차 비스타동원,대구,76.5403,0.0
2020000871,동대구2차 비스타동원,대구,84.9887,0.0
2020000872,해링턴 플레이스 동대구,대구,59.9469,0.0
2020000872,해링턴 플레이스 동대구,대구,74.9583,0.0
2020000872,해링턴 플레이스 동대구,대구,84.9712,0.0
2020000872,해링턴 플레이스 동대구,대구,84.9716,0.0
2020000875,양평 휴먼빌 센트럴 시티,경기,59.8618,0.0
2020000875,양평 휴먼빌 센트럴 시티,경기,59.8995,0.0
2020000875,양평 휴먼빌 센트럴 시티,경기,84.956,26.0
2020000877,고덕 아르테스 미소지움,서울,59.97,0.0
2020000877,고덕 아르테스 미소지움,서울,84.96,0.0
2020000878,경산 서희스타힐스,경북,59.9945,0.0
2020000878,경산 서희스타힐스,경북,73.9763,0.0
2020000878,경산 서희스타힐스,경북,73.9873,0.0
2020000878,경산 서희스타힐스,경북,84.9989,0.0
2020000882,무계서희스타힐스,경남,84.9669,0.0
2020000883,빌리브 파크뷰,대구,84.1281,0.0
2020000883,빌리브 파크뷰,대구,84.4382,0.0
2020000884,더샵 디어엘로,대구,59.9017,0.0
2020000884,더샵 디어엘로,대구,72.7794,0.0
2020000884,더샵 디어엘로,대구,72.9902,0.0
2020000884,더샵 디어엘로,대구,84.9535,0.0
2020000884,더샵 디어엘로,대구,84.9595,0.0
2020000884,더샵 디어엘로,대구,84.9873,0.0
2020000885,시흥 금강펜테리움 오션베이(시화MTV 공동4블럭),경기,59.9879,40.0
2020000885,시흥 금강펜테리움 오션베이(시화MTV 공동4블럭),경기,60.0869,48.0
2020000885,시흥 금강펜테리움 오션베이(시화MTV 공동4블럭),경기,84.2719,52.0
2020000885,시흥 금강펜테리움 오션베이(시화MTV 공동4블럭),경기,84.9133,51.0
2020000885,시흥 금강펜테리움 오션베이(시화MTV 공동4블럭),경기,84.9534,57.0
2020000886,롯데캐슬 리버파크 시그니처(자양),서울,59.9702,0.0
2020000886,롯데캐슬 리버파크 시그니처(자양),서울,59.9706,0.0
2020000886,롯데캐슬 리버파크 시그니처(자양),서울,84.8577,0.0
2020000886,롯데캐슬 리버파크 시그니처(자양),서울,84.8985,0.0
2020000886,롯데캐슬 리버파크 시그니처(자양),서울,84.9883,0.0
2020000886,롯데캐슬 리버파크 시그니처(자양),서울,84.9939,0.0
2020000886,롯데캐슬 리버파크 시그니처(자양),서울,101.9887,0.0
2020000886,롯데캐슬 리버파크 시그니처(자양),서울,101.9922,0.0
2020000888,구리 인창 대원 칸타빌,경기,74.9182,0.0
2020000888,구리 인창 대원 칸타빌,경기,84.9707,0.0
2020000890,죽전역 코아루 더리브,대구,84.9429,0.0
2020000890,죽전역 코아루 더리브,대구,84.9798,0.0
2020000891,달성 파크 푸르지오 힐스테이트,대구,39.7662,0.0
2020000891,달성 파크 푸르지오 힐스테이트,대구,59.7402,0.0
2020000891,달성 파크 푸르지오 힐스테이트,대구,74.9933,0.0
2020000891,달성 파크 푸르지오 힐스테이트,대구,84.7259,0.0
2020000891,달성 파크 푸르지오 힐스테이트,대구,84.9221,0.0
2020000891,달성 파크 푸르지오 힐스테이트,대구,84.9713,0.0
2020000893,대구 태전역 광신프로그레스,대구,59.734,0.0
2020000893,대구 태전역 광신프로그레스,대구,84.9687,0.0
2020000894,대연 푸르지오 클라센트,부산,59.9697,0.0
2020000894,대연 푸르지오 클라센트,부산,59.9837,0.0
2020000894,대연 푸르지오 클라센트,부산,74.9183,0.0
2020000894,대연 푸르지오 클라센트,부산,74.9717,0.0
2020000894,대연 푸르지오 클라센트,부산,84.9624,0.0
2020000894,대연 푸르지오 클라센트,부산,84.9884,0.0
2020000894,대연 푸르지오 클라센트,부산,84.9921,0.0
2020000899,DMC SK VIEW 아이파크포레,서울,39.97,0.0
2020000899,DMC SK VIEW 아이파크포레,서울,49.92,0.0
2020000899,DMC SK VIEW 아이파크포레,서울,53.95,0.0
2020000899,DMC SK VIEW 아이파크포레,서울,59.96,0.0
2020000899,DMC SK VIEW 아이파크포레,서울,59.97,0.0
2020000899,DMC SK VIEW 아이파크포레,서울,76.65,0.0
2020000899,DMC SK VIEW 아이파크포레,서울,84.94,0.0
2020000899,DMC SK VIEW 아이파크포레,서울,84.95,0.0
2020000899,DMC SK VIEW 아이파크포레,서울,102.74,0.0
2020000899,DMC SK VIEW 아이파크포레,서울,120.04,0.0
2020000900,시화 MTV 파라곤,경기,59.7075,21.0
2020000900,시화 MTV 파라곤,경기,84.9225,29.0
2020000900,시화 MTV 파라곤,경기,84.9665,44.0
2020000901,힐스테이트 천호역 젠트리스,서울,84.7668,0.0
2020000901,힐스테이트 천호역 젠트리스,서울,84.8422,0.0
2020000901,힐스테이트 천호역 젠트리스,서울,84.9482,0.0
2020000909,해링턴 플레이스 감삼Ⅱ(2차),대구,84.9658,0.0
2020000910,동대구역 화성파크드림,대구,59.8529,0.0
2020000910,동대구역 화성파크드림,대구,59.9936,0.0
2020000910,동대구역 화성파크드림,대구,84.8163,0.0
2020000910,동대구역 화성파크드림,대구,84.9276,0.0
2020000910,동대구역 화성파크드림,대구,84.9482,0.0
2020000911,오션라이프 에일린의 뜰 1단지,부산,59.7654,0.0
2020000911,오션라이프 에일린의 뜰 1단지,부산,59.767,0.0
2020000911,오션라이프 에일린의 뜰 1단지,부산,74.9694,0.0
2020000911,오션라이프 에일린의 뜰 1단지,부산,74.9696,0.0
2020000911,오션라이프 에일린의 뜰 1단지,부산,74.9731,0.0
2020000911,오션라이프 에일린의 뜰 1단지,부산,84.8915,0.0
2020000911,오션라이프 에일린의 뜰 1단지,부산,84.9355,0.0
2020000912,오션라이프 에일린의 뜰 2단지,부산,59.7654,0.0
2020000912,오션라이프 에일린의 뜰 2단지,부산,59.767,0.0
2020000912,오션라이프 에일린의 뜰 2단지,부산,74.9696,0.0
2020000912,오션라이프 에일린의 뜰 2단지,부산,84.9355,0.0
2020000913,레이카운티,부산,49.8694,0.0
2020000913,레이카운티,부산,59.9866,0.0
2020000913,레이카운티,부산,59.9978,0.0
2020000913,레이카운티,부산,75.9032,0.0
2020000913,레이카운티,부산,75.9379,0.0
2020000913,레이카운티,부산,84.8261,0.0
2020000913,레이카운티,부산,84.9823,0.0
2020000915,청라힐 지웰 더 센트로,대구,72.7018,0.0
2020000915,청라힐 지웰 더 센트로,대구,84.7134,0.0
2020000918,연제 SK VIEW Central,부산,52.2063,0.0
2020000918,연제 SK VIEW Central,부산,53.574,0.0
2020000918,연제 SK VIEW Central,부산,66.2816,0.0
2020000918,연제 SK VIEW Central,부산,67.3083,0.0
2020000918,연제 SK VIEW Central,부산,78.0669,0.0
2020000918,연제 SK VIEW Central,부산,78.1676,0.0
2020000922,신목동 파라곤,서울,59.7052,0.0
2020000922,신목동 파라곤,서울,59.9208,0.0
2020000922,신목동 파라곤,서울,74.6437,0.0
2020000922,신목동 파라곤,서울,84.9558,0.0
2020000922,신목동 파라곤,서울,84.9582,0.0
2020000923,화성 봉담2지구 B-4BL 중흥S-클래스,경기,72.2044,25.0
2020000923,화성 봉담2지구 B-4BL 중흥S-클래스,경기,72.8305,0.0
2020000923,화성 봉담2지구 B-4BL 중흥S-클래스,경기,84.6329,46.0
2020000923,화성 봉담2지구 B-4BL 중흥S-클래스,경기,84.7379,33.0
2020000924,화성 봉담2지구 B-1BL 중흥S-클래스,경기,84.3569,0.0
2020000924,화성 봉담2지구 B-1BL 중흥S-클래스,경기,84.4118,0.0
2020000924,화성 봉담2지구 B-1BL 중흥S-클래스,경기,84.7285,28.0
2020000925,서대구역 서한이다음 더 퍼스트,대구,62.978,0.0
2020000925,서대구역 서한이다음 더 퍼스트,대구,62.9986,0.0
2020000925,서대구역 서한이다음 더 퍼스트,대구,76.917,0.0
2020000925,서대구역 서한이다음 더 퍼스트,대구,76.9973,0.0
2020000925,서대구역 서한이다음 더 퍼스트,대구,84.9308,0.0
2020000925,서대구역 서한이다음 더 퍼스트,대구,84.9917,0.0
2020000926,DMC파인시티자이,서울,59.64,0.0
2020000926,DMC파인시티자이,서울,59.97,0.0
2020000926,DMC파인시티자이,서울,59.98,0.0
2020000926,DMC파인시티자이,서울,74.78,0.0
2020000926,DMC파인시티자이,서울,74.84,0.0
2020000926,DMC파인시티자이,서울,74.89,0.0
2020000926,DMC파인시티자이,서울,84.94,0.0
2020000926,DMC파인시티자이,서울,84.96,0.0
2020000926,DMC파인시티자이,서울,84.97,0.0
2020000926,DMC파인시티자이,서울,84.98,0.0
2020000928,DMC센트럴자이,서울,55.74,0.0
2020000928,DMC센트럴자이,서울,55.93,0.0
2020000928,DMC센트럴자이,서울,59.96,0.0
2020000928,DMC센트럴자이,서울,59.97,0.0
2020000928,DMC센트럴자이,서울,74.78,0.0
2020000928,DMC센트럴자이,서울,84.85,0.0
2020000928,DMC센트럴자이,서울,84.88,0.0
2020000928,DMC센트럴자이,서울,84.92,0.0
2020000928,DMC센트럴자이,서울,84.96,0.0
2020000928,DMC센트럴자이,서울,84.97,0.0
2020000929,대구오페라스위첸,대구,84.9227,0.0
2020000929,대구오페라스위첸,대구,84.958,0.0
2020000929,대구오페라스위첸,대구,84.9704,0.0
2020000929,대구오페라스위첸,대구,84.983,0.0
2020000931,힐데스하임 천호,서울,59.9777,0.0
2020000931,힐데스하임 천호,서울,84.9627,0.0
2020000931,힐데스하임 천호,서울,84.9893,0.0
2020000931,힐데스하임 천호,서울,84.9914,0.0
2020000931,힐데스하임 천호,서울,108.9568,0.0
2020000942,DMC아트포레자이,서울,59.9,0.0
2020000942,DMC아트포레자이,서울,73.8,0.0
2020000942,DMC아트포레자이,서울,73.99,0.0
2020000942,DMC아트포레자이,서울,84.99,0.0
2020000946,e편한세상 지제역,경기,74.7074,0.0
2020000946,e편한세상 지제역,경기,84.052,0.0
2020000946,e편한세상 지제역,경기,84.8086,0.0
2020000947,무등산 명지 로드힐,광주,74.1309,0.0
2020000966,부천 소사 현진에버빌,경기,59.6915,0.0
2020000966,부천 소사 현진에버빌,경기,65.744,0.0
2020000966,부천 소사 현진에버빌,경기,74.9745,0.0
2020000966,부천 소사 현진에버빌,경기,74.9805,0.0
2020000966,부천 소사 현진에버빌,경기,81.6045,0.0
2020000966,부천 소사 현진에버빌,경기,81.6105,0.0
2020000966,부천 소사 현진에버빌,경기,102.154,0.0
2020000966,부천 소사 현진에버빌,경기,102.9864,0.0
2020000967,양주회천 덕계역 대광로제비앙(A-19),경기,84.9934,25.0
2020000968,시화MTV 공동3 호반써밋 더 프라임,경기,59.5893,32.0
2020000968,시화MTV 공동3 호반써밋 더 프라임,경기,59.7925,33.0
2020000968,시화MTV 공동3 호반써밋 더 프라임,경기,74.8946,48.0
2020000968,시화MTV 공동3 호반써밋 더 프라임,경기,84.7402,52.0
2020000983,신동탄 롯데캐슬 나노시티,경기,59.9951,0.0
2020000983,신동탄 롯데캐슬 나노시티,경기,59.9952,0.0
2020000983,신동탄 롯데캐슬 나노시티,경기,59.9984,0.0
2020000983,신동탄 롯데캐슬 나노시티,경기,84.9935,0.0
2020000983,신동탄 롯데캐슬 나노시티,경기,84.9964,0.0
2020000983,신동탄 롯데캐슬 나노시티,경기,111.8909,0.0
2020000985,괴정신동아파밀리에,부산,59.893,0.0
2020000985,괴정신동아파밀리에,부산,72.7815,0.0
2020000985,괴정신동아파밀리에,부산,84.6631,0.0
2020000987,공주 월송지구 B-1BL 지평더웰,충남,80.0037,0.0
2020000987,공주 월송지구 B-1BL 지평더웰,충남,84.8644,0.0
2020000987,공주 월송지구 B-1BL 지평더웰,충남,84.9422,0.0
2020000987,공주 월송지구 B-1BL 지평더웰,충남,84.9645,0.0
2020000995,금남로 중흥S-클래스&두산위브더제니스,광주,59.787,0.0
2020000995,금남로 중흥S-클래스&두산위브더제니스,광주,59.9586,0.0
2020000995,금남로 중흥S-클래스&두산위브더제니스,광주,63.9938,0.0
2020000995,금남로 중흥S-클래스&두산위브더제니스,광주,76.4432,0.0
2020000995,금남로 중흥S-클래스&두산위브더제니스,광주,76.8231,0.0
2020000995,금남로 중흥S-클래스&두산위브더제니스,광주,76.8906,0.0
2020000995,금남로 중흥S-클래스&두산위브더제니스,광주,84.9366,0.0
2020000995,금남로 중흥S-클래스&두산위브더제니스,광주,84.9688,0.0
2020000995,금남로 중흥S-클래스&두산위브더제니스,광주,84.9799,0.0
2020000996,e편한세상 김포 어반베뉴,경기,59.9467,45.0
2020000996,e편한세상 김포 어반베뉴,경기,59.9953,50.0
2020000997,더샵 수성라크에르,대구,59.8476,0.0
2020000997,더샵 수성라크에르,대구,75.9022,0.0
2020000997,더샵 수성라크에르,대구,84.9397,0.0
2020001001,고덕신도시 EBC-1BL 힐스테이트 고덕 스카이시티,경기,76.3622,45.0
2020001001,고덕신도시 EBC-1BL 힐스테이트 고덕 스카이시티,경기,84.182,55.0
2020001001,고덕신도시 EBC-1BL 힐스테이트 고덕 스카이시티,경기,90.3115,54.0
2020001001,고덕신도시 EBC-1BL 힐스테이트 고덕 스카이시티,경기,94.3632,0.0
2020001001,고덕신도시 EBC-1BL 힐스테이트 고덕 스카이시티,경기,94.46,0.0
2020001001,고덕신도시 EBC-1BL 힐스테이트 고덕 스카이시티,경기,101.5619,0.0
2020001001,고덕신도시 EBC-1BL 힐스테이트 고덕 스카이시티,경기,106.9274,59.0
2020001002,행정타운 센트럴 두산위브,충남,74.4191,0.0
2020001002,행정타운 센트럴 두산위브,충남,74.6653,0.0
2020001002,행정타운 센트럴 두산위브,충남,84.0809,0.0
2020001002,행정타운 센트럴 두산위브,충남,84.1601,0.0
2020001002,행정타운 센트럴 두산위브,충남,84.18,0.0
2020001002,행정타운 센트럴 두산위브,충남,84.873,0.0
2020001002,행정타운 센트럴 두산위브,충남,84.9825,0.0
2020001002,행정타운 센트럴 두산위브,충남,84.9859,0.0
2020001008,포레나 순천,전남,84.9183,0.0
2020001008,포레나 순천,전남,84.9589,0.0
2020001012,서대구센트럴자이,대구,59.8299,0.0
2020001012,서대구센트럴자이,대구,59.8942,0.0
2020001012,서대구센트럴자이,대구,59.9497,0.0
2020001012,서대구센트럴자이,대구,74.7862,0.0
2020001012,서대구센트럴자이,대구,74.9325,0.0
2020001012,서대구센트럴자이,대구,84.9537,0.0
2020001012,서대구센트럴자이,대구,84.971,0.0
2020001023,대전 용산지구 3BL 호반써밋 그랜드파크,대전,84.9769,0.0
2020001023,대전 용산지구 3BL 호반써밋 그랜드파크,대전,84.9899,0.0
2020001026,용인 보평역 서희스타힐스 리버파크,경기,59.8423,0.0
2020001026,용인 보평역 서희스타힐스 리버파크,경기,59.9806,0.0
2020001026,용인 보평역 서희스타힐스 리버파크,경기,62.2423,0.0
2020001026,용인 보평역 서희스타힐스 리버파크,경기,71.131,0.0
2020001026,용인 보평역 서희스타힐스 리버파크,경기,71.2948,0.0
2020001026,용인 보평역 서희스타힐스 리버파크,경기,84.8409,0.0
2020001026,용인 보평역 서희스타힐스 리버파크,경기,105.4455,0.0
2020001027,대전 용산지구 1BL 호반써밋 그랜드파크,대전,84.9769,0.0
2020001027,대전 용산지구 1BL 호반써밋 그랜드파크,대전,84.9899,0.0
2020001029,의정부역 스카이자이,경기,66.03,0.0
2020001029,의정부역 스카이자이,경기,76.56,0.0
2020001029,의정부역 스카이자이,경기,76.7,0.0
2020001029,의정부역 스카이자이,경기,76.95,0.0
2020001029,의정부역 스카이자이,경기,84.92,0.0
2020001030,고덕신도시 A42BL 제일풍경채3차 센텀,경기,75.7246,42.0
2020001030,고덕신도시 A42BL 제일풍경채3차 센텀,경기,84.908,44.0
2020001030,고덕신도시 A42BL 제일풍경채3차 센텀,경기,84.9279,41.0
2020001031,장안에스아이팰리스,서울,13.88,0.0
2020001031,장안에스아이팰리스,서울,14.139,0.0
2020001031,장안에스아이팰리스,서울,14.213,0.0
2020001031,장안에스아이팰리스,서울,23.381,0.0
2020001031,장안에스아이팰리스,서울,26.537,0.0
2020001031,장안에스아이팰리스,서울,28.75,0.0
2020001031,장안에스아이팰리스,서울,47.201,0.0
2020001041,영흥공원 푸르지오 파크비엔,경기,77.9781,0.0
2020001041,영흥공원 푸르지오 파크비엔,경기,84.9839,0.0
2020001041,영흥공원 푸르지오 파크비엔,경기,84.9868,0.0
2020001041,영흥공원 푸르지오 파크비엔,경기,84.9954,0.0
2020001041,영흥공원 푸르지오 파크비엔,경기,84.9957,0.0
2020001041,영흥공원 푸르지오 파크비엔,경기,117.4366,0.0
2020001041,영흥공원 푸르지오 파크비엔,경기,117.7413,0.0
2020001043,수성 푸르지오 리버센트,대구,84.994,0.0
2020001043,수성 푸르지오 리버센트,대구,84.9976,0.0
2020001050,힐스테이트 삼동역,경기,63.851,0.0
2020001050,힐스테이트 삼동역,경기,63.998,0.0
2020001050,힐스테이트 삼동역,경기,75.617,0.0
2020001050,힐스테이트 삼동역,경기,75.938,0.0
2020001050,힐스테이트 삼동역,경기,84.514,0.0
2020001053,비산 한신더휴,경기,48.6774,0.0
2020001053,비산 한신더휴,경기,62.0192,0.0
2020001053,비산 한신더휴,경기,62.7449,0.0
2020001065,천안 신방 삼부르네상스,충남,75.9828,23.0
2020001065,천안 신방 삼부르네상스,충남,84.9861,0.0
2020001074,완주 푸르지오 더 퍼스트,전북,72.9775,0.0
2020001074,완주 푸르지오 더 퍼스트,전북,84.9401,0.0
2020001074,완주 푸르지오 더 퍼스트,전북,84.9725,0.0
2020001075,저전동 오네뜨 트윈시티,전남,80.151,16.0
2020001075,저전동 오네뜨 트윈시티,전남,84.4032,0.0
2020001078,포레나 양평,경기,84.9633,20.0
2020001079,번영로 센트리지,울산,39.929,0.0
2020001079,번영로 센트리지,울산,59.865,0.0
2020001079,번영로 센트리지,울산,59.946,0.0
2020001079,번영로 센트리지,울산,59.985,0.0
2020001079,번영로 센트리지,울산,75.916,0.0
2020001079,번영로 센트리지,울산,75.94,0.0
2020001079,번영로 센트리지,울산,75.974,0.0
2020001079,번영로 센트리지,울산,75.994,0.0
2020001079,번영로 센트리지,울산,75.998,0.0
2020001079,번영로 센트리지,울산,84.893,0.0
2020001079,번영로 센트리지,울산,84.926,0.0
2020001079,번영로 센트리지,울산,84.933,0.0
2020001079,번영로 센트리지,울산,84.962,0.0
2020001079,번영로 센트리지,울산,84.971,0.0
2020001079,번영로 센트리지,울산,84.986,0.0
2020001087,문수로대공원 에일린의 뜰,울산,59.7186,0.0
2020001087,문수로대공원 에일린의 뜰,울산,75.9378,0.0
2020001087,문수로대공원 에일린의 뜰,울산,84.8107,0.0
2020001092,운정신도시 제일풍경채 그랑퍼스트,경기,74.5762,28.0
2020001092,운정신도시 제일풍경채 그랑퍼스트,경기,84.9382,39.0
2020001095,반정 아이파크 캐슬 5단지,경기,59.92,0.0
2020001095,반정 아이파크 캐슬 5단지,경기,75.54,0.0
2020001095,반정 아이파크 캐슬 5단지,경기,75.57,0.0
2020001095,반정 아이파크 캐슬 5단지,경기,75.93,0.0
2020001095,반정 아이파크 캐슬 5단지,경기,84.73,0.0
2020001095,반정 아이파크 캐슬 5단지,경기,103.57,0.0
2020001095,반정 아이파크 캐슬 5단지,경기,105.89,0.0
2020001095,반정 아이파크 캐슬 5단지,경기,112.55,0.0
2020001095,반정 아이파크 캐슬 5단지,경기,119.11,0.0
2020001095,반정 아이파크 캐슬 5단지,경기,121.39,0.0
2020001095,반정 아이파크 캐슬 5단지,경기,130.73,0.0
2020001095,반정 아이파크 캐슬 5단지,경기,156.81,0.0
2020001109,대가트라움(의정부),경기,72.774,0.0
2020001109,대가트라움(의정부),경기,72.955,0.0
2020001111,대구 동인동 센트럴 대원칸타빌,대구,84.4267,0.0
2020001111,대구 동인동 센트럴 대원칸타빌,대구,84.7824,0.0
2020001118,서면 비스타동원,부산,59.9998,0.0
2020001118,서면 비스타동원,부산,84.999,0.0
2020001118,서면 비스타동원,부산,84.9991,0.0
2020001124,서초자이르네,서울,50.63,0.0
2020001124,서초자이르네,서울,50.84,0.0
2020001124,서초자이르네,서울,50.95,0.0
2020001124,서초자이르네,서울,59.67,0.0
2020001124,서초자이르네,서울,59.69,0.0
2020001124,서초자이르네,서울,59.97,0.0
2020001124,서초자이르네,서울,69.18,0.0
2020001124,서초자이르네,서울,69.79,0.0
2020001126,아산칸타빌센트럴시티,충남,78.6629,0.0
2020001128,청룡동 더리체,부산,67.48,0.0
2020001128,청룡동 더리체,부산,67.6,0.0
2020001135,군자 서희스타힐스,경기,59.9747,0.0
2020001135,군자 서희스타힐스,경기,59.9921,0.0
2020001135,군자 서희스타힐스,경기,84.9882,0.0
2020001136,해링턴 플레이스 반월당2차,대구,84.36,0.0
2020001136,해링턴 플레이스 반월당2차,대구,84.43,0.0
2020001136,해링턴 플레이스 반월당2차,대구,84.46,0.0
2020001139,영통 롯데캐슬 엘클래스 1블록,경기,84.8531,0.0
2020001139,영통 롯데캐슬 엘클래스 1블록,경기,84.9835,0.0
2020001139,영통 롯데캐슬 엘클래스 1블록,경기,84.9836,0.0
2020001139,영통 롯데캐슬 엘클래스 1블록,경기,84.9882,0.0
2020001139,영통 롯데캐슬 엘클래스 1블록,경기,107.1115,0.0
2020001139,영통 롯데캐슬 엘클래스 1블록,경기,107.426,0.0
2020001140,영통 롯데캐슬 엘클래스 2블록,경기,79.303,0.0
2020001140,영통 롯데캐슬 엘클래스 2블록,경기,84.8531,0.0
2020001140,영통 롯데캐슬 엘클래스 2블록,경기,84.9835,0.0
2020001140,영통 롯데캐슬 엘클래스 2블록,경기,84.9836,0.0
2020001140,영통 롯데캐슬 엘클래스 2블록,경기,84.9882,0.0
2020001140,영통 롯데캐슬 엘클래스 2블록,경기,107.1115,0.0
2020001140,영통 롯데캐슬 엘클래스 2블록,경기,107.426,0.0
2020001148,노형 벨라시티,제주,53.0586,0.0
2020001148,노형 벨라시티,제주,83.227,0.0
2020001148,노형 벨라시티,제주,84.1839,0.0
2020001148,노형 벨라시티,제주,84.7778,0.0
2020001153,익산 이지움 더 테라스 아트리체,전북,84.498,0.0
2020001153,익산 이지움 더 테라스 아트리체,전북,84.6555,0.0
2020001153,익산 이지움 더 테라스 아트리체,전북,84.8344,0.0
2020001153,익산 이지움 더 테라스 아트리체,전북,84.9845,0.0
2020001154,삼계 삼정그린코아 더베스트,경남,84.8816,0.0
2020001155,당진 센트레빌 르네블루,충남,84.9699,0.0
2020001161,여주역 우남퍼스트빌,경기,59.9384,0.0
2020001161,여주역 우남퍼스트빌,경기,59.9858,0.0
2020001161,여주역 우남퍼스트빌,경기,84.9043,0.0
2020001161,여주역 우남퍼스트빌,경기,84.927,0.0
2020001161,여주역 우남퍼스트빌,경기,84.9499,0.0
2020001162,원종동 승윤노블리안 아파트,경기,41.26,0.0
2020001162,원종동 승윤노블리안 아파트,경기,49.99,0.0
2020001162,원종동 승윤노블리안 아파트,경기,55.56,0.0
2020001162,원종동 승윤노블리안 아파트,경기,66.2,0.0
2020001163,수성 센트럴 화성파크드림,대구,84.833,0.0
2020001163,수성 센트럴 화성파크드림,대구,84.9282,0.0
2020001164,행정중심복합도시 1-1생활권 M8블럭 세종 한림풀에버,세종,103.9753,57.0
2020001164,행정중심복합도시 1-1생활권 M8블럭 세종 한림풀에버,세종,103.9838,58.0
2020001164,행정중심복합도시 1-1생활권 M8블럭 세종 한림풀에버,세종,106.6622,58.0
2020001164,행정중심복합도시 1-1생활권 M8블럭 세종 한림풀에버,세종,108.9888,58.0
2020001164,행정중심복합도시 1-1생활권 M8블럭 세종 한림풀에버,세종,114.9167,57.0
2020001164,행정중심복합도시 1-1생활권 M8블럭 세종 한림풀에버,세종,114.9412,61.0
2020001164,행정중심복합도시 1-1생활권 M8블럭 세종 한림풀에버,세종,136.9923,64.0
2020001165,감일 푸르지오 마크베르,경기,84.8934,62.0
2020001165,감일 푸르지오 마크베르,경기,84.8937,60.0
2020001165,감일 푸르지오 마크베르,경기,114.7639,58.0
2020001165,감일 푸르지오 마크베르,경기,114.9207,58.0
2020001166,안양리버자이르네,경기,59.9126,0.0
2020001166,안양리버자이르네,경기,59.9939,0.0
2020001166,안양리버자이르네,경기,59.9996,0.0
2020001166,안양리버자이르네,경기,69.2572,0.0
2020001166,안양리버자이르네,경기,74.7388,0.0
2020001166,안양리버자이르네,경기,82.029,0.0
2020001166,안양리버자이르네,경기,103.6032,0.0
2020001167,모현 이지움,전북,84.7105,0.0
2020001167,모현 이지움,전북,84.8618,0.0
2020001167,모현 이지움,전북,84.8984,0.0
2020001168,e편한세상 순천 어반타워,전남,84.94,0.0
2020001168,e편한세상 순천 어반타워,전남,84.988,0.0
2020001168,e편한세상 순천 어반타워,전남,84.9938,0.0
2020001169,의정부역 푸르지오 더 센트럴,경기,49.92,0.0
2020001169,의정부역 푸르지오 더 센트럴,경기,59.93,0.0
2020001169,의정부역 푸르지오 더 센트럴,경기,72.81,0.0
2020001169,의정부역 푸르지오 더 센트럴,경기,84.84,0.0
2020001169,의정부역 푸르지오 더 센트럴,경기,84.97,0.0
2020001180,과천 푸르지오 오르투스,경기,74.9508,65.0
2020001180,과천 푸르지오 오르투스,경기,74.9726,65.0
2020001180,과천 푸르지오 오르투스,경기,74.9933,65.0
2020001180,과천 푸르지오 오르투스,경기,84.9663,69.0
2020001180,과천 푸르지오 오르투스,경기,84.9763,69.0
2020001181,과천 푸르지오 어울림 라비엔오,경기,84.6197,74.0
2020001181,과천 푸르지오 어울림 라비엔오,경기,84.745,69.0
2020001181,과천 푸르지오 어울림 라비엔오,경기,84.8513,69.0
2020001181,과천 푸르지오 어울림 라비엔오,경기,84.8623,69.0
2020001181,과천 푸르지오 어울림 라비엔오,경기,99.892,69.0
2020001181,과천 푸르지오 어울림 라비엔오,경기,99.9397,66.0
2020001181,과천 푸르지오 어울림 라비엔오,경기,105.4074,58.0
2020001181,과천 푸르지오 어울림 라비엔오,경기,120.7953,72.0
2020001182,과천 르센토 데시앙,경기,84.5769,69.0
2020001182,과천 르센토 데시앙,경기,84.8513,69.0
2020001182,과천 르센토 데시앙,경기,99.892,69.0
2020001182,과천 르센토 데시앙,경기,99.9397,65.0
2020001182,과천 르센토 데시앙,경기,107.8771,66.0
2020001183,별내자이 더 스타 아파트,경기,84.5614,64.0
2020001183,별내자이 더 스타 아파트,경기,84.568,64.0
2020001183,별내자이 더 스타 아파트,경기,84.9734,67.0
2020001183,별내자이 더 스타 아파트,경기,99.6563,69.0
2020001183,별내자이 더 스타 아파트,경기,99.9298,68.0
2020001184,여주역 휴먼빌,경기,59.992,0.0
2020001184,여주역 휴먼빌,경기,84.998,0.0
2020001190,수유동 북한산 스카이뷰 아파트,서울,51.06,0.0
2020001190,수유동 북한산 스카이뷰 아파트,서울,54.18,0.0
2020001190,수유동 북한산 스카이뷰 아파트,서울,55.65,0.0
2020001190,수유동 북한산 스카이뷰 아파트,서울,56.01,0.0
2020001190,수유동 북한산 스카이뷰 아파트,서울,56.49,0.0
2020001190,수유동 북한산 스카이뷰 아파트,서울,56.84,0.0
2020001190,수유동 북한산 스카이뷰 아파트,서울,57.01,0.0
2020001190,수유동 북한산 스카이뷰 아파트,서울,57.28,0.0
2020001190,수유동 북한산 스카이뷰 아파트,서울,57.37,0.0
2020001190,수유동 북한산 스카이뷰 아파트,서울,59.37,0.0
2020001190,수유동 북한산 스카이뷰 아파트,서울,59.77,0.0
2020001190,수유동 북한산 스카이뷰 아파트,서울,59.88,0.0
2020001190,수유동 북한산 스카이뷰 아파트,서울,64.5,0.0
2020001190,수유동 북한산 스카이뷰 아파트,서울,64.57,0.0
2020001190,수유동 북한산 스카이뷰 아파트,서울,66.37,0.0
2020001190,수유동 북한산 스카이뷰 아파트,서울,66.73,0.0
2020001190,수유동 북한산 스카이뷰 아파트,서울,83.09,0.0
2020001192,구미 아이파크 더샵,경북,59.7017,0.0
2020001192,구미 아이파크 더샵,경북,74.8388,0.0
2020001192,구미 아이파크 더샵,경북,84.8056,0.0
2020001192,구미 아이파크 더샵,경북,84.822,0.0
2020001192,구미 아이파크 더샵,경북,84.8378,0.0
2020001192,구미 아이파크 더샵,경북,84.8416,0.0
2020001193,김포마송지구 대방엘리움 더퍼스트,경기,59.9115,36.0
2020001193,김포마송지구 대방엘리움 더퍼스트,경기,59.9306,54.0
2020001193,김포마송지구 대방엘리움 더퍼스트,경기,59.9747,28.0
2020001193,김포마송지구 대방엘리움 더퍼스트,경기,75.3979,32.0
2020001193,김포마송지구 대방엘리움 더퍼스트,경기,75.87,55.0
2020001193,김포마송지구 대방엘리움 더퍼스트,경기,75.8883,26.0
2020001193,김포마송지구 대방엘리움 더퍼스트,경기,84.6551,28.0
2020001193,김포마송지구 대방엘리움 더퍼스트,경기,84.9967,57.0
2020001193,김포마송지구 대방엘리움 더퍼스트,경기,84.9985,43.0
2020001194,평택 동문 굿모닝힐 맘시티 2차,경기,84.9718,0.0
2020001197,반정 아이파크 캐슬 4단지,경기,59.83,0.0
2020001197,반정 아이파크 캐슬 4단지,경기,59.93,0.0
2020001197,반정 아이파크 캐슬 4단지,경기,75.57,0.0
2020001197,반정 아이파크 캐슬 4단지,경기,75.93,0.0
2020001197,반정 아이파크 캐슬 4단지,경기,84.33,0.0
2020001197,반정 아이파크 캐슬 4단지,경기,84.73,0.0
2020001197,반정 아이파크 캐슬 4단지,경기,105.89,0.0
2020001209,대청천 경동리인 뷰,경남,84.9398,0.0
2020001212,완주 삼봉지구 우미린 에코포레,전북,69.9973,0.0
2020001212,완주 삼봉지구 우미린 에코포레,전북,79.4573,0.0
2020001212,완주 삼봉지구 우미린 에코포레,전북,84.9909,0.0
2020001212,완주 삼봉지구 우미린 에코포레,전북,84.9913,0.0
2020001213,금천 센트럴파크 스타힐스,충북,76.8775,0.0
2020001213,금천 센트럴파크 스타힐스,충북,84.6785,0.0
2020001224,국제금융센터 퀸즈W,부산,59.9348,0.0
2020001224,국제금융센터 퀸즈W,부산,84.7891,0.0
2020001224,국제금융센터 퀸즈W,부산,84.9736,0.0
2020001224,국제금융센터 퀸즈W,부산,84.99,0.0
2020001237,전주 서신동 플러스 리버하임,전북,59.551,0.0
2020001240,안양 광신프로그레스 리버뷰,경기,51.03,0.0
2020001240,안양 광신프로그레스 리버뷰,경기,59.02,0.0
2020001240,안양 광신프로그레스 리버뷰,경기,72.04,0.0
2020001240,안양 광신프로그레스 리버뷰,경기,84.03,0.0
2020001242,화성시청역 서희스타힐스 4차 숲속마을,경기,75.8831,0.0
2020001242,화성시청역 서희스타힐스 4차 숲속마을,경기,84.9047,0.0
2020001242,화성시청역 서희스타힐스 4차 숲속마을,경기,84.9601,0.0
2020001245,쌍용 더 플래티넘 완도,전남,84.7748,0.0
2020001245,쌍용 더 플래티넘 완도,전남,84.8986,0.0
2020001245,쌍용 더 플래티넘 완도,전남,84.9656,0.0
2020001246,동대구 더 센트로 데시앙,대구,59.9638,0.0
2020001246,동대구 더 센트로 데시앙,대구,74.9463,0.0
2020001246,동대구 더 센트로 데시앙,대구,74.9592,0.0
2020001246,동대구 더 센트로 데시앙,대구,84.9353,0.0
2020001246,동대구 더 센트로 데시앙,대구,84.9633,0.0
2020001252,대전 하늘채 스카이앤,대전,84.7197,0.0
2020001252,대전 하늘채 스카이앤,대전,84.7771,0.0
2020001252,대전 하늘채 스카이앤,대전,84.8927,0.0
2020001252,대전 하늘채 스카이앤,대전,84.944,0.0
2020001252,대전 하늘채 스카이앤,대전,84.975,0.0
2020001255,힐스테이트 남천역 더퍼스트,부산,70.6405,0.0
2020001255,힐스테이트 남천역 더퍼스트,부산,70.7685,0.0
2020001255,힐스테이트 남천역 더퍼스트,부산,84.4587,0.0
2020001255,힐스테이트 남천역 더퍼스트,부산,84.7283,0.0
2020001255,힐스테이트 남천역 더퍼스트,부산,84.8401,0.0
2020001255,힐스테이트 남천역 더퍼스트,부산,84.9939,0.0
2020001257,더샵 프리미엘,대구,70.9308,0.0
2020001257,더샵 프리미엘,대구,70.9932,0.0
2020001257,더샵 프리미엘,대구,84.9563,0.0
2020001257,더샵 프리미엘,대구,84.9888,0.0
2020001261,이안 그랑센텀 천안,충남,59.96,0.0
2020001261,이안 그랑센텀 천안,충남,64.98,0.0
2020001261,이안 그랑센텀 천안,충남,74.88,0.0
2020001261,이안 그랑센텀 천안,충남,74.97,0.0
2020001261,이안 그랑센텀 천안,충남,84.87,0.0
2020001261,이안 그랑센텀 천안,충남,84.97,0.0
2020001276,쌍용 더 플래티넘 프리미어,경기,84.96,0.0
2020001276,쌍용 더 플래티넘 프리미어,경기,129.87,0.0
2020001276,쌍용 더 플래티넘 프리미어,경기,141.61,0.0
2020001279,고양 덕은지구 A3BL 호반써밋 DMC 힐즈,경기,84.9563,0.0
2020001279,고양 덕은지구 A3BL 호반써밋 DMC 힐즈,경기,84.9773,0.0
2020001281,덕은 삼정그린코아 더베스트,경기,84.5681,0.0
2020001281,덕은 삼정그린코아 더베스트,경기,84.9147,0.0
2020001281,덕은 삼정그린코아 더베스트,경기,91.165,0.0
2020001281,덕은 삼정그린코아 더베스트,경기,91.2597,0.0
2020001281,덕은 삼정그린코아 더베스트,경기,126.3206,0.0
2020001281,덕은 삼정그린코아 더베스트,경기,128.5575,0.0
2020001281,덕은 삼정그린코아 더베스트,경기,135.34,0.0
2020001282,아산탕정일반산업 D2-1블록 호반써밋,충남,74.8793,0.0
2020001282,아산탕정일반산업 D2-1블록 호반써밋,충남,74.9818,0.0
2020001282,아산탕정일반산업 D2-1블록 호반써밋,충남,84.6249,0.0
2020001282,아산탕정일반산업 D2-1블록 호반써밋,충남,84.906,0.0
2020001283,아산탕정일반산업 D1-1블록 호반써밋,충남,84.6249,0.0
2020001283,아산탕정일반산업 D1-1블록 호반써밋,충남,84.906,0.0
2020001284,경주 뉴센트로 에일린의 뜰,경북,84.5262,0.0
2020001284,경주 뉴센트로 에일린의 뜰,경북,84.5751,0.0
2020001284,경주 뉴센트로 에일린의 뜰,경북,84.6187,0.0
2020001284,경주 뉴센트로 에일린의 뜰,경북,84.6959,0.0
2020001284,경주 뉴센트로 에일린의 뜰,경북,84.6978,0.0
2020001285,아산탕정일반산업 D1-2블록 호반써밋,충남,59.843,0.0
2020001285,아산탕정일반산업 D1-2블록 호반써밋,충남,59.8867,0.0
2020001285,아산탕정일반산업 D1-2블록 호반써밋,충남,84.6249,0.0
2020001285,아산탕정일반산업 D1-2블록 호반써밋,충남,84.906,0.0
2020001286,아산탕정일반산업 D3-1블록 호반써밋,충남,59.843,0.0
2020001286,아산탕정일반산업 D3-1블록 호반써밋,충남,59.8867,0.0
2020001286,아산탕정일반산업 D3-1블록 호반써밋,충남,84.6249,0.0
2020001286,아산탕정일반산업 D3-1블록 호반써밋,충남,84.906,0.0
2020001287,아산탕정일반산업 D3-2블록 호반써밋,충남,84.6249,0.0
2020001287,아산탕정일반산업 D3-2블록 호반써밋,충남,84.906,0.0
2020001292,망우역 신원아침도시,서울,48.795,0.0
2020001292,망우역 신원아침도시,서울,48.798,0.0
2020001292,망우역 신원아침도시,서울,49.668,0.0
2020001292,망우역 신원아침도시,서울,57.991,0.0
2020001292,망우역 신원아침도시,서울,84.519,0.0
2020001301,여수 한국아델리움 오션프랑,전남,84.492,0.0
2020001301,여수 한국아델리움 오션프랑,전남,84.788,0.0
2020001301,여수 한국아델리움 오션프랑,전남,84.9048,0.0
2020001301,여수 한국아델리움 오션프랑,전남,84.9096,0.0
2020001304,오산 롯데캐슬 스카이파크,경기,65.9785,0.0
2020001304,오산 롯데캐슬 스카이파크,경기,74.9772,0.0
2020001304,오산 롯데캐슬 스카이파크,경기,84.9967,0.0
2020001304,오산 롯데캐슬 스카이파크,경기,93.9957,0.0
2020001304,오산 롯데캐슬 스카이파크,경기,108.995,0.0
2020001304,오산 롯데캐슬 스카이파크,경기,127.9149,0.0
2020001304,오산 롯데캐슬 스카이파크,경기,151.4203,0.0
2020001304,오산 롯데캐슬 스카이파크,경기,173.5785,0.0
2020001305,두산위브더제니스 센트럴 사하,부산,59.8528,0.0
2020001305,두산위브더제니스 센트럴 사하,부산,59.9309,0.0
2020001305,두산위브더제니스 센트럴 사하,부산,70.0531,0.0
2020001305,두산위브더제니스 센트럴 사하,부산,70.3419,0.0
2020001305,두산위브더제니스 센트럴 사하,부산,84.9557,0.0
2020001305,두산위브더제니스 센트럴 사하,부산,84.9597,0.0
2020001306,화성남양 시티프라디움 4차,경기,84.9764,0.0
2020001313,서대구역 화성파크드림,대구,59.9533,0.0
2020001313,서대구역 화성파크드림,대구,59.9785,0.0
2020001313,서대구역 화성파크드림,대구,74.8839,0.0
2020001313,서대구역 화성파크드림,대구,74.8982,0.0
2020001313,서대구역 화성파크드림,대구,84.929,0.0
2020001313,서대구역 화성파크드림,대구,84.9735,0.0
2020001313,서대구역 화성파크드림,대구,84.9957,0.0
2020001316,동성로 SK Leaders' VIEW,대구,84.97,0.0
2020001316,동성로 SK Leaders' VIEW,대구,84.99,0.0
2020001318,중산자이 1단지,경북,74.9503,0.0
2020001318,중산자이 1단지,경북,84.9901,0.0
2020001321,포항 양학 신원아침도시 퀘렌시아,경북,84.9752,0.0
2020001323,힐스테이트 첨단,광주,84.9481,0.0
2020001323,힐스테이트 첨단,광주,84.9869,0.0
2020001324,DS 더 웰가,경기,65.95,0.0
2020001324,DS 더 웰가,경기,70.44,0.0
2020001324,DS 더 웰가,경기,70.98,0.0
2020001331,힐스테이트포항,경북,74.8151,0.0
2020001331,힐스테이트포항,경북,74.9627,0.0
2020001331,힐스테이트포항,경북,84.8786,0.0
2020001331,힐스테이트포항,경북,84.9562,0.0
2020001335,완주복합행정타운 모아미래도 센트럴시티 1차,전북,84.9623,0.0
2020001344,선교2차 우방아이유쉘 리포레,광주,84.879,0.0
2020001344,선교2차 우방아이유쉘 리포레,광주,84.953,0.0
2020001345,구미 확장단지 중흥S클래스 에듀포레,경북,84.9516,0.0
2020001345,구미 확장단지 중흥S클래스 에듀포레,경북,84.9728,0.0
2020001350,중앙로역 푸르지오 더 센트럴,대구,84.936,0.0
2020001350,중앙로역 푸르지오 더 센트럴,대구,84.965,0.0
2020001350,중앙로역 푸르지오 더 센트럴,대구,84.985,0.0
2020001350,중앙로역 푸르지오 더 센트럴,대구,84.99,0.0
2020001359,e편한세상 금산 프라임포레,충남,84.4746,0.0
2020001360,e편한세상 부평 그랑힐스,인천,37.7425,0.0
2020001360,e편한세상 부평 그랑힐스,인천,59.5839,0.0
2020001360,e편한세상 부평 그랑힐스,인천,59.8924,0.0
2020001360,e편한세상 부평 그랑힐스,인천,67.8698,0.0
2020001360,e편한세상 부평 그랑힐스,인천,84.5725,0.0
2020001362,가경 아이파크 5단지,충북,84.7993,0.0
2020001362,가경 아이파크 5단지,충북,84.8743,0.0
2020001362,가경 아이파크 5단지,충북,84.8833,0.0
2020001362,가경 아이파크 5단지,충북,101.5539,0.0
2020001362,가경 아이파크 5단지,충북,116.9845,0.0
2020001363,완주 삼봉지구 B-3블록 중흥S-클래스 에듀파크,전북,84.9959,0.0
2020001364,연산포레 서희스타힐스,부산,75.8564,0.0
2020001364,연산포레 서희스타힐스,부산,84.8526,0.0
2020001364,연산포레 서희스타힐스,부산,84.9422,0.0
2020001374,봉담자이 라피네,경기,59.9885,0.0
2020001374,봉담자이 라피네,경기,59.9907,0.0
2020001374,봉담자이 라피네,경기,84.9746,0.0
2020001374,봉담자이 라피네,경기,84.9757,0.0
2020001374,봉담자이 라피네,경기,84.9795,0.0
2020001374,봉담자이 라피네,경기,84.9804,0.0
2020001374,봉담자이 라피네,경기,84.9847,0.0
2020001374,봉담자이 라피네,경기,84.9854,0.0
2020001374,봉담자이 라피네,경기,84.9872,0.0
2020001374,봉담자이 라피네,경기,100.8956,0.0
2020001374,봉담자이 라피네,경기,109.9459,0.0
2020001374,봉담자이 라피네,경기,109.9723,0.0
2020001380,충북 진천음성 혁신도시 C3블럭 동일하이빌 파크테라스,충북,84.99,0.0
2020001380,충북 진천음성 혁신도시 C3블럭 동일하이빌 파크테라스,충북,84.9979,0.0
2020001380,충북 진천음성 혁신도시 C3블럭 동일하이빌 파크테라스,충북,84.9995,0.0
2020001382,파주연풍 양우내안애 에코하임,경기,59.9746,0.0
2020001382,파주연풍 양우내안애 에코하임,경기,59.9782,0.0
2020001382,파주연풍 양우내안애 에코하임,경기,59.9868,0.0
2020001382,파주연풍 양우내안애 에코하임,경기,59.9876,0.0
2020001383,화성 봉담2지구 A-5블록 중흥S-클래스,경기,59.9293,42.0
2020001383,화성 봉담2지구 A-5블록 중흥S-클래스,경기,59.9358,32.0
2020001383,화성 봉담2지구 A-5블록 중흥S-클래스,경기,59.9478,10.0
2020001383,화성 봉담2지구 A-5블록 중흥S-클래스,경기,59.9758,18.0
2020001385,화성 봉담2지구 C-1블록 중흥S-클래스,경기,99.385,46.0
2020001385,화성 봉담2지구 C-1블록 중흥S-클래스,경기,99.7712,33.0
2020001386,힐스테이트 리슈빌 강일,서울,84.6331,67.0
2020001386,힐스테이트 리슈빌 강일,서울,84.6505,66.0
2020001386,힐스테이트 리슈빌 강일,서울,84.6921,64.0
2020001386,힐스테이트 리슈빌 강일,서울,84.7324,69.0
2020001386,힐스테이트 리슈빌 강일,서울,84.8935,69.0
2020001386,힐스테이트 리슈빌 강일,서울,84.8942,69.0
2020001386,힐스테이트 리슈빌 강일,서울,84.918,67.0
2020001386,힐스테이트 리슈빌 강일,서울,84.9399,67.0
2020001386,힐스테이트 리슈빌 강일,서울,84.9687,67.0
2020001386,힐스테이트 리슈빌 강일,서울,84.9888,65.0
2020001386,힐스테이트 리슈빌 강일,서울,101.3957,69.0
2020001386,힐스테이트 리슈빌 강일,서울,101.7074,65.0
2020001386,힐스테이트 리슈빌 강일,서울,101.8406,69.0
2020001388,고덕신도시 EBC-2BL  힐스테이트 고덕 센트럴,경기,78.1643,56.0
2020001388,고덕신도시 EBC-2BL  힐스테이트 고덕 센트럴,경기,84.3389,60.0
2020001388,고덕신도시 EBC-2BL  힐스테이트 고덕 센트럴,경기,84.3909,59.0
2020001388,고덕신도시 EBC-2BL  힐스테이트 고덕 센트럴,경기,93.1,55.0
2020001388,고덕신도시 EBC-2BL  힐스테이트 고덕 센트럴,경기,93.1175,62.0
2020001388,고덕신도시 EBC-2BL  힐스테이트 고덕 센트럴,경기,93.862,0.0
2020001388,고덕신도시 EBC-2BL  힐스테이트 고덕 센트럴,경기,93.9621,69.0
2020001389,힐스테이트 용인 둔전역,경기,59.7737,0.0
2020001389,힐스테이트 용인 둔전역,경기,59.8007,0.0
2020001389,힐스테이트 용인 둔전역,경기,59.8827,0.0
2020001389,힐스테이트 용인 둔전역,경기,75.8008,0.0
2020001389,힐스테이트 용인 둔전역,경기,75.981,0.0
2020001389,힐스테이트 용인 둔전역,경기,84.8501,0.0
2020001389,힐스테이트 용인 둔전역,경기,84.9156,0.0
2020001391,힐스테이트 감삼 센트럴,대구,84.9325,0.0
2020001391,힐스테이트 감삼 센트럴,대구,84.9429,0.0
2020001391,힐스테이트 감삼 센트럴,대구,84.9628,0.0
2020001391,힐스테이트 감삼 센트럴,대구,108.9338,0.0
2020001391,힐스테이트 감삼 센트럴,대구,108.9552,0.0
2020001391,힐스테이트 감삼 센트럴,대구,108.9759,0.0
2020001391,힐스테이트 감삼 센트럴,대구,145.9204,0.0
2020001391,힐스테이트 감삼 센트럴,대구,175.9769,0.0
2020001393,더샵 디오션시티 2차,전북,84.9719,0.0
2020001393,더샵 디오션시티 2차,전북,84.9918,0.0
2020001393,더샵 디오션시티 2차,전북,84.9933,0.0
2020001394,한화 포레나 인천연수,인천,84.7127,0.0
2020001394,한화 포레나 인천연수,인천,84.8512,0.0
2020001394,한화 포레나 인천연수,인천,84.9227,0.0
2020001394,한화 포레나 인천연수,인천,84.9988,0.0
2020001396,오성 센트럴아파트,경남,73.05,0.0
2020001399,부평 캐슬앤더샵 퍼스트,인천,59.9295,0.0
2020001399,부평 캐슬앤더샵 퍼스트,인천,72.6394,0.0
2020001399,부평 캐슬앤더샵 퍼스트,인천,84.8843,0.0
2020001399,부평 캐슬앤더샵 퍼스트,인천,84.9365,0.0
2020001402,판교밸리자이 1단지,경기,60.969,0.0
2020001402,판교밸리자이 1단지,경기,60.9892,0.0
2020001402,판교밸리자이 1단지,경기,84.9764,0.0
2020001403,판교밸리자이 2단지,경기,60.969,0.0
2020001403,판교밸리자이 2단지,경기,60.9892,0.0
2020001404,판교밸리자이 3단지,경기,60.969,0.0
2020001404,판교밸리자이 3단지,경기,60.9892,0.0
2020001405,흥해 서희스타힐스 더 캐슬,경북,59.9558,0.0
2020001405,흥해 서희스타힐스 더 캐슬,경북,74.9751,0.0
2020001405,흥해 서희스타힐스 더 캐슬,경북,84.9477,0.0
2020001414,태화강 유블레스 센트럴파크,울산,84.2437,0.0
2020001414,태화강 유블레스 센트럴파크,울산,84.4245,0.0
2020001414,태화강 유블레스 센트럴파크,울산,84.5765,0.0
2020001414,태화강 유블레스 센트럴파크,울산,84.8232,0.0
2020001415,강릉자이 파인베뉴,강원,74.9843,0.0
2020001415,강릉자이 파인베뉴,강원,76.9454,0.0
2020001415,강릉자이 파인베뉴,강원,84.9494,0.0
2020001415,강릉자이 파인베뉴,강원,84.9677,0.0
2020001416,아산 삼부르네상스 더힐,충남,74.9021,0.0
2020001416,아산 삼부르네상스 더힐,충남,84.9765,0.0
2020001419,포천 송우 1 서희스타힐스,경기,84.638,0.0
2020001423,충무동 마린힐즈,경남,61.6866,0.0
2020001424,한양수자인2차아파트,충남,51.7492,0.0
2020001424,한양수자인2차아파트,충남,52.4137,0.0
2020001424,한양수자인2차아파트,충남,52.5802,0.0
2020001429,일신건영휴먼하임,경기,49.0474,0.0
2020001429,일신건영휴먼하임,경기,49.2365,0.0
2020001429,일신건영휴먼하임,경기,52.0405,0.0
2020001441,KTX포항역 삼구 트리니엔,경북,59.9951,0.0
2020001441,KTX포항역 삼구 트리니엔,경북,67.9916,0.0
2020001441,KTX포항역 삼구 트리니엔,경북,84.9727,0.0
2020001441,KTX포항역 삼구 트리니엔,경북,84.9947,0.0
2020001447,더샵 지제역 센트럴파크2BL,경기,59.6236,0.0
2020001447,더샵 지제역 센트럴파크2BL,경기,59.7656,0.0
2020001447,더샵 지제역 센트럴파크2BL,경기,74.9744,0.0
2020001447,더샵 지제역 센트럴파크2BL,경기,74.9929,0.0
2020001447,더샵 지제역 센트럴파크2BL,경기,83.7111,0.0
2020001447,더샵 지제역 센트럴파크2BL,경기,84.7982,0.0
2020001449,의정부 고산 수자인 디에스티지 C1BL,경기,79.9701,52.0
2020001449,의정부 고산 수자인 디에스티지 C1BL,경기,79.9971,52.0
2020001450,의정부 고산 수자인 디에스티지 C3BL,경기,79.9701,53.0
2020001450,의정부 고산 수자인 디에스티지 C3BL,경기,79.9971,53.0
2020001451,의정부 고산 수자인 디에스티지 C4BL,경기,69.6146,57.0
2020001451,의정부 고산 수자인 디에스티지 C4BL,경기,69.9644,54.0
2020001451,의정부 고산 수자인 디에스티지 C4BL,경기,84.9079,59.0
2020001451,의정부 고산 수자인 디에스티지 C4BL,경기,101.6482,57.0
2020001451,의정부 고산 수자인 디에스티지 C4BL,경기,125.8894,55.0
2020001452,구미IC 광신프로그레스,경북,84.9305,0.0
2020001452,구미IC 광신프로그레스,경북,84.9825,0.0
2020001452,구미IC 광신프로그레스,경북,84.983,0.0
2020001453,다산 월드메르디앙 엔라체,경북,72.8941,0.0
2020001453,다산 월드메르디앙 엔라체,경북,84.5935,0.0
2020001453,다산 월드메르디앙 엔라체,경북,84.9532,0.0
2020001457,모티 더베스트빌,부산,50.4843,0.0
2020001457,모티 더베스트빌,부산,51.5556,0.0
2020001461,안락 스위첸,부산,84.5942,0.0
2020001461,안락 스위첸,부산,84.9085,0.0
2020001461,안락 스위첸,부산,84.9628,0.0
2020001461,안락 스위첸,부산,101.2906,0.0
2020001462,운암동 한국아델리움57 에듀힐즈,광주,84.9917,0.0
2020001462,운암동 한국아델리움57 에듀힐즈,광주,106.737,0.0
2020001462,운암동 한국아델리움57 에듀힐즈,광주,107.9988,0.0
2020001462,운암동 한국아델리움57 에듀힐즈,광주,111.1371,0.0
2020001464,송도자이 크리스탈오션,인천,84.8709,55.0
2020001464,송도자이 크리스탈오션,인천,84.9138,56.0
2020001464,송도자이 크리스탈오션,인천,84.9176,48.0
2020001464,송도자이 크리스탈오션,인천,84.9273,48.0
2020001464,송도자이 크리스탈오션,인천,84.9717,52.0
2020001464,송도자이 크리스탈오션,인천,84.9896,46.0
2020001464,송도자이 크리스탈오션,인천,98.8104,39.0
2020001464,송도자이 크리스탈오션,인천,98.9044,53.0
2020001464,송도자이 크리스탈오션,인천,98.9462,53.0
2020001464,송도자이 크리스탈오션,인천,98.9965,52.0
2020001464,송도자이 크리스탈오션,인천,110.9168,39.0
2020001464,송도자이 크리스탈오션,인천,132.9255,54.0
2020001464,송도자이 크리스탈오션,인천,139.4482,45.0
2020001464,송도자이 크리스탈오션,인천,144.5944,0.0
2020001464,송도자이 크리스탈오션,인천,147.9493,55.0
2020001464,송도자이 크리스탈오션,인천,151.7761,25.0
2020001464,송도자이 크리스탈오션,인천,162.9253,56.0
2020001464,송도자이 크리스탈오션,인천,171.8436,0.0
2020001464,송도자이 크리스탈오션,인천,198.9647,0.0
2020001464,송도자이 크리스탈오션,인천,205.8933,53.0
2021000001,수성 더팰리스 푸르지오 더샵,대구,59.776,0.0
2021000001,수성 더팰리스 푸르지오 더샵,대구,75.6439,0.0
2021000001,수성 더팰리스 푸르지오 더샵,대구,75.9914,0.0
2021000001,수성 더팰리스 푸르지오 더샵,대구,84.9516,0.0
2021000004,e편한세상 가평 퍼스트원,경기,59.7245,0.0
2021000004,e편한세상 가평 퍼스트원,경기,74.6111,0.0
2021000004,e편한세상 가평 퍼스트원,경기,74.7567,0.0
2021000004,e편한세상 가평 퍼스트원,경기,74.9267,0.0
2021000004,e편한세상 가평 퍼스트원,경기,84.8046,0.0
2021000004,e편한세상 가평 퍼스트원,경기,84.8286,0.0
2021000021,가평자이,경기,59.8333,0.0
2021000021,가평자이,경기,59.958,0.0
2021000021,가평자이,경기,59.9644,0.0
2021000021,가평자이,경기,76.9746,0.0
2021000021,가평자이,경기,84.9777,0.0
2021000025,세종 리첸시아 파밀리에 H2블록,세종,59.454,58.0
2021000025,세종 리첸시아 파밀리에 H2블록,세종,59.5677,59.0
2021000025,세종 리첸시아 파밀리에 H2블록,세종,59.6716,57.0
2021000025,세종 리첸시아 파밀리에 H2블록,세종,59.6804,57.0
2021000025,세종 리첸시아 파밀리에 H2블록,세종,59.718,56.0
2021000025,세종 리첸시아 파밀리에 H2블록,세종,59.7214,0.0
2021000025,세종 리첸시아 파밀리에 H2블록,세종,59.825,52.0
2021000025,세종 리첸시아 파밀리에 H2블록,세종,59.9515,34.0
2021000025,세종 리첸시아 파밀리에 H2블록,세종,74.5433,64.0
2021000025,세종 리첸시아 파밀리에 H2블록,세종,84.0,58.0
2021000025,세종 리첸시아 파밀리에 H2블록,세종,84.2536,65.0
2021000025,세종 리첸시아 파밀리에 H2블록,세종,84.2574,69.0
2021000025,세종 리첸시아 파밀리에 H2블록,세종,84.3926,60.0
2021000025,세종 리첸시아 파밀리에 H2블록,세종,84.6847,64.0
2021000025,세종 리첸시아 파밀리에 H2블록,세종,84.7244,0.0
2021000025,세종 리첸시아 파밀리에 H2블록,세종,84.7973,59.0
2021000025,세종 리첸시아 파밀리에 H2블록,세종,84.9135,44.0
2021000025,세종 리첸시아 파밀리에 H2블록,세종,84.9279,57.0
2021000025,세종 리첸시아 파밀리에 H2블록,세종,84.9517,57.0
2021000025,세종 리첸시아 파밀리에 H2블록,세종,90.2198,56.0
2021000025,세종 리첸시아 파밀리에 H2블록,세종,90.2246,66.0
2021000025,세종 리첸시아 파밀리에 H2블록,세종,90.4577,57.0
2021000025,세종 리첸시아 파밀리에 H2블록,세종,90.9608,0.0
2021000025,세종 리첸시아 파밀리에 H2블록,세종,100.8876,69.0
2021000026,세종 리첸시아 파밀리에 H3블록,세종,59.1971,59.0
2021000026,세종 리첸시아 파밀리에 H3블록,세종,59.5231,55.0
2021000026,세종 리첸시아 파밀리에 H3블록,세종,59.5657,55.0
2021000026,세종 리첸시아 파밀리에 H3블록,세종,59.6804,53.0
2021000026,세종 리첸시아 파밀리에 H3블록,세종,59.718,59.0
2021000026,세종 리첸시아 파밀리에 H3블록,세종,59.8304,46.0
2021000026,세종 리첸시아 파밀리에 H3블록,세종,59.8585,50.0
2021000026,세종 리첸시아 파밀리에 H3블록,세종,59.8718,60.0
2021000026,세종 리첸시아 파밀리에 H3블록,세종,59.9515,52.0
2021000026,세종 리첸시아 파밀리에 H3블록,세종,84.0,62.0
2021000026,세종 리첸시아 파밀리에 H3블록,세종,84.2128,60.0
2021000026,세종 리첸시아 파밀리에 H3블록,세종,84.4858,58.0
2021000026,세종 리첸시아 파밀리에 H3블록,세종,84.5053,67.0
2021000026,세종 리첸시아 파밀리에 H3블록,세종,84.6564,55.0
2021000026,세종 리첸시아 파밀리에 H3블록,세종,84.7172,61.0
2021000026,세종 리첸시아 파밀리에 H3블록,세종,84.7851,59.0
2021000026,세종 리첸시아 파밀리에 H3블록,세종,84.7973,54.0
2021000026,세종 리첸시아 파밀리에 H3블록,세종,84.8257,61.0
2021000026,세종 리첸시아 파밀리에 H3블록,세종,84.8445,61.0
2021000026,세종 리첸시아 파밀리에 H3블록,세종,84.8512,64.0
2021000026,세종 리첸시아 파밀리에 H3블록,세종,84.9196,58.0
2021000026,세종 리첸시아 파밀리에 H3블록,세종,90.634,67.0
2021000026,세종 리첸시아 파밀리에 H3블록,세종,112.3705,64.0
2021000026,세종 리첸시아 파밀리에 H3블록,세종,112.4722,64.0
2021000026,세종 리첸시아 파밀리에 H3블록,세종,112.8273,0.0
2021000026,세종 리첸시아 파밀리에 H3블록,세종,112.9028,64.0
2021000027,대구역 SD아이프라임,대구,84.9772,0.0
2021000028,대봉교역 금호어울림 에듀리버,대구,59.5251,0.0
2021000028,대봉교역 금호어울림 에듀리버,대구,59.6207,0.0
2021000028,대봉교역 금호어울림 에듀리버,대구,73.17,0.0
2021000028,대봉교역 금호어울림 에듀리버,대구,74.4741,0.0
2021000028,대봉교역 금호어울림 에듀리버,대구,84.2063,0.0
2021000029,더샵 송도 마리나베이,인천,74.8994,49.0
2021000029,더샵 송도 마리나베이,인천,74.9894,50.0
2021000029,더샵 송도 마리나베이,인천,84.202,46.0
2021000029,더샵 송도 마리나베이,인천,84.2262,44.0
2021000029,더샵 송도 마리나베이,인천,84.4546,43.0
2021000029,더샵 송도 마리나베이,인천,84.7583,48.0
2021000029,더샵 송도 마리나베이,인천,84.916,50.0
2021000029,더샵 송도 마리나베이,인천,84.9738,59.0
2021000029,더샵 송도 마리나베이,인천,84.9766,53.0
2021000032,양주 옥정 the1 파크빌리지,경기,84.939,0.0
2021000032,양주 옥정 the1 파크빌리지,경기,84.996,0.0
2021000033,e편한세상 영종국제도시 센텀베뉴,인천,84.9819,29.0
2021000033,e편한세상 영종국제도시 센텀베뉴,인천,84.9922,48.0
2021000033,e편한세상 영종국제도시 센텀베뉴,인천,84.9927,54.0
2021000033,e편한세상 영종국제도시 센텀베뉴,인천,98.0214,46.0
2021000033,e편한세상 영종국제도시 센텀베뉴,인천,98.0425,53.0
2021000034,한화 포레나 수원장안,경기,64.7946,0.0
2021000034,한화 포레나 수원장안,경기,64.9862,0.0
2021000034,한화 포레나 수원장안,경기,84.9666,0.0
2021000034,한화 포레나 수원장안,경기,84.969,0.0
2021000038,심곡본동 한울에이치밸리움 디그니어스,경기,53.991,0.0
2021000038,심곡본동 한울에이치밸리움 디그니어스,경기,55.407,0.0
2021000038,심곡본동 한울에이치밸리움 디그니어스,경기,58.17,0.0
2021000038,심곡본동 한울에이치밸리움 디그니어스,경기,59.365,0.0
2021000038,심곡본동 한울에이치밸리움 디그니어스,경기,59.691,0.0
2021000042,아산 탕정 삼성트라팰리스,충남,73.9348,0.0
2021000042,아산 탕정 삼성트라팰리스,충남,83.4986,0.0
2021000042,아산 탕정 삼성트라팰리스,충남,84.68,0.0
2021000043,평택지제역자이,경기,59.9892,0.0
2021000043,평택지제역자이,경기,59.9965,0.0
2021000043,평택지제역자이,경기,74.9916,0.0
2021000043,평택지제역자이,경기,74.9946,0.0
2021000043,평택지제역자이,경기,84.9807,0.0
2021000043,평택지제역자이,경기,84.9953,0.0
2021000043,평택지제역자이,경기,97.9855,0.0
2021000043,평택지제역자이,경기,97.9935,0.0
2021000043,평택지제역자이,경기,99.9867,0.0
2021000043,평택지제역자이,경기,113.9887,0.0
2021000045,더샵 오포센트리체,경기,59.96,0.0
2021000045,더샵 오포센트리체,경기,59.97,0.0
2021000045,더샵 오포센트리체,경기,59.98,0.0
2021000045,더샵 오포센트리체,경기,76.99,0.0
2021000045,더샵 오포센트리체,경기,84.96,0.0
2021000045,더샵 오포센트리체,경기,84.98,0.0
2021000047,양평역 한라비발디 1단지,경기,59.739,0.0
2021000047,양평역 한라비발디 1단지,경기,59.9846,0.0
2021000047,양평역 한라비발디 1단지,경기,74.3968,0.0
2021000047,양평역 한라비발디 1단지,경기,84.4831,0.0
2021000047,양평역 한라비발디 1단지,경기,84.9498,0.0
2021000048,양평역 한라비발디 2단지,경기,59.739,0.0
2021000048,양평역 한라비발디 2단지,경기,59.9846,0.0
2021000048,양평역 한라비발디 2단지,경기,74.3968,0.0
2021000048,양평역 한라비발디 2단지,경기,84.4831,0.0
2021000048,양평역 한라비발디 2단지,경기,84.9498,0.0
2021000049,다사동의센트럴파크,대구,84.3927,0.0
2021000049,다사동의센트럴파크,대구,84.8704,0.0
2021000056,자양 하늘채 베르,서울,46.971,0.0
2021000056,자양 하늘채 베르,서울,46.973,0.0
2021000057,고덕강일 제일풍경채,서울,84.02,69.0
2021000057,고덕강일 제일풍경채,서울,84.03,69.0
2021000057,고덕강일 제일풍경채,서울,84.07,68.0
2021000057,고덕강일 제일풍경채,서울,84.1,69.0
2021000057,고덕강일 제일풍경채,서울,84.14,0.0
2021000057,고덕강일 제일풍경채,서울,84.15,74.0
2021000057,고덕강일 제일풍경채,서울,84.19,69.0
2021000057,고덕강일 제일풍경채,서울,84.23,69.0
2021000057,고덕강일 제일풍경채,서울,84.27,69.0
2021000057,고덕강일 제일풍경채,서울,84.28,69.0
2021000057,고덕강일 제일풍경채,서울,84.32,69.0
2021000057,고덕강일 제일풍경채,서울,84.45,67.0
2021000057,고덕강일 제일풍경채,서울,84.5,0.0
2021000057,고덕강일 제일풍경채,서울,84.64,69.0
2021000057,고덕강일 제일풍경채,서울,84.67,67.0
2021000057,고덕강일 제일풍경채,서울,84.72,74.0
2021000057,고덕강일 제일풍경채,서울,84.87,66.0
2021000057,고덕강일 제일풍경채,서울,84.91,68.0
2021000057,고덕강일 제일풍경채,서울,84.94,65.0
2021000057,고덕강일 제일풍경채,서울,84.95,68.0
2021000057,고덕강일 제일풍경채,서울,101.04,69.0
2021000057,고덕강일 제일풍경채,서울,101.05,67.0
2021000057,고덕강일 제일풍경채,서울,101.27,66.0
2021000057,고덕강일 제일풍경채,서울,101.3,65.0
2021000059,김포마송택지지구 디에트르,경기,59.9115,55.0
2021000059,김포마송택지지구 디에트르,경기,59.9306,61.0
2021000059,김포마송택지지구 디에트르,경기,59.9747,49.0
2021000059,김포마송택지지구 디에트르,경기,59.9961,52.0
2021000060,안산 중흥S-클래스 더퍼스트,경기,59.6588,0.0
2021000060,안산 중흥S-클래스 더퍼스트,경기,59.8753,0.0
2021000060,안산 중흥S-클래스 더퍼스트,경기,84.8856,0.0
2021000060,안산 중흥S-클래스 더퍼스트,경기,84.9334,0.0
2021000060,안산 중흥S-클래스 더퍼스트,경기,84.9591,0.0
2021000062,더샵 센트로,충남,76.798,0.0
2021000062,더샵 센트로,충남,76.903,0.0
2021000062,더샵 센트로,충남,84.779,0.0
2021000062,더샵 센트로,충남,84.819,0.0
2021000062,더샵 센트로,충남,84.982,0.0
2021000063,디 엘본 S136,경남,84.28,0.0
2021000063,디 엘본 S136,경남,84.372,0.0
2021000065,청주 동남지구 B8블록 호반써밋 브룩사이드,충북,74.9132,0.0
2021000065,청주 동남지구 B8블록 호반써밋 브룩사이드,충북,74.9713,0.0
2021000065,청주 동남지구 B8블록 호반써밋 브룩사이드,충북,84.9481,0.0
2021000066,대전 한신더휴 리저브,대전,75.2788,0.0
2021000066,대전 한신더휴 리저브,대전,76.9541,0.0
2021000066,대전 한신더휴 리저브,대전,84.9648,0.0
2021000066,대전 한신더휴 리저브,대전,84.9886,0.0
2021000068,만강아파트,경기,64.88,0.0
2021000068,만강아파트,경기,66.48,0.0
2021000068,만강아파트,경기,69.42,0.0
2021000069,e편한세상 거제 유로스카이,경남,84.9222,0.0
2021000069,e편한세상 거제 유로스카이,경남,84.9372,0.0
2021000071,힐스테이트 광천,광주,70.7285,0.0
2021000071,힐스테이트 광천,광주,70.7877,0.0
2021000071,힐스테이트 광천,광주,84.3359,0.0
2021000071,힐스테이트 광천,광주,84.9041,0.0
2021000075,힐스테이트 대명 센트럴,대구,84.4587,0.0
2021000075,힐스테이트 대명 센트럴,대구,84.5208,0.0
2021000075,힐스테이트 대명 센트럴,대구,84.5272,0.0
2021000075,힐스테이트 대명 센트럴,대구,112.0363,0.0
2021000075,힐스테이트 대명 센트럴,대구,150.1766,0.0
2021000076,충남내포신도시2차 대방 엘리움 더센트럴,충남,76.7772,0.0
2021000076,충남내포신도시2차 대방 엘리움 더센트럴,충남,76.9592,0.0
2021000076,충남내포신도시2차 대방 엘리움 더센트럴,충남,84.9144,0.0
2021000076,충남내포신도시2차 대방 엘리움 더센트럴,충남,84.9673,0.0
2021000077,홍천 금호어울림 더퍼스트,강원,59.8823,0.0
2021000077,홍천 금호어울림 더퍼스트,강원,76.9639,0.0
2021000077,홍천 금호어울림 더퍼스트,강원,76.9712,0.0
2021000077,홍천 금호어울림 더퍼스트,강원,84.81,0.0
2021000077,홍천 금호어울림 더퍼스트,강원,84.8568,0.0
2021000077,홍천 금호어울림 더퍼스트,강원,84.9086,0.0
2021000081,수성범물 일성 트루엘 레전드,대구,71.8156,0.0
2021000081,수성범물 일성 트루엘 레전드,대구,71.9938,0.0
2021000081,수성범물 일성 트루엘 레전드,대구,84.7511,0.0
2021000081,수성범물 일성 트루엘 레전드,대구,84.8334,0.0
2021000081,수성범물 일성 트루엘 레전드,대구,84.8399,0.0
2021000081,수성범물 일성 트루엘 레전드,대구,84.8521,0.0
2021000082,용인 양지 동문굿모닝힐 프레스티지 주상복합아파트,경기,59.3498,0.0
2021000082,용인 양지 동문굿모닝힐 프레스티지 주상복합아파트,경기,59.4176,0.0
2021000082,용인 양지 동문굿모닝힐 프레스티지 주상복합아파트,경기,59.5838,0.0
2021000082,용인 양지 동문굿모닝힐 프레스티지 주상복합아파트,경기,59.5877,0.0
2021000084,계룡자이,충남,84.966,0.0
2021000084,계룡자이,충남,84.9685,0.0
2021000084,계룡자이,충남,84.9783,0.0
2021000084,계룡자이,충남,84.9801,0.0
2021000084,계룡자이,충남,84.996,0.0
2021000087,북수원자이 렉스비아,경기,48.7,0.0
2021000087,북수원자이 렉스비아,경기,48.85,0.0
2021000087,북수원자이 렉스비아,경기,59.82,0.0
2021000087,북수원자이 렉스비아,경기,59.84,0.0
2021000087,북수원자이 렉스비아,경기,59.87,0.0
2021000087,북수원자이 렉스비아,경기,74.56,0.0
2021000087,북수원자이 렉스비아,경기,74.57,0.0
2021000087,북수원자이 렉스비아,경기,74.76,0.0
2021000087,북수원자이 렉스비아,경기,84.35,0.0
2021000087,북수원자이 렉스비아,경기,84.36,0.0
2021000087,북수원자이 렉스비아,경기,84.91,0.0
2021000087,북수원자이 렉스비아,경기,99.54,0.0
2021000090,화원 동화아이위시,대구,84.1138,0.0
2021000090,화원 동화아이위시,대구,84.1462,0.0
2021000090,화원 동화아이위시,대구,84.5927,0.0
2021000090,화원 동화아이위시,대구,102.5299,0.0
2021000090,화원 동화아이위시,대구,152.0722,0.0
2021000092,광주 산정 대광로제비앙,광주,81.1559,0.0
2021000092,광주 산정 대광로제비앙,광주,81.3014,0.0
2021000092,광주 산정 대광로제비앙,광주,81.338,0.0
2021000092,광주 산정 대광로제비앙,광주,84.3065,0.0
2021000095,봉선로 르 오네뜨,광주,168.9015,0.0
2021000095,봉선로 르 오네뜨,광주,219.3276,0.0
2021000097,대구 안심뉴타운 B3블록 호반써밋 이스텔라,대구,94.3272,0.0
2021000097,대구 안심뉴타운 B3블록 호반써밋 이스텔라,대구,94.7762,0.0
2021000099,이시아 팰리스,대구,84.4018,0.0
2021000099,이시아 팰리스,대구,84.4057,0.0
2021000101,수성 해모로 하이엔,대구,84.7432,0.0
2021000101,수성 해모로 하이엔,대구,84.7991,0.0
2021000101,수성 해모로 하이엔,대구,84.8387,0.0
2021000104,삼척 센트럴 두산위브,강원,84.55,0.0
2021000105,오산 세교지구 Cd-1블록 호반써밋 라테라스,경기,96.3421,56.0
2021000105,오산 세교지구 Cd-1블록 호반써밋 라테라스,경기,99.1111,63.0
2021000105,오산 세교지구 Cd-1블록 호반써밋 라테라스,경기,102.1501,55.0
2021000105,오산 세교지구 Cd-1블록 호반써밋 라테라스,경기,110.6713,47.0
2021000105,오산 세교지구 Cd-1블록 호반써밋 라테라스,경기,113.5003,0.0
2021000105,오산 세교지구 Cd-1블록 호반써밋 라테라스,경기,113.6861,0.0
2021000105,오산 세교지구 Cd-1블록 호반써밋 라테라스,경기,113.7575,0.0
2021000105,오산 세교지구 Cd-1블록 호반써밋 라테라스,경기,121.9059,0.0
2021000105,오산 세교지구 Cd-1블록 호반써밋 라테라스,경기,153.357,35.0
2021000106,시티오씨엘 3단지,인천,75.8707,0.0
2021000106,시티오씨엘 3단지,인천,75.879,0.0
2021000106,시티오씨엘 3단지,인천,84.7206,0.0
2021000106,시티오씨엘 3단지,인천,84.8313,0.0
2021000106,시티오씨엘 3단지,인천,84.9933,0.0
2021000106,시티오씨엘 3단지,인천,101.7145,0.0
2021000106,시티오씨엘 3단지,인천,136.7985,0.0
2021000109,e편한세상 울산역 어반스퀘어,울산,59.9318,0.0
2021000109,e편한세상 울산역 어반스퀘어,울산,59.9474,0.0
2021000109,e편한세상 울산역 어반스퀘어,울산,74.831,0.0
2021000109,e편한세상 울산역 어반스퀘어,울산,74.968,0.0
2021000109,e편한세상 울산역 어반스퀘어,울산,84.8763,0.0
2021000109,e편한세상 울산역 어반스퀘어,울산,84.8856,0.0
2021000117,오페라 센텀파크 서한이다음,대구,74.3046,0.0
2021000117,오페라 센텀파크 서한이다음,대구,74.3747,0.0
2021000117,오페라 센텀파크 서한이다음,대구,84.7618,0.0
2021000117,오페라 센텀파크 서한이다음,대구,84.8048,0.0
2021000119,광양푸르지오더센트럴,전남,84.9925,0.0
2021000119,광양푸르지오더센트럴,전남,129.3702,0.0
2021000120,관악 중앙하이츠 포레,서울,46.6783,0.0
2021000120,관악 중앙하이츠 포레,서울,63.3633,0.0
2021000122,한양수자인 더팰리시티,대구,68.56,0.0
2021000122,한양수자인 더팰리시티,대구,68.85,0.0
2021000122,한양수자인 더팰리시티,대구,68.9,0.0
2021000122,한양수자인 더팰리시티,대구,84.91,0.0
2021000122,한양수자인 더팰리시티,대구,84.96,0.0
2021000123,김해율하 더스카이시티 제니스앤프라우,경남,64.9409,0.0
2021000123,김해율하 더스카이시티 제니스앤프라우,경남,74.7351,0.0
2021000123,김해율하 더스카이시티 제니스앤프라우,경남,84.7942,0.0
2021000123,김해율하 더스카이시티 제니스앤프라우,경남,84.9432,0.0
2021000132,창원 푸르지오 더 플래티넘,경남,59.09,0.0
2021000132,창원 푸르지오 더 플래티넘,경남,59.67,0.0
2021000132,창원 푸르지오 더 플래티넘,경남,74.17,0.0
2021000132,창원 푸르지오 더 플래티넘,경남,84.03,0.0
2021000132,창원 푸르지오 더 플래티넘,경남,84.31,0.0
2021000132,창원 푸르지오 더 플래티넘,경남,84.81,0.0
2021000132,창원 푸르지오 더 플래티넘,경남,84.9,0.0
2021000143,힐스테이트 달성공원역,대구,84.9388,0.0
2021000143,힐스테이트 달성공원역,대구,84.9509,0.0
2021000143,힐스테이트 달성공원역,대구,84.9692,0.0
2021000143,힐스테이트 달성공원역,대구,84.9786,0.0
2021000143,힐스테이트 달성공원역,대구,84.9839,0.0
2021000143,힐스테이트 달성공원역,대구,84.9896,0.0
2021000145,e편한세상 주안 에듀서밋,인천,63.862,0.0
2021000145,e편한세상 주안 에듀서밋,인천,63.883,0.0
2021000145,e편한세상 주안 에듀서밋,인천,84.836,0.0
2021000146,김해 푸르지오 하이엔드 2차,경남,59.5606,0.0
2021000146,김해 푸르지오 하이엔드 2차,경남,59.7501,0.0
2021000146,김해 푸르지오 하이엔드 2차,경남,59.9627,0.0
2021000146,김해 푸르지오 하이엔드 2차,경남,75.484,0.0
2021000146,김해 푸르지오 하이엔드 2차,경남,84.9932,0.0
2021000146,김해 푸르지오 하이엔드 2차,경남,84.9957,0.0
2021000147,이안 엑소디움 에이펙스,대구,84.8856,0.0
2021000147,이안 엑소디움 에이펙스,대구,84.9213,0.0
2021000147,이안 엑소디움 에이펙스,대구,84.9465,0.0
2021000147,이안 엑소디움 에이펙스,대구,134.3123,0.0
2021000149,오산 세교2지구 A2블록 호반써밋 그랜빌,경기,74.6252,50.0
2021000149,오산 세교2지구 A2블록 호반써밋 그랜빌,경기,84.6718,53.0
2021000149,오산 세교2지구 A2블록 호반써밋 그랜빌,경기,84.9135,54.0
2021000149,오산 세교2지구 A2블록 호반써밋 그랜빌,경기,104.564,47.0
2021000150,인천 검단신도시 우미린 파크뷰 1단지,인천,59.8198,37.0
2021000150,인천 검단신도시 우미린 파크뷰 1단지,인천,59.938,44.0
2021000150,인천 검단신도시 우미린 파크뷰 1단지,인천,84.8773,52.0
2021000151,인천 검단신도시 우미린 파크뷰 2단지,인천,59.8198,40.0
2021000151,인천 검단신도시 우미린 파크뷰 2단지,인천,59.938,45.0
2021000151,인천 검단신도시 우미린 파크뷰 2단지,인천,84.8773,51.0
2021000152,동대구역 엘크루 에비뉴원,대구,71.8384,0.0
2021000152,동대구역 엘크루 에비뉴원,대구,84.846,0.0
2021000152,동대구역 엘크루 에비뉴원,대구,84.8943,0.0
2021000152,동대구역 엘크루 에비뉴원,대구,84.9294,0.0
2021000152,동대구역 엘크루 에비뉴원,대구,84.9744,0.0
2021000153,용인 드마크 데시앙,경기,51.9512,0.0
2021000153,용인 드마크 데시앙,경기,51.9552,0.0
2021000153,용인 드마크 데시앙,경기,59.9579,0.0
2021000153,용인 드마크 데시앙,경기,59.9704,0.0
2021000153,용인 드마크 데시앙,경기,74.9539,0.0
2021000153,용인 드마크 데시앙,경기,84.9636,0.0
2021000155,연동 한일 베라체 더 퍼스트,제주,83.4139,0.0
2021000155,연동 한일 베라체 더 퍼스트,제주,83.6381,0.0
2021000158,파주운정신도시 디에트르 더 클래스(A-35BL),경기,84.9671,57.0
2021000158,파주운정신도시 디에트르 더 클래스(A-35BL),경기,84.9951,53.0
2021000158,파주운정신도시 디에트르 더 클래스(A-35BL),경기,110.8359,56.0
2021000158,파주운정신도시 디에트르 더 클래스(A-35BL),경기,110.8397,52.0
2021000158,파주운정신도시 디에트르 더 클래스(A-35BL),경기,110.9898,52.0
2021000159,파주운정신도시 디에트르 라 포레(A-37BL),경기,84.9671,54.0
2021000159,파주운정신도시 디에트르 라 포레(A-37BL),경기,84.9951,49.0
2021000159,파주운정신도시 디에트르 라 포레(A-37BL),경기,110.8359,51.0
2021000159,파주운정신도시 디에트르 라 포레(A-37BL),경기,110.8397,52.0
2021000159,파주운정신도시 디에트르 라 포레(A-37BL),경기,110.9898,50.0
2021000163,속초 영랑호 엘크루 라테라,강원,73.905,0.0
2021000163,속초 영랑호 엘크루 라테라,강원,83.175,0.0
2021000163,속초 영랑호 엘크루 라테라,강원,84.771,0.0
2021000165,울산 뉴시티 에일린의 뜰 1차,울산,59.9569,0.0
2021000165,울산 뉴시티 에일린의 뜰 1차,울산,59.9879,0.0
2021000165,울산 뉴시티 에일린의 뜰 1차,울산,74.9156,0.0
2021000165,울산 뉴시티 에일린의 뜰 1차,울산,74.9801,0.0
2021000165,울산 뉴시티 에일린의 뜰 1차,울산,84.9873,0.0
2021000165,울산 뉴시티 에일린의 뜰 1차,울산,84.9882,0.0
2021000166,덕소 강변 스타힐스,경기,47.7,0.0
2021000166,덕소 강변 스타힐스,경기,59.79,0.0
2021000166,덕소 강변 스타힐스,경기,74.51,0.0
2021000166,덕소 강변 스타힐스,경기,77.48,0.0
2021000166,덕소 강변 스타힐스,경기,84.58,0.0
2021000167,검단신도시 AB3-2블록 예미지 퍼스트포레,인천,76.8794,50.0
2021000167,검단신도시 AB3-2블록 예미지 퍼스트포레,인천,84.9559,52.0
2021000167,검단신도시 AB3-2블록 예미지 퍼스트포레,인천,84.9886,50.0
2021000167,검단신도시 AB3-2블록 예미지 퍼스트포레,인천,102.7097,49.0
2021000167,검단신도시 AB3-2블록 예미지 퍼스트포레,인천,102.7897,45.0
2021000170,힐스테이트 만촌역,대구,65.7254,0.0
2021000170,힐스테이트 만촌역,대구,84.7518,0.0
2021000170,힐스테이트 만촌역,대구,84.8649,0.0
2021000170,힐스테이트 만촌역,대구,136.6868,0.0
2021000170,힐스테이트 만촌역,대구,136.8394,0.0
2021000171,덕소 강변 라온프라이빗,경기,59.8352,0.0
2021000171,덕소 강변 라온프라이빗,경기,59.9209,0.0
2021000171,덕소 강변 라온프라이빗,경기,59.9759,0.0
2021000171,덕소 강변 라온프라이빗,경기,84.9302,0.0
2021000175,동대구역 골드클래스,대구,84.8824,0.0
2021000175,동대구역 골드클래스,대구,84.974,0.0
2021000181,e편한세상 연동 센트럴파크 1단지,제주,84.9418,0.0
2021000181,e편한세상 연동 센트럴파크 1단지,제주,84.9651,0.0
2021000181,e편한세상 연동 센트럴파크 1단지,제주,84.9665,0.0
2021000181,e편한세상 연동 센트럴파크 1단지,제주,84.9769,0.0
2021000182,e편한세상 연동 센트럴파크 2단지,제주,84.9418,0.0
2021000182,e편한세상 연동 센트럴파크 2단지,제주,84.9651,0.0
2021000182,e편한세상 연동 센트럴파크 2단지,제주,84.9665,0.0
2021000182,e편한세상 연동 센트럴파크 2단지,제주,84.9769,0.0
2021000186,이안 더 프리미스 노형,제주,69.5337,0.0
2021000189,검단역 금강펜테리움 더 시글로,인천,84.906,60.0
2021000189,검단역 금강펜테리움 더 시글로,인천,84.9679,67.0
2021000189,검단역 금강펜테리움 더 시글로,인천,84.9811,60.0
2021000189,검단역 금강펜테리움 더 시글로,인천,84.984,61.0
2021000189,검단역 금강펜테리움 더 시글로,인천,84.9967,57.0
2021000197,천안 한양수자인 에코시티,충남,84.961,0.0
2021000197,천안 한양수자인 에코시티,충남,84.9647,0.0
2021000197,천안 한양수자인 에코시티,충남,84.9831,0.0
2021000197,천안 한양수자인 에코시티,충남,84.9855,0.0
2021000200,횡성 벨라시티,강원,82.16,0.0
2021000205,대구두산동 호반써밋 수성,대구,42.0245,0.0
2021000205,대구두산동 호반써밋 수성,대구,42.0572,0.0
2021000205,대구두산동 호반써밋 수성,대구,47.072,0.0
2021000205,대구두산동 호반써밋 수성,대구,47.0974,0.0
2021000205,대구두산동 호반써밋 수성,대구,84.0347,0.0
2021000205,대구두산동 호반써밋 수성,대구,84.2003,0.0
2021000205,대구두산동 호반써밋 수성,대구,84.6634,0.0
2021000205,대구두산동 호반써밋 수성,대구,109.5859,0.0
2021000205,대구두산동 호반써밋 수성,대구,109.7304,0.0
2021000205,대구두산동 호반써밋 수성,대구,161.352,0.0
2021000205,대구두산동 호반써밋 수성,대구,172.1926,0.0
2021000213,세운 푸르지오 헤리시티 아파트,서울,24.5533,0.0
2021000213,세운 푸르지오 헤리시티 아파트,서울,28.4064,0.0
2021000213,세운 푸르지오 헤리시티 아파트,서울,29.4564,0.0
2021000213,세운 푸르지오 헤리시티 아파트,서울,42.2349,0.0
2021000217,연수 서해그랑블 에듀파크,인천,74.368,0.0
2021000217,연수 서해그랑블 에듀파크,인천,74.423,0.0
2021000217,연수 서해그랑블 에듀파크,인천,74.554,0.0
2021000217,연수 서해그랑블 에듀파크,인천,84.896,0.0
2021000217,연수 서해그랑블 에듀파크,인천,112.462,0.0
2021000217,연수 서해그랑블 에듀파크,인천,118.71,0.0
2021000225,군산 호수공원 아이파크,전북,84.8829,0.0
2021000225,군산 호수공원 아이파크,전북,84.9413,0.0
2021000226,힐스테이트 모종 네오루체,충남,74.9863,0.0
2021000226,힐스테이트 모종 네오루체,충남,84.9876,0.0
2021000226,힐스테이트 모종 네오루체,충남,84.9906,0.0
2021000238,기장역 엘크루 더퍼스트,부산,58.4612,0.0
2021000238,기장역 엘크루 더퍼스트,부산,58.7909,0.0
2021000238,기장역 엘크루 더퍼스트,부산,58.9473,0.0
2021000238,기장역 엘크루 더퍼스트,부산,58.9562,0.0
2021000238,기장역 엘크루 더퍼스트,부산,59.197,0.0
2021000238,기장역 엘크루 더퍼스트,부산,59.5855,0.0
2021000238,기장역 엘크루 더퍼스트,부산,62.3123,0.0
2021000238,기장역 엘크루 더퍼스트,부산,72.6065,0.0
2021000238,기장역 엘크루 더퍼스트,부산,72.6655,0.0
2021000238,기장역 엘크루 더퍼스트,부산,72.7348,0.0
2021000238,기장역 엘크루 더퍼스트,부산,73.409,0.0
2021000238,기장역 엘크루 더퍼스트,부산,73.6515,0.0
2021000238,기장역 엘크루 더퍼스트,부산,73.7548,0.0
2021000238,기장역 엘크루 더퍼스트,부산,75.0697,0.0
2021000238,기장역 엘크루 더퍼스트,부산,84.0633,0.0
2021000238,기장역 엘크루 더퍼스트,부산,84.242,0.0
2021000238,기장역 엘크루 더퍼스트,부산,84.6921,0.0
2021000239,사상역 경보센트리안 3차,부산,49.7058,0.0
2021000239,사상역 경보센트리안 3차,부산,69.3067,0.0
2021000239,사상역 경보센트리안 3차,부산,79.942,0.0
2021000239,사상역 경보센트리안 3차,부산,80.7658,0.0
2021000243,대구역한라하우젠트센트로,대구,84.6449,0.0
2021000243,대구역한라하우젠트센트로,대구,84.9446,0.0
2021000245,쌍문역 시티프라디움,서울,50.0855,0.0
2021000245,쌍문역 시티프라디움,서울,64.2929,0.0
2021000245,쌍문역 시티프라디움,서울,68.8529,0.0
2021000245,쌍문역 시티프라디움,서울,68.8867,0.0
2021000245,쌍문역 시티프라디움,서울,68.9258,0.0
2021000245,쌍문역 시티프라디움,서울,70.5278,0.0
2021000245,쌍문역 시티프라디움,서울,72.741,0.0
2021000258,한화 포레나 포항,경북,59.953,0.0
2021000258,한화 포레나 포항,경북,75.999,0.0
2021000258,한화 포레나 포항,경북,84.5162,0.0
2021000258,한화 포레나 포항,경북,84.8901,0.0
2021000259,증평 송산지구 칸타빌,충북,84.9957,0.0
2021000261,이편한세상 진천로얄하임,충북,84.9808,0.0
2021000273,화성 태안3지구 우미린 센트포레 B-1블럭,경기,84.858,35.0
2021000273,화성 태안3지구 우미린 센트포레 B-1블럭,경기,84.8635,43.0
2021000273,화성 태안3지구 우미린 센트포레 B-1블럭,경기,84.9927,53.0
2021000274,화성 태안3지구 우미린 센트포레 B-2블럭,경기,84.9927,33.0
2021000274,화성 태안3지구 우미린 센트포레 B-2블럭,경기,84.9933,35.0
2021000274,화성 태안3지구 우미린 센트포레 B-2블럭,경기,84.9982,31.0
2021000275,동탄역 금강펜테리움 더 시글로(화성동탄2 주상복합C2블럭),경기,52.11,50.0
2021000275,동탄역 금강펜테리움 더 시글로(화성동탄2 주상복합C2블럭),경기,52.55,54.0
2021000275,동탄역 금강펜테리움 더 시글로(화성동탄2 주상복합C2블럭),경기,58.45,64.0
2021000275,동탄역 금강펜테리움 더 시글로(화성동탄2 주상복합C2블럭),경기,58.69,69.0
2021000290,죽전역 에일린의 뜰,대구,59.9759,0.0
2021000290,죽전역 에일린의 뜰,대구,74.8423,0.0
2021000290,죽전역 에일린의 뜰,대구,84.7573,0.0
2021000290,죽전역 에일린의 뜰,대구,84.9721,0.0
2021000290,죽전역 에일린의 뜰,대구,114.1618,0.0
2021000291,계양 하늘채 파크포레,인천,59.8794,0.0
2021000291,계양 하늘채 파크포레,인천,59.8946,0.0
2021000291,계양 하늘채 파크포레,인천,59.9931,0.0
2021000291,계양 하늘채 파크포레,인천,84.8757,0.0
2021000291,계양 하늘채 파크포레,인천,84.9484,0.0
2021000291,계양 하늘채 파크포레,인천,84.96,0.0
2021000294,직산역서희스타힐스,충남,59.4822,0.0
2021000294,직산역서희스타힐스,충남,59.8854,0.0
2021000294,직산역서희스타힐스,충남,84.2645,0.0
2021000294,직산역서희스타힐스,충남,84.9946,0.0
2021000295,만촌역 태왕 THE아너스,대구,84.9541,0.0
2021000295,만촌역 태왕 THE아너스,대구,84.9818,0.0
2021000295,만촌역 태왕 THE아너스,대구,84.9953,0.0
2021000295,만촌역 태왕 THE아너스,대구,118.3543,0.0
2021000295,만촌역 태왕 THE아너스,대구,152.4936,0.0
2021000295,만촌역 태왕 THE아너스,대구,157.2953,0.0
2021000297,포레나 안산 고잔,경기,45.9721,0.0
2021000297,포레나 안산 고잔,경기,59.9803,0.0
2021000297,포레나 안산 고잔,경기,59.9893,0.0
2021000297,포레나 안산 고잔,경기,72.995,0.0
2021000301,아산 ZOOM파크,충남,79.46,0.0
2021000301,아산 ZOOM파크,충남,84.76,0.0
2021000302,동탄2신도시 동탄역 디에트르 퍼스티지,경기,84.9882,69.0
2021000302,동탄2신도시 동탄역 디에트르 퍼스티지,경기,84.9963,69.0
2021000302,동탄2신도시 동탄역 디에트르 퍼스티지,경기,102.9838,69.0
2021000302,동탄2신도시 동탄역 디에트르 퍼스티지,경기,102.9986,69.0
2021000312,더샵 거창포르시엘,경남,66.95,0.0
2021000312,더샵 거창포르시엘,경남,84.8,0.0
2021000312,더샵 거창포르시엘,경남,84.9,0.0
2021000312,더샵 거창포르시엘,경남,84.92,0.0
2021000313,이천 진암지구 우방 아이유쉘 메가하이브,경기,84.9838,0.0
2021000314,미평동 해광샹그릴라 힐즈파크,전남,84.9536,0.0
2021000315,더샵 양평리버포레,경기,76.6094,0.0
2021000315,더샵 양평리버포레,경기,84.5345,0.0
2021000315,더샵 양평리버포레,경기,84.9694,0.0
2021000316,의정부역 월드메르디앙 웰라시티,경기,71.612,0.0
2021000316,의정부역 월드메르디앙 웰라시티,경기,77.303,0.0
2021000317,율동지구 한신더휴 B1블록,울산,84.5376,0.0
2021000317,율동지구 한신더휴 B1블록,울산,84.8848,0.0
2021000317,율동지구 한신더휴 B1블록,울산,84.8852,0.0
2021000317,율동지구 한신더휴 B1블록,울산,84.9931,0.0
2021000318,율동지구 한신더휴 B2블록,울산,84.5376,0.0
2021000318,율동지구 한신더휴 B2블록,울산,84.7737,0.0
2021000318,율동지구 한신더휴 B2블록,울산,84.854,0.0
2021000318,율동지구 한신더휴 B2블록,울산,84.8848,0.0
2021000318,율동지구 한신더휴 B2블록,울산,84.8852,0.0
2021000318,율동지구 한신더휴 B2블록,울산,84.9141,0.0
2021000318,율동지구 한신더휴 B2블록,울산,84.99,0.0
2021000318,율동지구 한신더휴 B2블록,울산,84.9931,0.0
2021000319,율동지구 한신더휴 C2블록,울산,84.854,0.0
2021000319,율동지구 한신더휴 C2블록,울산,84.8848,0.0
2021000319,율동지구 한신더휴 C2블록,울산,84.8852,0.0
2021000319,율동지구 한신더휴 C2블록,울산,84.8985,0.0
2021000319,율동지구 한신더휴 C2블록,울산,84.9141,0.0
2021000320,평택역 경남아너스빌 디아트,경기,84.7974,0.0
2021000320,평택역 경남아너스빌 디아트,경기,84.9225,0.0
2021000322,휴앤인더라움,경남,84.7343,0.0
2021000324,동해 프라우드 스위첸,강원,84.8978,0.0
2021000326,마전 양우 내안애 퍼스트힐,인천,59.6939,0.0
2021000326,마전 양우 내안애 퍼스트힐,인천,59.9575,0.0
2021000326,마전 양우 내안애 퍼스트힐,인천,71.9519,0.0
2021000326,마전 양우 내안애 퍼스트힐,인천,84.8116,0.0
2021000326,마전 양우 내안애 퍼스트힐,인천,84.9398,0.0
2021000327,무등산 한국아델리움 더힐 1단지,광주,59.9895,0.0
2021000327,무등산 한국아델리움 더힐 1단지,광주,84.9457,0.0
2021000327,무등산 한국아델리움 더힐 1단지,광주,84.9644,0.0
2021000327,무등산 한국아델리움 더힐 1단지,광주,84.9693,0.0
2021000328,화성향남 상신지구 A1-1블록 향남역 한양수자인 디에스티지,경기,61.1236,0.0
2021000328,화성향남 상신지구 A1-1블록 향남역 한양수자인 디에스티지,경기,61.1536,0.0
2021000328,화성향남 상신지구 A1-1블록 향남역 한양수자인 디에스티지,경기,61.8084,0.0
2021000328,화성향남 상신지구 A1-1블록 향남역 한양수자인 디에스티지,경기,66.7746,0.0
2021000328,화성향남 상신지구 A1-1블록 향남역 한양수자인 디에스티지,경기,67.5283,0.0
2021000328,화성향남 상신지구 A1-1블록 향남역 한양수자인 디에스티지,경기,76.8208,0.0
2021000328,화성향남 상신지구 A1-1블록 향남역 한양수자인 디에스티지,경기,84.9892,0.0
2021000328,화성향남 상신지구 A1-1블록 향남역 한양수자인 디에스티지,경기,84.9944,0.0
2021000328,화성향남 상신지구 A1-1블록 향남역 한양수자인 디에스티지,경기,101.9972,0.0
2021000329,대덕브라운스톤,대전,63.4496,0.0
2021000329,대덕브라운스톤,대전,63.8491,0.0
2021000329,대덕브라운스톤,대전,75.743,0.0
2021000329,대덕브라운스톤,대전,75.8596,0.0
2021000329,대덕브라운스톤,대전,75.9248,0.0
2021000329,대덕브라운스톤,대전,84.4656,0.0
2021000329,대덕브라운스톤,대전,84.6729,0.0
2021000330,두산위브더제니스 양산,경남,59.4913,0.0
2021000330,두산위브더제니스 양산,경남,84.8567,0.0
2021000330,두산위브더제니스 양산,경남,84.9955,0.0
2021000331,경산 하양 제일풍경채,경북,84.8769,0.0
2021000332,대전 하늘채 스카이앤 2차,대전,84.777,0.0
2021000332,대전 하늘채 스카이앤 2차,대전,84.8926,0.0
2021000332,대전 하늘채 스카이앤 2차,대전,84.9438,0.0
2021000333,힐스테이트 용인 고진역 D1BL,경기,59.9786,0.0
2021000333,힐스테이트 용인 고진역 D1BL,경기,59.9837,0.0
2021000333,힐스테이트 용인 고진역 D1BL,경기,70.9138,0.0
2021000333,힐스테이트 용인 고진역 D1BL,경기,84.9868,0.0
2021000334,힐스테이트 용인 고진역 D2BL,경기,59.9786,0.0
2021000334,힐스테이트 용인 고진역 D2BL,경기,59.9837,0.0
2021000334,힐스테이트 용인 고진역 D2BL,경기,70.9138,0.0
2021000334,힐스테이트 용인 고진역 D2BL,경기,84.9868,0.0
2021000336,에비뉴 청계 I,서울,16.01,0.0
2021000336,에비뉴 청계 I,서울,16.23,0.0
2021000336,에비뉴 청계 I,서울,18.41,0.0
2021000336,에비뉴 청계 I,서울,20.02,0.0
2021000336,에비뉴 청계 I,서울,20.21,0.0
2021000336,에비뉴 청계 I,서울,24.52,0.0
2021000338,오포자이 디 오브 C-3BL,경기,62.9797,0.0
2021000338,오포자이 디 오브 C-3BL,경기,69.8197,0.0
2021000338,오포자이 디 오브 C-3BL,경기,74.9499,0.0
2021000338,오포자이 디 오브 C-3BL,경기,74.9676,0.0
2021000338,오포자이 디 오브 C-3BL,경기,82.1499,0.0
2021000338,오포자이 디 오브 C-3BL,경기,84.8537,0.0
2021000338,오포자이 디 오브 C-3BL,경기,84.9525,0.0
2021000338,오포자이 디 오브 C-3BL,경기,84.9658,0.0
2021000338,오포자이 디 오브 C-3BL,경기,84.9959,0.0
2021000338,오포자이 디 오브 C-3BL,경기,92.0,0.0
2021000338,오포자이 디 오브 C-3BL,경기,104.0,0.0
2021000339,오포자이 디 오브 C-4BL,경기,62.9691,0.0
2021000339,오포자이 디 오브 C-4BL,경기,62.9797,0.0
2021000339,오포자이 디 오브 C-4BL,경기,69.0,0.0
2021000339,오포자이 디 오브 C-4BL,경기,74.7276,0.0
2021000339,오포자이 디 오브 C-4BL,경기,74.9499,0.0
2021000339,오포자이 디 오브 C-4BL,경기,74.9676,0.0
2021000339,오포자이 디 오브 C-4BL,경기,74.9678,0.0
2021000339,오포자이 디 오브 C-4BL,경기,82.0,0.0
2021000339,오포자이 디 오브 C-4BL,경기,84.8537,0.0
2021000339,오포자이 디 오브 C-4BL,경기,84.9525,0.0
2021000339,오포자이 디 오브 C-4BL,경기,84.9658,0.0
2021000339,오포자이 디 오브 C-4BL,경기,84.9959,0.0
2021000339,오포자이 디 오브 C-4BL,경기,92.0,0.0
2021000339,오포자이 디 오브 C-4BL,경기,104.0,0.0
2021000341,한화 포레나 천안신부,충남,76.1747,0.0
2021000341,한화 포레나 천안신부,충남,84.9869,0.0
2021000341,한화 포레나 천안신부,충남,84.9899,0.0
2021000341,한화 포레나 천안신부,충남,104.4971,0.0
2021000341,한화 포레나 천안신부,충남,113.2933,0.0
2021000341,한화 포레나 천안신부,충남,113.6656,0.0
2021000341,한화 포레나 천안신부,충남,159.7977,0.0
2021000342,완주복합행정타운 모아미래도 센트럴시티 3차,전북,84.9911,0.0
2021000343,아산 테크노밸리 6차 이지더원,충남,68.9262,0.0
2021000343,아산 테크노밸리 6차 이지더원,충남,84.9022,0.0
2021000343,아산 테크노밸리 6차 이지더원,충남,84.9673,0.0
2021000349,익산 푸르지오 더 퍼스트,전북,84.9654,0.0
2021000349,익산 푸르지오 더 퍼스트,전북,84.9852,0.0
2021000351,더샵 지제역 센트럴파크 1BL,경기,59.6236,0.0
2021000351,더샵 지제역 센트럴파크 1BL,경기,59.7656,0.0
2021000351,더샵 지제역 센트럴파크 1BL,경기,74.7312,0.0
2021000351,더샵 지제역 센트럴파크 1BL,경기,74.9744,0.0
2021000351,더샵 지제역 센트럴파크 1BL,경기,74.9929,0.0
2021000351,더샵 지제역 센트럴파크 1BL,경기,83.7111,0.0
2021000351,더샵 지제역 센트럴파크 1BL,경기,84.7982,0.0
2021000352,e편한세상 석림 더노블,충남,84.2717,0.0
2021000352,e편한세상 석림 더노블,충남,84.6387,0.0
2021000352,e편한세상 석림 더노블,충남,84.8549,0.0
2021000352,e편한세상 석림 더노블,충남,84.9209,0.0
2021000356,더샵 거제디클리브,경남,74.9759,0.0
2021000356,더샵 거제디클리브,경남,74.9775,0.0
2021000356,더샵 거제디클리브,경남,84.9933,0.0
2021000356,더샵 거제디클리브,경남,84.9954,0.0
2021000356,더샵 거제디클리브,경남,84.9981,0.0
2021000356,더샵 거제디클리브,경남,84.9988,0.0
2021000357,송도 아리스타 프라임,인천,41.1,39.0
2021000357,송도 아리스타 프라임,인천,77.07,41.0
2021000357,송도 아리스타 프라임,인천,80.3,57.0
2021000357,송도 아리스타 프라임,인천,82.53,53.0
2021000361,유블레스47 모현,전북,84.4386,0.0
2021000362,번영로 센텀파크 에일린의 뜰,울산,59.8432,0.0
2021000362,번영로 센텀파크 에일린의 뜰,울산,70.1712,0.0
2021000362,번영로 센텀파크 에일린의 뜰,울산,70.3274,0.0
2021000362,번영로 센텀파크 에일린의 뜰,울산,84.0887,0.0
2021000362,번영로 센텀파크 에일린의 뜰,울산,84.336,0.0
2021000368,시티오씨엘 1단지,인천,59.965,0.0
2021000368,시티오씨엘 1단지,인천,77.9196,0.0
2021000368,시티오씨엘 1단지,인천,84.9789,0.0
2021000368,시티오씨엘 1단지,인천,84.9849,0.0
2021000368,시티오씨엘 1단지,인천,102.9863,0.0
2021000368,시티오씨엘 1단지,인천,117.039,0.0
2021000368,시티오씨엘 1단지,인천,126.793,0.0
2021000370,경산아이파크,경북,84.8519,0.0
2021000370,경산아이파크,경북,84.9541,0.0
2021000379,서충주신도시 월드메르디앙 엔라체,충북,84.96,0.0
2021000381,오송역 파라곤 센트럴시티,충북,59.7397,0.0
2021000381,오송역 파라곤 센트럴시티,충북,59.8447,0.0
2021000381,오송역 파라곤 센트럴시티,충북,59.98,0.0
2021000381,오송역 파라곤 센트럴시티,충북,59.9822,0.0
2021000384,해링턴 플레이스 스마트밸리,충남,59.5744,0.0
2021000384,해링턴 플레이스 스마트밸리,충남,59.886,0.0
2021000384,해링턴 플레이스 스마트밸리,충남,71.3487,0.0
2021000384,해링턴 플레이스 스마트밸리,충남,71.5519,0.0
2021000384,해링턴 플레이스 스마트밸리,충남,84.4796,0.0
2021000384,해링턴 플레이스 스마트밸리,충남,84.8309,0.0
2021000386,석림 엘크루 에듀포레,충남,59.2738,0.0
2021000386,석림 엘크루 에듀포레,충남,67.5854,0.0
2021000386,석림 엘크루 에듀포레,충남,71.3473,0.0
2021000386,석림 엘크루 에듀포레,충남,80.0948,0.0
2021000386,석림 엘크루 에듀포레,충남,80.5127,0.0
2021000392,대전 해모로 더 센트라,대전,39.9179,0.0
2021000392,대전 해모로 더 센트라,대전,45.9607,0.0
2021000392,대전 해모로 더 센트라,대전,59.9647,0.0
2021000392,대전 해모로 더 센트라,대전,59.9785,0.0
2021000392,대전 해모로 더 센트라,대전,73.9544,0.0
2021000392,대전 해모로 더 센트라,대전,84.9567,0.0
2021000394,더샵 오산엘리포레,경기,59.98,0.0
2021000394,더샵 오산엘리포레,경기,75.54,0.0
2021000394,더샵 오산엘리포레,경기,75.77,0.0
2021000394,더샵 오산엘리포레,경기,84.9,0.0
2021000401,봉담자이 프라이드시티,경기,59.6481,0.0
2021000401,봉담자이 프라이드시티,경기,59.6538,0.0
2021000401,봉담자이 프라이드시티,경기,59.9227,0.0
2021000401,봉담자이 프라이드시티,경기,59.9982,0.0
2021000401,봉담자이 프라이드시티,경기,72.0163,0.0
2021000401,봉담자이 프라이드시티,경기,72.018,0.0
2021000401,봉담자이 프라이드시티,경기,72.0452,0.0
2021000401,봉담자이 프라이드시티,경기,72.6572,0.0
2021000401,봉담자이 프라이드시티,경기,72.6719,0.0
2021000401,봉담자이 프라이드시티,경기,84.3879,0.0
2021000401,봉담자이 프라이드시티,경기,84.7822,0.0
2021000401,봉담자이 프라이드시티,경기,105.3773,0.0
2021000404,힐스테이트 대구역 퍼스트,대구,84.6679,0.0
2021000407,춘천 파밀리에 리버파크,강원,59.9001,0.0
2021000407,춘천 파밀리에 리버파크,강원,59.9648,0.0
2021000407,춘천 파밀리에 리버파크,강원,59.9856,0.0
2021000407,춘천 파밀리에 리버파크,강원,84.7804,0.0
2021000407,춘천 파밀리에 리버파크,강원,84.8817,0.0
2021000407,춘천 파밀리에 리버파크,강원,84.9904,0.0
2021000411,당진 센트레빌 르네블루 2차,충남,59.9722,0.0
2021000411,당진 센트레빌 르네블루 2차,충남,74.9267,0.0
2021000411,당진 센트레빌 르네블루 2차,충남,74.9585,0.0
2021000411,당진 센트레빌 르네블루 2차,충남,84.9169,0.0
2021000411,당진 센트레빌 르네블루 2차,충남,84.9699,0.0
2021000413,초읍 하늘채 포레스원,부산,59.9424,0.0
2021000413,초읍 하늘채 포레스원,부산,59.994,0.0
2021000413,초읍 하늘채 포레스원,부산,84.9624,0.0
2021000414,북구청역 푸르지오 에듀포레,대구,78.5211,0.0
2021000414,북구청역 푸르지오 에듀포레,대구,84.9541,0.0
2021000416,용계역 푸르지오 아츠베르 1단지,대구,74.99,0.0
2021000418,래미안 원베일리,서울,46.93,0.0
2021000418,래미안 원베일리,서울,59.96,0.0
2021000418,래미안 원베일리,서울,74.92,0.0
2021000418,래미안 원베일리,서울,74.97,0.0
2021000419,파주 운정신도시 A11블록 중흥S-클래스 에듀하이,경기,59.9701,47.0
2021000419,파주 운정신도시 A11블록 중흥S-클래스 에듀하이,경기,84.939,44.0
2021000419,파주 운정신도시 A11블록 중흥S-클래스 에듀하이,경기,84.9873,49.0
2021000419,파주 운정신도시 A11블록 중흥S-클래스 에듀하이,경기,113.9742,45.0
2021000420,파주 운정신도시 A9블록 중흥S-클래스 에듀파크,경기,59.9701,34.0
2021000420,파주 운정신도시 A9블록 중흥S-클래스 에듀파크,경기,84.939,37.0
2021000420,파주 운정신도시 A9블록 중흥S-클래스 에듀파크,경기,84.9873,42.0
2021000422,에비뉴 청계 II,서울,16.79,0.0
2021000422,에비뉴 청계 II,서울,16.95,0.0
2021000422,에비뉴 청계 II,서울,17.04,0.0
2021000422,에비뉴 청계 II,서울,17.36,0.0
2021000422,에비뉴 청계 II,서울,27.37,0.0
2021000424,울산 온양발리 한양립스 더퍼스트,울산,68.6576,0.0
2021000433,양주 회천신도시 센트럴 아리스타,경기,84.9644,19.0
2021000433,양주 회천신도시 센트럴 아리스타,경기,84.9926,23.0
2021000434,대전역 대라수 어썸브릿지 1차,대전,84.75,0.0
2021000434,대전역 대라수 어썸브릿지 1차,대전,84.94,0.0
2021000435,대전역 대라수 어썸브릿지 2차,대전,84.75,0.0
2021000435,대전역 대라수 어썸브릿지 2차,대전,84.94,0.0
2021000436,목동모아엘가그랑데,대전,59.9392,0.0
2021000436,목동모아엘가그랑데,대전,62.7786,0.0
2021000436,목동모아엘가그랑데,대전,62.9868,0.0
2021000436,목동모아엘가그랑데,대전,77.6222,0.0
2021000436,목동모아엘가그랑데,대전,84.7783,0.0
2021000436,목동모아엘가그랑데,대전,84.8708,0.0
2021000437,오창 반도유보라 퍼스티지,충북,59.9721,0.0
2021000437,오창 반도유보라 퍼스티지,충북,74.5404,0.0
2021000437,오창 반도유보라 퍼스티지,충북,84.8453,0.0
2021000437,오창 반도유보라 퍼스티지,충북,84.9193,0.0
2021000437,오창 반도유보라 퍼스티지,충북,84.9654,0.0
2021000446,브이티스타일,서울,29.58,0.0
2021000446,브이티스타일,서울,40.43,0.0
2021000446,브이티스타일,서울,54.52,0.0
2021000446,브이티스타일,서울,54.56,0.0
2021000446,브이티스타일,서울,55.08,0.0
2021000446,브이티스타일,서울,55.18,0.0
2021000446,브이티스타일,서울,67.44,0.0
2021000446,브이티스타일,서울,68.39,0.0
2021000446,브이티스타일,서울,126.62,0.0
2021000448,창원 롯데캐슬 센텀골드,경남,59.9542,0.0
2021000448,창원 롯데캐슬 센텀골드,경남,74.9451,0.0
2021000448,창원 롯데캐슬 센텀골드,경남,84.9653,0.0
2021000448,창원 롯데캐슬 센텀골드,경남,84.9774,0.0
2021000456,한화 포레나 서충주,충북,77.4723,0.0
2021000456,한화 포레나 서충주,충북,84.9513,0.0
2021000456,한화 포레나 서충주,충북,84.977,0.0
2021000456,한화 포레나 서충주,충북,84.9986,0.0
2021000457,창원칸타빌 오션뷰,경남,63.8376,0.0
2021000457,창원칸타빌 오션뷰,경남,74.8693,0.0
2021000457,창원칸타빌 오션뷰,경남,74.8907,0.0
2021000462,파주 운정3지구 A10BL 제일풍경채 2차 그랑베뉴,경기,59.7577,36.0
2021000462,파주 운정3지구 A10BL 제일풍경채 2차 그랑베뉴,경기,59.7661,48.0
2021000462,파주 운정3지구 A10BL 제일풍경채 2차 그랑베뉴,경기,59.9577,44.0
2021000462,파주 운정3지구 A10BL 제일풍경채 2차 그랑베뉴,경기,59.9652,51.0
2021000462,파주 운정3지구 A10BL 제일풍경채 2차 그랑베뉴,경기,84.2682,50.0
2021000462,파주 운정3지구 A10BL 제일풍경채 2차 그랑베뉴,경기,84.9591,45.0
2021000462,파주 운정3지구 A10BL 제일풍경채 2차 그랑베뉴,경기,104.5207,46.0
2021000462,파주 운정3지구 A10BL 제일풍경채 2차 그랑베뉴,경기,104.9904,44.0
2021000465,교대역 푸르지오 트레힐즈,대구,59.9302,0.0
2021000465,교대역 푸르지오 트레힐즈,대구,59.995,0.0
2021000465,교대역 푸르지오 트레힐즈,대구,84.9362,0.0
2021000465,교대역 푸르지오 트레힐즈,대구,84.9946,0.0
2021000465,교대역 푸르지오 트레힐즈,대구,104.9247,0.0
2021000468,지행역 센트레빌 파크뷰,경기,84.933,0.0
2021000468,지행역 센트레빌 파크뷰,경기,84.9422,0.0
2021000469,힐스테이트 초곡,경북,59.76,0.0
2021000469,힐스테이트 초곡,경북,59.983,0.0
2021000469,힐스테이트 초곡,경북,74.638,0.0
2021000469,힐스테이트 초곡,경북,74.993,0.0
2021000469,힐스테이트 초곡,경북,76.843,0.0
2021000469,힐스테이트 초곡,경북,84.839,0.0
2021000469,힐스테이트 초곡,경북,84.856,0.0
2021000477,모아미래도 에듀파크,광주,66.3616,0.0
2021000477,모아미래도 에듀파크,광주,76.6084,0.0
2021000478,평촌 트리지아,경기,59.98,0.0
2021000478,평촌 트리지아,경기,59.99,0.0
2021000478,평촌 트리지아,경기,74.9,0.0
2021000482,태왕디아너스 오페라,대구,84.8822,0.0
2021000484,충주 모아미래도,충북,84.9682,0.0
2021000492,한화 포레나 부산덕천 2차,부산,59.9905,0.0
2021000492,한화 포레나 부산덕천 2차,부산,59.9984,0.0
2021000492,한화 포레나 부산덕천 2차,부산,74.7172,0.0
2021000494,부천 브라운스톤 원종,경기,49.97,0.0
2021000494,부천 브라운스톤 원종,경기,59.97,0.0
2021000494,부천 브라운스톤 원종,경기,84.97,0.0
2021000506,강릉 영진 코아루 휴티스 디오션,강원,84.96,0.0
2021000507,용인 명지대역 서희스타힐스 포레스트,경기,59.9752,0.0
2021000507,용인 명지대역 서희스타힐스 포레스트,경기,59.9957,0.0
2021000507,용인 명지대역 서희스타힐스 포레스트,경기,74.9987,0.0
2021000507,용인 명지대역 서희스타힐스 포레스트,경기,76.4926,0.0
2021000507,용인 명지대역 서희스타힐스 포레스트,경기,76.962,0.0
2021000507,용인 명지대역 서희스타힐스 포레스트,경기,84.4547,0.0
2021000515,신림스카이아파트,서울,35.71,0.0
2021000515,신림스카이아파트,서울,38.34,0.0
2021000515,신림스카이아파트,서울,45.85,0.0
2021000515,신림스카이아파트,서울,49.57,0.0
2021000515,신림스카이아파트,서울,50.46,0.0
2021000515,신림스카이아파트,서울,53.51,0.0
2021000515,신림스카이아파트,서울,55.34,0.0
2021000515,신림스카이아파트,서울,56.45,0.0
2021000515,신림스카이아파트,서울,56.46,0.0
2021000515,신림스카이아파트,서울,56.56,0.0
2021000516,e편한세상 강일 어반브릿지,서울,84.0505,69.0
2021000516,e편한세상 강일 어반브릿지,서울,84.0536,69.0
2021000516,e편한세상 강일 어반브릿지,서울,84.0593,0.0
2021000516,e편한세상 강일 어반브릿지,서울,84.0754,68.0
2021000516,e편한세상 강일 어반브릿지,서울,84.0835,70.0
2021000516,e편한세상 강일 어반브릿지,서울,84.0941,69.0
2021000516,e편한세상 강일 어반브릿지,서울,84.0964,70.0
2021000516,e편한세상 강일 어반브릿지,서울,84.1277,69.0
2021000516,e편한세상 강일 어반브릿지,서울,84.2087,69.0
2021000516,e편한세상 강일 어반브릿지,서울,84.241,69.0
2021000516,e편한세상 강일 어반브릿지,서울,84.2515,69.0
2021000516,e편한세상 강일 어반브릿지,서울,84.2718,69.0
2021000516,e편한세상 강일 어반브릿지,서울,84.2924,69.0
2021000516,e편한세상 강일 어반브릿지,서울,84.358,69.0
2021000516,e편한세상 강일 어반브릿지,서울,84.4162,69.0
2021000516,e편한세상 강일 어반브릿지,서울,84.5069,66.0
2021000516,e편한세상 강일 어반브릿지,서울,84.8514,69.0
2021000516,e편한세상 강일 어반브릿지,서울,101.0327,69.0
2021000516,e편한세상 강일 어반브릿지,서울,101.0459,69.0
2021000516,e편한세상 강일 어반브릿지,서울,101.0532,67.0
2021000516,e편한세상 강일 어반브릿지,서울,101.0619,69.0
2021000516,e편한세상 강일 어반브릿지,서울,101.0797,69.0
2021000516,e편한세상 강일 어반브릿지,서울,101.0804,68.0
2021000517,아산 한라비발디 스마트밸리,충남,54.8736,0.0
2021000517,아산 한라비발디 스마트밸리,충남,65.3007,0.0
2021000517,아산 한라비발디 스마트밸리,충남,65.4777,0.0
2021000517,아산 한라비발디 스마트밸리,충남,65.7289,0.0
2021000517,아산 한라비발디 스마트밸리,충남,75.7226,0.0
2021000517,아산 한라비발디 스마트밸리,충남,84.7415,0.0
2021000517,아산 한라비발디 스마트밸리,충남,84.9286,0.0
2021000520,이안 더 메트로,경기,67.7803,0.0
2021000520,이안 더 메트로,경기,68.1987,0.0
2021000520,이안 더 메트로,경기,69.7194,0.0
2021000522,양산 사송 더샵데시앙3차,경남,84.9815,0.0
2021000522,양산 사송 더샵데시앙3차,경남,84.9871,0.0
2021000522,양산 사송 더샵데시앙3차,경남,84.9898,0.0
2021000527,내포신도시 모아미래도 메가시티1차,충남,84.9957,0.0
2021000528,강릉 롯데캐슬 시그니처,강원,84.9242,0.0
2021000528,강릉 롯데캐슬 시그니처,강원,84.9366,0.0
2021000528,강릉 롯데캐슬 시그니처,강원,84.9972,0.0
2021000531,구미 송정 범양레우스 센트럴포레,경북,59.9605,0.0
2021000531,구미 송정 범양레우스 센트럴포레,경북,59.9928,0.0
2021000531,구미 송정 범양레우스 센트럴포레,경북,84.8936,0.0
2021000532,남천 세원 수,부산,52.9263,0.0
2021000532,남천 세원 수,부산,53.1743,0.0
2021000532,남천 세원 수,부산,53.8262,0.0
2021000533,힐스테이트 익산,전북,59.9458,0.0
2021000533,힐스테이트 익산,전북,84.5822,0.0
2021000533,힐스테이트 익산,전북,84.7959,0.0
2021000533,힐스테이트 익산,전북,84.9124,0.0
2021000533,힐스테이트 익산,전북,84.9787,0.0
2021000534,힐스테이트자이 계양,인천,53.8,0.0
2021000534,힐스테이트자이 계양,인천,53.83,0.0
2021000534,힐스테이트자이 계양,인천,53.94,0.0
2021000534,힐스테이트자이 계양,인천,59.79,0.0
2021000534,힐스테이트자이 계양,인천,59.86,0.0
2021000534,힐스테이트자이 계양,인천,84.5,0.0
2021000534,힐스테이트자이 계양,인천,84.53,0.0
2021000534,힐스테이트자이 계양,인천,84.81,0.0
2021000536,아시아드 삼정그린코아 더시티,부산,66.2324,0.0
2021000536,아시아드 삼정그린코아 더시티,부산,68.0982,0.0
2021000536,아시아드 삼정그린코아 더시티,부산,69.0237,0.0
2021000536,아시아드 삼정그린코아 더시티,부산,69.0984,0.0
2021000539,구미 푸르지오 센트럴파크,경북,84.909,0.0
2021000540,세종자이 더 시티,세종,84.0,63.0
2021000540,세종자이 더 시티,세종,84.8376,60.0
2021000540,세종자이 더 시티,세종,84.8604,69.0
2021000540,세종자이 더 시티,세종,84.9369,59.0
2021000540,세종자이 더 시티,세종,93.4318,70.0
2021000540,세종자이 더 시티,세종,93.5103,0.0
2021000540,세종자이 더 시티,세종,101.0,56.0
2021000540,세종자이 더 시티,세종,101.1965,58.0
2021000540,세종자이 더 시티,세종,101.4205,63.0
2021000540,세종자이 더 시티,세종,101.4532,65.0
2021000540,세종자이 더 시티,세종,101.5957,57.0
2021000540,세종자이 더 시티,세종,101.8207,60.0
2021000540,세종자이 더 시티,세종,105.9049,58.0
2021000540,세종자이 더 시티,세종,106.1841,0.0
2021000540,세종자이 더 시티,세종,108.0,69.0
2021000540,세종자이 더 시티,세종,108.1895,54.0
2021000540,세종자이 더 시티,세종,109.4287,61.0
2021000540,세종자이 더 시티,세종,109.9745,0.0
2021000540,세종자이 더 시티,세종,114.7885,57.0
2021000540,세종자이 더 시티,세종,114.8283,0.0
2021000540,세종자이 더 시티,세종,115.8007,58.0
2021000540,세종자이 더 시티,세종,117.2367,0.0
2021000540,세종자이 더 시티,세종,119.9725,65.0
2021000540,세종자이 더 시티,세종,122.2879,60.0
2021000540,세종자이 더 시티,세종,123.2137,52.0
2021000540,세종자이 더 시티,세종,124.0,60.0
2021000540,세종자이 더 시티,세종,124.2733,63.0
2021000540,세종자이 더 시티,세종,124.6827,58.0
2021000540,세종자이 더 시티,세종,125.2662,66.0
2021000540,세종자이 더 시티,세종,125.695,57.0
2021000540,세종자이 더 시티,세종,128.5964,58.0
2021000540,세종자이 더 시티,세종,136.1844,0.0
2021000540,세종자이 더 시티,세종,138.8464,57.0
2021000540,세종자이 더 시티,세종,138.8855,59.0
2021000540,세종자이 더 시티,세종,143.826,0.0
2021000540,세종자이 더 시티,세종,144.5009,59.0
2021000540,세종자이 더 시티,세종,153.1255,57.0
2021000540,세종자이 더 시티,세종,154.2968,0.0
2021000543,서대구역 센텀 화성파크드림,대구,59.9533,0.0
2021000543,서대구역 센텀 화성파크드림,대구,59.9785,0.0
2021000543,서대구역 센텀 화성파크드림,대구,74.8982,0.0
2021000543,서대구역 센텀 화성파크드림,대구,84.929,0.0
2021000543,서대구역 센텀 화성파크드림,대구,84.9957,0.0
2021000543,서대구역 센텀 화성파크드림,대구,99.4861,0.0
2021000549,충남내포신도시 이지더원 3차,충남,84.92,0.0
2021000549,충남내포신도시 이지더원 3차,충남,84.93,0.0
2021000549,충남내포신도시 이지더원 3차,충남,84.97,0.0
2021000554,아산 모종 리슈빌 더 스카이,충남,59.73,0.0
2021000554,아산 모종 리슈빌 더 스카이,충남,59.97,0.0
2021000554,아산 모종 리슈빌 더 스카이,충남,67.48,0.0
2021000556,검산 이지움 라프라임,전북,84.6825,0.0
2021000556,검산 이지움 라프라임,전북,84.7634,0.0
2021000557,고덕 하늘채 시그니처,경기,59.949,0.0
2021000557,고덕 하늘채 시그니처,경기,59.9717,0.0
2021000557,고덕 하늘채 시그니처,경기,84.7048,0.0
2021000558,함덕 천마에버하임오션,제주,34.9492,0.0
2021000561,외도 해담은 아파트,제주,82.1272,0.0
2021000561,외도 해담은 아파트,제주,82.8628,0.0
2021000561,외도 해담은 아파트,제주,83.4815,0.0
2021000562,남악신도시 오룡지구 41BL 중흥S-클래스 에듀파크,전남,84.9766,0.0
2021000562,남악신도시 오룡지구 41BL 중흥S-클래스 에듀파크,전남,84.9968,0.0
2021000563,여수 소호동 금호어울림 오션테라스,전남,84.9805,0.0
2021000563,여수 소호동 금호어울림 오션테라스,전남,89.0525,0.0
2021000563,여수 소호동 금호어울림 오션테라스,전남,101.0192,0.0
2021000566,포천 리버포레 세영리첼,경기,84.4966,0.0
2021000569,계양 서해그랑블 더테라스,인천,84.3001,0.0
2021000569,계양 서해그랑블 더테라스,인천,84.3084,0.0
2021000569,계양 서해그랑블 더테라스,인천,84.4405,0.0
2021000569,계양 서해그랑블 더테라스,인천,84.8452,0.0
2021000569,계양 서해그랑블 더테라스,인천,84.8589,0.0
2021000569,계양 서해그랑블 더테라스,인천,84.8672,0.0
2021000569,계양 서해그랑블 더테라스,인천,84.9773,0.0
2021000569,계양 서해그랑블 더테라스,인천,84.9889,0.0
2021000569,계양 서해그랑블 더테라스,인천,84.9938,0.0
2021000569,계양 서해그랑블 더테라스,인천,84.9972,0.0
2021000572,낙민역 삼정그린코아 더시티,부산,61.0026,0.0
2021000572,낙민역 삼정그린코아 더시티,부산,61.0392,0.0
2021000572,낙민역 삼정그린코아 더시티,부산,61.5456,0.0
2021000572,낙민역 삼정그린코아 더시티,부산,61.6038,0.0
2021000572,낙민역 삼정그린코아 더시티,부산,61.7782,0.0
2021000572,낙민역 삼정그린코아 더시티,부산,61.8928,0.0
2021000578,힐스테이트 봉담 프라이드시티,경기,59.6481,0.0
2021000578,힐스테이트 봉담 프라이드시티,경기,59.6538,0.0
2021000578,힐스테이트 봉담 프라이드시티,경기,59.9568,0.0
2021000578,힐스테이트 봉담 프라이드시티,경기,59.9982,0.0
2021000578,힐스테이트 봉담 프라이드시티,경기,72.0452,0.0
2021000578,힐스테이트 봉담 프라이드시티,경기,72.0506,0.0
2021000578,힐스테이트 봉담 프라이드시티,경기,72.6572,0.0
2021000578,힐스테이트 봉담 프라이드시티,경기,72.6719,0.0
2021000578,힐스테이트 봉담 프라이드시티,경기,72.759,0.0
2021000578,힐스테이트 봉담 프라이드시티,경기,84.3879,0.0
2021000578,힐스테이트 봉담 프라이드시티,경기,84.4409,0.0
2021000578,힐스테이트 봉담 프라이드시티,경기,84.5115,0.0
2021000578,힐스테이트 봉담 프라이드시티,경기,84.7822,0.0
2021000578,힐스테이트 봉담 프라이드시티,경기,105.3774,0.0
2021000579,더샵 청주센트럴,충북,39.25,0.0
2021000579,더샵 청주센트럴,충북,59.94,0.0
2021000579,더샵 청주센트럴,충북,59.98,0.0
2021000579,더샵 청주센트럴,충북,74.99,0.0
2021000579,더샵 청주센트럴,충북,84.96,0.0
2021000579,더샵 청주센트럴,충북,84.98,0.0
2021000580,더샵 광양베이센트,전남,84.6846,0.0
2021000580,더샵 광양베이센트,전남,84.8849,0.0
2021000580,더샵 광양베이센트,전남,84.9461,0.0
2021000581,효성해링턴 플레이스 상무역,광주,84.9661,0.0
2021000581,효성해링턴 플레이스 상무역,광주,84.9759,0.0
2021000581,효성해링턴 플레이스 상무역,광주,84.9812,0.0
2021000581,효성해링턴 플레이스 상무역,광주,84.9978,0.0
2021000581,효성해링턴 플레이스 상무역,광주,119.841,0.0
2021000581,효성해링턴 플레이스 상무역,광주,119.9945,0.0
2021000582,한화 포레나 수원원천,경기,66.8113,0.0
2021000582,한화 포레나 수원원천,경기,68.9883,0.0
2021000582,한화 포레나 수원원천,경기,84.997,0.0
2021000583,트리마제 양산 1단지,경남,65.9649,0.0
2021000583,트리마제 양산 1단지,경남,84.465,0.0
2021000584,트리마제 양산 2단지,경남,59.8008,0.0
2021000584,트리마제 양산 2단지,경남,84.465,0.0
2021000587,양산 평산 코아루 에듀포레,경남,59.9821,0.0
2021000587,양산 평산 코아루 에듀포레,경남,59.9931,0.0
2021000589,KTX 송도역 서해그랑블,인천,59.146,0.0
2021000591,의정부역 리버카운티아파트,경기,64.93,0.0
2021000591,의정부역 리버카운티아파트,경기,64.99,0.0
2021000591,의정부역 리버카운티아파트,경기,70.05,0.0
2021000596,광양 와우지구 A3블록 중흥S클래스,전남,84.9344,0.0
2021000600,더샵 천안레이크마크,충남,65.02,0.0
2021000600,더샵 천안레이크마크,충남,65.15,0.0
2021000600,더샵 천안레이크마크,충남,65.26,0.0
2021000600,더샵 천안레이크마크,충남,65.57,0.0
2021000600,더샵 천안레이크마크,충남,75.81,0.0
2021000600,더샵 천안레이크마크,충남,75.97,0.0
2021000601,우장산 한울에이치밸리움,서울,50.433,0.0
2021000601,우장산 한울에이치밸리움,서울,50.438,0.0
2021000601,우장산 한울에이치밸리움,서울,51.421,0.0
2021000601,우장산 한울에이치밸리움,서울,52.218,0.0
2021000601,우장산 한울에이치밸리움,서울,54.803,0.0
2021000603,무등산 한국아델리움 더힐 2단지,광주,60.5685,0.0
2021000603,무등산 한국아델리움 더힐 2단지,광주,60.7281,0.0
2021000603,무등산 한국아델리움 더힐 2단지,광주,84.9217,0.0
2021000603,무등산 한국아델리움 더힐 2단지,광주,84.9749,0.0
2021000605,시청역 동원시티비스타,부산,59.9919,0.0
2021000605,시청역 동원시티비스타,부산,69.2114,0.0
2021000605,시청역 동원시티비스타,부산,77.629,0.0
2021000606,전주 모아미래도바울루체,전북,84.2552,0.0
2021000606,전주 모아미래도바울루체,전북,84.7712,0.0
2021000606,전주 모아미래도바울루체,전북,84.9735,0.0
2021000610,홍성자이,충남,84.6218,0.0
2021000610,홍성자이,충남,84.8796,0.0
2021000616,파주 문산역 2차 동문 디 이스트,경기,59.9841,0.0
2021000616,파주 문산역 2차 동문 디 이스트,경기,84.9838,0.0
2021000617,시티오씨엘 4단지,인천,74.95,0.0
2021000617,시티오씨엘 4단지,인천,84.87,0.0
2021000617,시티오씨엘 4단지,인천,101.13,0.0
2021000623,양평 우방아이유쉘 에코리버,경기,77.8676,0.0
2021000623,양평 우방아이유쉘 에코리버,경기,77.9189,0.0
2021000625,태봉공원 푸르지오 파크몬트,경기,84.7824,0.0
2021000625,태봉공원 푸르지오 파크몬트,경기,84.9662,0.0
2021000625,태봉공원 푸르지오 파크몬트,경기,84.9718,0.0
2021000626,인천강화 서희스타힐스 1단지,인천,84.9495,0.0
2021000633,달서 SK VIEW,대구,74.6698,0.0
2021000634,안동 영무예다음 포레스트,경북,84.9419,0.0
2021000635,거제 반도유보라,경남,84.4086,0.0
2021000635,거제 반도유보라,경남,84.8494,0.0
2021000646,속초 동명 휴티스 오션시티,강원,59.598,0.0
2021000646,속초 동명 휴티스 오션시티,강원,59.844,0.0
2021000646,속초 동명 휴티스 오션시티,강원,59.913,0.0
2021000646,속초 동명 휴티스 오션시티,강원,59.95,0.0
2021000653,평촌 엘프라우드,경기,49.5923,0.0
2021000653,평촌 엘프라우드,경기,59.7632,0.0
2021000653,평촌 엘프라우드,경기,59.9793,0.0
2021000654,이천 빌리브 어바인시티 1BL,경기,84.325,0.0
2021000654,이천 빌리브 어바인시티 1BL,경기,84.616,0.0
2021000654,이천 빌리브 어바인시티 1BL,경기,84.707,0.0
2021000654,이천 빌리브 어바인시티 1BL,경기,84.804,0.0
2021000655,이천 빌리브 어바인시티 2BL,경기,84.325,0.0
2021000655,이천 빌리브 어바인시티 2BL,경기,84.616,0.0
2021000655,이천 빌리브 어바인시티 2BL,경기,84.707,0.0
2021000655,이천 빌리브 어바인시티 2BL,경기,84.804,0.0
2021000657,힐스테이트 광교중앙역 퍼스트,경기,60.9,64.0
2021000657,힐스테이트 광교중앙역 퍼스트,경기,60.97,65.0
2021000657,힐스테이트 광교중앙역 퍼스트,경기,69.92,69.0
2021000657,힐스테이트 광교중앙역 퍼스트,경기,84.56,69.0
2021000667,이천자이 더 파크,경기,59.9475,0.0
2021000667,이천자이 더 파크,경기,59.9904,0.0
2021000667,이천자이 더 파크,경기,84.8924,0.0
2021000667,이천자이 더 파크,경기,84.9299,0.0
2021000667,이천자이 더 파크,경기,84.9818,0.0
2021000667,이천자이 더 파크,경기,84.9855,0.0
2021000671,힐스테이트 가평 더뉴클래스,경기,59.9945,0.0
2021000671,힐스테이트 가평 더뉴클래스,경기,59.9947,0.0
2021000671,힐스테이트 가평 더뉴클래스,경기,84.9594,0.0
2021000671,힐스테이트 가평 더뉴클래스,경기,84.9709,0.0
2021000671,힐스테이트 가평 더뉴클래스,경기,84.975,0.0
2021000675,부암서희스타힐스,부산,59.9448,0.0
2021000675,부암서희스타힐스,부산,59.9525,0.0
2021000675,부암서희스타힐스,부산,65.0978,0.0
2021000675,부암서희스타힐스,부산,84.9099,0.0
2021000675,부암서희스타힐스,부산,84.9897,0.0
2021000676,동래 다솜시티,부산,48.8767,0.0
2021000676,동래 다솜시티,부산,51.3704,0.0
2021000676,동래 다솜시티,부산,66.1546,0.0
2021000677,동두천중앙역 엘크루 더퍼스트,경기,72.4132,0.0
2021000678,신경주 더 퍼스트 데시앙,경북,84.9249,0.0
2021000678,신경주 더 퍼스트 데시앙,경북,84.9646,0.0
2021000679,완주 이서 양우내안애 퍼스트힐,전북,59.9322,0.0
2021000679,완주 이서 양우내안애 퍼스트힐,전북,74.2722,0.0
2021000679,완주 이서 양우내안애 퍼스트힐,전북,84.9674,0.0
2021000680,은어송 하늘채 리버뷰,대전,59.9307,0.0
2021000680,은어송 하늘채 리버뷰,대전,76.6182,0.0
2021000680,은어송 하늘채 리버뷰,대전,84.926,0.0
2021000680,은어송 하늘채 리버뷰,대전,84.9598,0.0
2021000681,원주기업도시 EG the1 3차,강원,59.8867,0.0
2021000681,원주기업도시 EG the1 3차,강원,59.9673,0.0
2021000681,원주기업도시 EG the1 3차,강원,84.6445,0.0
2021000681,원주기업도시 EG the1 3차,강원,84.9507,0.0
2021000682,오산 세교2지구 A-4블록 중흥S-클래스 에듀파크,경기,59.9706,32.0
2021000682,오산 세교2지구 A-4블록 중흥S-클래스 에듀파크,경기,59.9784,46.0
2021000682,오산 세교2지구 A-4블록 중흥S-클래스 에듀파크,경기,59.9854,29.0
2021000682,오산 세교2지구 A-4블록 중흥S-클래스 에듀파크,경기,72.961,52.0
2021000682,오산 세교2지구 A-4블록 중흥S-클래스 에듀파크,경기,72.9637,39.0
2021000682,오산 세교2지구 A-4블록 중흥S-클래스 에듀파크,경기,84.9818,58.0
2021000682,오산 세교2지구 A-4블록 중흥S-클래스 에듀파크,경기,84.9865,50.0
2021000683,오산 세교2지구 A-9블록 중흥S-클래스 에듀하이,경기,77.9957,36.0
2021000683,오산 세교2지구 A-9블록 중흥S-클래스 에듀하이,경기,77.9977,46.0
2021000683,오산 세교2지구 A-9블록 중흥S-클래스 에듀하이,경기,84.9818,49.0
2021000683,오산 세교2지구 A-9블록 중흥S-클래스 에듀하이,경기,84.9885,47.0
2021000686,안성아양 흥화하브,경기,84.91,21.0
2021000686,안성아양 흥화하브,경기,84.9704,19.0
2021000686,안성아양 흥화하브,경기,84.972,16.0
2021000686,안성아양 흥화하브,경기,84.9836,15.0
2021000686,안성아양 흥화하브,경기,84.986,13.0
2021000686,안성아양 흥화하브,경기,84.9872,30.0
2021000687,주안역 센트레빌,인천,47.9558,0.0
2021000687,주안역 센트레빌,인천,47.9816,0.0
2021000687,주안역 센트레빌,인천,59.9698,0.0
2021000687,주안역 센트레빌,인천,59.9712,0.0
2021000687,주안역 센트레빌,인천,59.9824,0.0
2021000687,주안역 센트레빌,인천,74.9245,0.0
2021000687,주안역 센트레빌,인천,74.9691,0.0
2021000687,주안역 센트레빌,인천,84.8145,0.0
2021000695,강릉 교동하늘채 스카이파크,강원,84.828,0.0
2021000695,강릉 교동하늘채 스카이파크,강원,84.8689,0.0
2021000695,강릉 교동하늘채 스카이파크,강원,84.9668,0.0
2021000696,지제 더샵 센트럴파크,경기,59.6236,0.0
2021000696,지제 더샵 센트럴파크,경기,59.7656,0.0
2021000696,지제 더샵 센트럴파크,경기,74.7312,0.0
2021000696,지제 더샵 센트럴파크,경기,74.9744,0.0
2021000696,지제 더샵 센트럴파크,경기,74.9929,0.0
2021000696,지제 더샵 센트럴파크,경기,83.7111,0.0
2021000696,지제 더샵 센트럴파크,경기,84.7982,0.0
2021000697,거제 미소지움 더퍼스트,부산,59.8278,0.0
2021000697,거제 미소지움 더퍼스트,부산,84.9589,0.0
2021000697,거제 미소지움 더퍼스트,부산,84.9897,0.0
2021000698,경주 황성 베스티움 프레스티지,경북,75.9897,0.0
2021000698,경주 황성 베스티움 프레스티지,경북,84.9152,0.0
2021000698,경주 황성 베스티움 프레스티지,경북,84.9538,0.0
2021000699,송도 대경스위트리아 파크뷰,인천,46.6,43.0
2021000699,송도 대경스위트리아 파크뷰,인천,52.398,45.0
2021000699,송도 대경스위트리아 파크뷰,인천,53.28,40.0
2021000699,송도 대경스위트리아 파크뷰,인천,58.041,50.0
2021000700,안산 한신더휴,경기,59.415,0.0
2021000700,안산 한신더휴,경기,59.9324,0.0
2021000700,안산 한신더휴,경기,59.9499,0.0
2021000700,안산 한신더휴,경기,84.7391,0.0
2021000704,여주역 센트레빌 트리니체,경기,66.8499,0.0
2021000704,여주역 센트레빌 트리니체,경기,66.9687,0.0
2021000704,여주역 센트레빌 트리니체,경기,76.6971,0.0
2021000707,평택 지제역 동문 디 이스트(5단지),경기,84.9366,0.0
2021000707,평택 지제역 동문 디 이스트(5단지),경기,84.9882,0.0
2021000707,평택 지제역 동문 디 이스트(5단지),경기,84.9942,0.0
2021000708,더샵 하남에디피스,경기,39.449,0.0
2021000708,더샵 하남에디피스,경기,39.51,0.0
2021000708,더샵 하남에디피스,경기,50.199,0.0
2021000708,더샵 하남에디피스,경기,59.882,0.0
2021000708,더샵 하남에디피스,경기,59.98,0.0
2021000708,더샵 하남에디피스,경기,74.642,0.0
2021000708,더샵 하남에디피스,경기,84.874,0.0
2021000710,신진주역세권 데시앙,경남,84.9301,0.0
2021000710,신진주역세권 데시앙,경남,84.9786,0.0
2021000721,남구 진아리채 리센츠,광주,84.763,0.0
2021000721,남구 진아리채 리센츠,광주,84.8989,0.0
2021000721,남구 진아리채 리센츠,광주,84.9741,0.0
2021000721,남구 진아리채 리센츠,광주,84.9913,0.0
2021000722,장유자이 더 파크,경남,59.7288,0.0
2021000722,장유자이 더 파크,경남,59.7355,0.0
2021000722,장유자이 더 파크,경남,78.5312,0.0
2021000722,장유자이 더 파크,경남,84.3186,0.0
2021000722,장유자이 더 파크,경남,84.5614,0.0
2021000722,장유자이 더 파크,경남,84.7313,0.0
2021000725,더샵 진주피에르테,경남,74.9969,0.0
2021000725,더샵 진주피에르테,경남,84.9656,0.0
2021000725,더샵 진주피에르테,경남,84.9871,0.0
2021000726,동해자이,강원,84.9356,0.0
2021000726,동해자이,강원,84.9468,0.0
2021000727,용인 경남아너스빌 디센트 H2BL(1단지),경기,84.6367,0.0
2021000727,용인 경남아너스빌 디센트 H2BL(1단지),경기,84.9114,0.0
2021000728,용인 경남아너스빌 디센트 H3BL(2단지),경기,84.6367,0.0
2021000728,용인 경남아너스빌 디센트 H3BL(2단지),경기,84.9114,0.0
2021000729,용인 경남아너스빌 디센트 H4BL(3단지),경기,84.6367,0.0
2021000729,용인 경남아너스빌 디센트 H4BL(3단지),경기,84.9114,0.0
2021000731,한화 포레나 제주중문,제주,76.8886,0.0
2021000731,한화 포레나 제주중문,제주,84.9366,0.0
2021000731,한화 포레나 제주중문,제주,84.9685,0.0
2021000736,포항 아이파크,경북,75.9101,0.0
2021000736,포항 아이파크,경북,84.5134,0.0
2021000736,포항 아이파크,경북,84.9827,0.0
2021000736,포항 아이파크,경북,84.9913,0.0
2021000748,오포자이 오브제 C-1BL,경기,62.9691,0.0
2021000748,오포자이 오브제 C-1BL,경기,74.7276,0.0
2021000748,오포자이 오브제 C-1BL,경기,74.9676,0.0
2021000748,오포자이 오브제 C-1BL,경기,74.9678,0.0
2021000748,오포자이 오브제 C-1BL,경기,84.8537,0.0
2021000748,오포자이 오브제 C-1BL,경기,84.9658,0.0
2021000748,오포자이 오브제 C-1BL,경기,84.9959,0.0
2021000748,오포자이 오브제 C-1BL,경기,104.9454,0.0
2021000749,남원2차 오투그란데 디아트,전북,59.9463,0.0
2021000749,남원2차 오투그란데 디아트,전북,66.4104,0.0
2021000750,송학동3차 예다음,전북,84.9899,0.0
2021000751,이안 퍼스티엄 이천부발,경기,75.1109,0.0
2021000751,이안 퍼스티엄 이천부발,경기,75.5251,0.0
2021000751,이안 퍼스티엄 이천부발,경기,75.7971,0.0
2021000751,이안 퍼스티엄 이천부발,경기,75.9909,0.0
2021000751,이안 퍼스티엄 이천부발,경기,84.5604,0.0
2021000751,이안 퍼스티엄 이천부발,경기,84.8222,0.0
2021000752,춘천 학곡지구 모아엘가 그랑데,강원,84.925,0.0
2021000752,춘천 학곡지구 모아엘가 그랑데,강원,84.9584,0.0
2021000752,춘천 학곡지구 모아엘가 그랑데,강원,84.966,0.0
2021000760,내포신도시 RH-3블록 중흥S클래스 더시티,충남,84.9642,0.0
2021000761,시지 센트레빌,대구,72.665,0.0
2021000761,시지 센트레빌,대구,78.2006,0.0
2021000761,시지 센트레빌,대구,84.983,0.0
2021000765,오치동 광신프로그레스,광주,57.0107,0.0
2021000765,오치동 광신프로그레스,광주,84.4843,0.0
2021000770,송도 센트럴파크 리버리치,인천,84.007,50.0
2021000770,송도 센트럴파크 리버리치,인천,84.069,37.0
2021000770,송도 센트럴파크 리버리치,인천,84.3712,41.0
2021000770,송도 센트럴파크 리버리치,인천,84.5118,48.0
2021000770,송도 센트럴파크 리버리치,인천,84.5448,57.0
2021000770,송도 센트럴파크 리버리치,인천,84.875,45.0
2021000770,송도 센트럴파크 리버리치,인천,84.9168,36.0
2021000770,송도 센트럴파크 리버리치,인천,84.937,51.0
2021000775,은파 오투그란데 레이크원,전북,59.8631,0.0
2021000775,은파 오투그란데 레이크원,전북,84.9111,0.0
2021000775,은파 오투그란데 레이크원,전북,84.9706,0.0
2021000777,부산 에코델타시티 한양수자인,부산,102.0221,0.0
2021000777,부산 에코델타시티 한양수자인,부산,107.8421,0.0
2021000777,부산 에코델타시티 한양수자인,부산,132.2489,0.0
2021000777,부산 에코델타시티 한양수자인,부산,132.4631,0.0
2021000777,부산 에코델타시티 한양수자인,부산,132.9686,0.0
2021000780,운정신도시 푸르지오 파르세나,경기,59.847,50.0
2021000780,운정신도시 푸르지오 파르세나,경기,59.9559,44.0
2021000780,운정신도시 푸르지오 파르세나,경기,59.9659,45.0
2021000780,운정신도시 푸르지오 파르세나,경기,59.97,49.0
2021000780,운정신도시 푸르지오 파르세나,경기,84.7106,54.0
2021000780,운정신도시 푸르지오 파르세나,경기,84.921,59.0
2021000780,운정신도시 푸르지오 파르세나,경기,84.9646,63.0
2021000780,운정신도시 푸르지오 파르세나,경기,84.982,57.0
2021000782,첨단 센트럴시티 서희스타힐스,광주,72.9962,0.0
2021000782,첨단 센트럴시티 서희스타힐스,광주,79.7094,0.0
2021000782,첨단 센트럴시티 서희스타힐스,광주,84.928,0.0
2021000784,대전 하늘채 엘센트로,대전,59.9617,0.0
2021000784,대전 하늘채 엘센트로,대전,59.9736,0.0
2021000784,대전 하늘채 엘센트로,대전,74.9947,0.0
2021000784,대전 하늘채 엘센트로,대전,84.9913,0.0
2021000790,반월역 두산위브 더 센트럴,경기,59.8029,0.0
2021000790,반월역 두산위브 더 센트럴,경기,59.9464,0.0
2021000790,반월역 두산위브 더 센트럴,경기,75.997,0.0
2021000790,반월역 두산위브 더 센트럴,경기,79.9924,0.0
2021000792,양수역 이지움 리버뷰,경기,84.79,0.0
2021000793,학익 SK VIEW,인천,59.9209,0.0
2021000793,학익 SK VIEW,인천,59.9482,0.0
2021000793,학익 SK VIEW,인천,74.7244,0.0
2021000793,학익 SK VIEW,인천,74.7584,0.0
2021000793,학익 SK VIEW,인천,84.9908,0.0
2021000793,학익 SK VIEW,인천,84.9912,0.0
2021000794,광주 행정타운 아이파크,경기,84.9091,0.0
2021000794,광주 행정타운 아이파크,경기,84.9927,0.0
2021000794,광주 행정타운 아이파크,경기,84.9939,0.0
2021000794,광주 행정타운 아이파크,경기,99.5304,0.0
2021000795,경주자이르네,경북,84.793,0.0
2021000795,경주자이르네,경북,84.919,0.0
2021000795,경주자이르네,경북,84.9789,0.0
2021000796,센트럴운암 모아엘가 트레뷰,광주,84.5044,0.0
2021000796,센트럴운암 모아엘가 트레뷰,광주,84.5199,0.0
2021000796,센트럴운암 모아엘가 트레뷰,광주,84.826,0.0
2021000796,센트럴운암 모아엘가 트레뷰,광주,84.8857,0.0
2021000796,센트럴운암 모아엘가 트레뷰,광주,84.9636,0.0
2021000796,센트럴운암 모아엘가 트레뷰,광주,89.6962,0.0
2021000796,센트럴운암 모아엘가 트레뷰,광주,90.4831,0.0
2021000796,센트럴운암 모아엘가 트레뷰,광주,91.2064,0.0
2021000796,센트럴운암 모아엘가 트레뷰,광주,92.379,0.0
2021000796,센트럴운암 모아엘가 트레뷰,광주,93.1117,0.0
2021000796,센트럴운암 모아엘가 트레뷰,광주,95.0146,0.0
2021000796,센트럴운암 모아엘가 트레뷰,광주,96.6882,0.0
2021000796,센트럴운암 모아엘가 트레뷰,광주,114.7231,0.0
2021000799,양산사송지구B-2BL 사송신도시 제일풍경채 퍼스트파크,경남,84.9544,0.0
2021000799,양산사송지구B-2BL 사송신도시 제일풍경채 퍼스트파크,경남,84.9552,0.0
2021000801,대봉 서한이다음,대구,99.7273,0.0
2021000802,힐스테이트 앞산 센트럴,대구,84.89,0.0
2021000803,두산위브더제니스 센트럴 여의,인천,52.93,0.0
2021000803,두산위브더제니스 센트럴 여의,인천,59.81,0.0
2021000803,두산위브더제니스 센트럴 여의,인천,59.97,0.0
2021000803,두산위브더제니스 센트럴 여의,인천,62.97,0.0
2021000803,두산위브더제니스 센트럴 여의,인천,72.61,0.0
2021000803,두산위브더제니스 센트럴 여의,인천,72.83,0.0
2021000803,두산위브더제니스 센트럴 여의,인천,72.92,0.0
2021000803,두산위브더제니스 센트럴 여의,인천,84.76,0.0
2021000803,두산위브더제니스 센트럴 여의,인천,84.97,0.0
2021000803,두산위브더제니스 센트럴 여의,인천,84.98,0.0
2021000803,두산위브더제니스 센트럴 여의,인천,109.33,0.0
2021000806,과천 한양수자인,경기,59.9152,0.0
2021000806,과천 한양수자인,경기,59.9396,0.0
2021000806,과천 한양수자인,경기,59.9615,0.0
2021000806,과천 한양수자인,경기,84.5609,0.0
2021000806,과천 한양수자인,경기,84.9172,0.0
2021000807,남원주역세권A1 호반써밋 원주역,강원,62.964,0.0
2021000807,남원주역세권A1 호반써밋 원주역,강원,84.9587,0.0
2021000807,남원주역세권A1 호반써밋 원주역,강원,84.9687,0.0
2021000808,더 센트럴 화성파크드림,대구,61.6537,0.0
2021000808,더 센트럴 화성파크드림,대구,61.9738,0.0
2021000808,더 센트럴 화성파크드림,대구,84.9354,0.0
2021000814,부산에코델타 7BL 호반써밋,부산,84.8888,0.0
2021000814,부산에코델타 7BL 호반써밋,부산,84.9146,0.0
2021000814,부산에코델타 7BL 호반써밋,부산,84.9365,0.0
2021000816,금촌역 신일해피트리 더루츠,경기,57.3187,0.0
2021000816,금촌역 신일해피트리 더루츠,경기,59.7155,0.0
2021000820,화성파크드림 공주월송,충남,84.9739,0.0
2021000822,신진주역세권 B-1BL 우미린,경남,84.986,0.0
2021000822,신진주역세권 B-1BL 우미린,경남,84.9888,0.0
2021000825,파주 운정3지구 A7BL 제일풍경채 3차 그랑포레,경기,84.9404,54.0
2021000825,파주 운정3지구 A7BL 제일풍경채 3차 그랑포레,경기,84.9863,56.0
2021000825,파주 운정3지구 A7BL 제일풍경채 3차 그랑포레,경기,84.9958,52.0
2021000825,파주 운정3지구 A7BL 제일풍경채 3차 그랑포레,경기,118.9928,50.0
2021000826,군산 신역세권 우미린 센텀오션,전북,84.8681,0.0
2021000826,군산 신역세권 우미린 센텀오션,전북,84.8707,0.0
2021000826,군산 신역세권 우미린 센텀오션,전북,84.9163,0.0
2021000827,GTX 운정 금강펜테리움 센트럴파크,경기,84.7064,59.0
2021000827,GTX 운정 금강펜테리움 센트럴파크,경기,84.8692,59.0
2021000827,GTX 운정 금강펜테리움 센트럴파크,경기,84.8736,60.0
2021000828,수원 하늘채 더퍼스트 1단지,경기,59.92,0.0
2021000828,수원 하늘채 더퍼스트 1단지,경기,59.96,0.0
2021000828,수원 하늘채 더퍼스트 1단지,경기,74.88,0.0
2021000828,수원 하늘채 더퍼스트 1단지,경기,74.92,0.0
2021000828,수원 하늘채 더퍼스트 1단지,경기,84.94,0.0
2021000828,수원 하늘채 더퍼스트 1단지,경기,84.96,0.0
2021000829,구서역 포르투나,부산,50.9432,0.0
2021000829,구서역 포르투나,부산,51.0868,0.0
2021000829,구서역 포르투나,부산,51.9447,0.0
2021000829,구서역 포르투나,부산,77.7477,0.0
2021000830,송도자이 더 스타,인천,84.0,36.0
2021000830,송도자이 더 스타,인천,84.7098,28.0
2021000830,송도자이 더 스타,인천,84.9559,37.0
2021000830,송도자이 더 스타,인천,84.9964,28.0
2021000830,송도자이 더 스타,인천,97.6414,49.0
2021000830,송도자이 더 스타,인천,99.0,46.0
2021000830,송도자이 더 스타,인천,99.7748,51.0
2021000830,송도자이 더 스타,인천,99.8725,48.0
2021000830,송도자이 더 스타,인천,99.9742,48.0
2021000830,송도자이 더 스타,인천,103.9728,69.0
2021000830,송도자이 더 스타,인천,104.8719,48.0
2021000830,송도자이 더 스타,인천,105.0454,0.0
2021000830,송도자이 더 스타,인천,107.0657,33.0
2021000830,송도자이 더 스타,인천,107.9607,0.0
2021000830,송도자이 더 스타,인천,111.3754,36.0
2021000830,송도자이 더 스타,인천,112.6599,55.0
2021000830,송도자이 더 스타,인천,118.9899,61.0
2021000830,송도자이 더 스타,인천,133.499,0.0
2021000830,송도자이 더 스타,인천,144.6744,57.0
2021000830,송도자이 더 스타,인천,151.3362,0.0
2021000831,북수원 하우스토리,경기,59.855,0.0
2021000831,북수원 하우스토리,경기,59.897,0.0
2021000831,북수원 하우스토리,경기,59.944,0.0
2021000831,북수원 하우스토리,경기,59.988,0.0
2021000831,북수원 하우스토리,경기,71.778,0.0
2021000831,북수원 하우스토리,경기,84.968,0.0
2021000831,북수원 하우스토리,경기,84.976,0.0
2021000831,북수원 하우스토리,경기,84.987,0.0
2021000831,북수원 하우스토리,경기,84.988,0.0
2021000831,북수원 하우스토리,경기,84.989,0.0
2021000832,김해 내덕지구 중흥S-클래스 더퍼스트,경남,59.9221,0.0
2021000832,김해 내덕지구 중흥S-클래스 더퍼스트,경남,76.602,0.0
2021000832,김해 내덕지구 중흥S-클래스 더퍼스트,경남,76.9489,0.0
2021000832,김해 내덕지구 중흥S-클래스 더퍼스트,경남,84.9985,0.0
2021000832,김해 내덕지구 중흥S-클래스 더퍼스트,경남,84.9996,0.0
2021000833,수원 하늘채 더퍼스트 2단지,경기,59.92,0.0
2021000833,수원 하늘채 더퍼스트 2단지,경기,59.96,0.0
2021000833,수원 하늘채 더퍼스트 2단지,경기,74.88,0.0
2021000833,수원 하늘채 더퍼스트 2단지,경기,74.92,0.0
2021000833,수원 하늘채 더퍼스트 2단지,경기,84.96,0.0
2021000835,화성동탄2 제일풍경채 퍼스티어,경기,101.9722,58.0
2021000835,화성동탄2 제일풍경채 퍼스티어,경기,101.9777,62.0
2021000836,이안 센트럴포레 장유 1단지,경남,59.9365,0.0
2021000836,이안 센트럴포레 장유 1단지,경남,59.9616,0.0
2021000836,이안 센트럴포레 장유 1단지,경남,59.9814,0.0
2021000836,이안 센트럴포레 장유 1단지,경남,84.9638,0.0
2021000837,이안 센트럴포레 장유 2단지,경남,59.9365,0.0
2021000837,이안 센트럴포레 장유 2단지,경남,59.9616,0.0
2021000837,이안 센트럴포레 장유 2단지,경남,59.9814,0.0
2021000837,이안 센트럴포레 장유 2단지,경남,84.9638,0.0
2021000838,브라운스톤 더 프라임,인천,59.3534,0.0
2021000838,브라운스톤 더 프라임,인천,59.5699,0.0
2021000838,브라운스톤 더 프라임,인천,74.1924,0.0
2021000838,브라운스톤 더 프라임,인천,74.4273,0.0
2021000839,이안 더 센트로 의정부,경기,84.3216,0.0
2021000842,천안 극동스타클래스 더퍼스트,충남,59.9912,0.0
2021000842,천안 극동스타클래스 더퍼스트,충남,74.9463,0.0
2021000842,천안 극동스타클래스 더퍼스트,충남,74.9864,0.0
2021000844,김해 장유역 한라비발디 센트로,경남,76.3928,0.0
2021000844,김해 장유역 한라비발디 센트로,경남,76.54,0.0
2021000844,김해 장유역 한라비발디 센트로,경남,84.8474,0.0
2021000846,이천 휴먼빌 에듀파크시티,경기,59.9783,0.0
2021000846,이천 휴먼빌 에듀파크시티,경기,84.9703,0.0
2021000846,이천 휴먼빌 에듀파크시티,경기,84.9922,0.0
2021000847,더 리치먼드 평창,강원,84.9489,0.0
2021000849,사천 엘크루 센텀포레,경남,84.9053,0.0
2021000850,힐스테이트 오룡 42블록,전남,84.9321,0.0
2021000850,힐스테이트 오룡 42블록,전남,84.9339,0.0
2021000850,힐스테이트 오룡 42블록,전남,84.9589,0.0
2021000851,힐스테이트 오룡 45블록,전남,84.9321,0.0
2021000851,힐스테이트 오룡 45블록,전남,84.9339,0.0
2021000851,힐스테이트 오룡 45블록,전남,84.9589,0.0
2021000853,내포신도시 반도유보라 마크에디션,충남,84.8443,0.0
2021000853,내포신도시 반도유보라 마크에디션,충남,84.8822,0.0
2021000855,구미 푸르지오 엘리포레시티1블록,경북,84.9404,0.0
2021000855,구미 푸르지오 엘리포레시티1블록,경북,84.976,0.0
2021000855,구미 푸르지오 엘리포레시티1블록,경북,84.9803,0.0
2021000855,구미 푸르지오 엘리포레시티1블록,경북,84.9944,0.0
2021000856,구미 푸르지오 엘리포레시티2블록,경북,84.9404,0.0
2021000856,구미 푸르지오 엘리포레시티2블록,경북,84.976,0.0
2021000856,구미 푸르지오 엘리포레시티2블록,경북,84.9803,0.0
2021000856,구미 푸르지오 엘리포레시티2블록,경북,84.9944,0.0
2021000857,힐스테이트 대연 센트럴,부산,59.864,0.0
2021000857,힐스테이트 대연 센트럴,부산,74.937,0.0
2021000857,힐스테이트 대연 센트럴,부산,74.9533,0.0
2021000857,힐스테이트 대연 센트럴,부산,84.9611,0.0
2021000859,안성 공도 스타허브 서희스타힐스,경기,59.9764,0.0
2021000859,안성 공도 스타허브 서희스타힐스,경기,59.9941,0.0
2021000859,안성 공도 스타허브 서희스타힐스,경기,74.779,0.0
2021000859,안성 공도 스타허브 서희스타힐스,경기,84.9851,0.0
2021000861,아산탕정지구2-A3블록 탕정역 예미지,충남,74.2166,0.0
2021000861,아산탕정지구2-A3블록 탕정역 예미지,충남,74.2838,0.0
2021000861,아산탕정지구2-A3블록 탕정역 예미지,충남,84.2589,0.0
2021000861,아산탕정지구2-A3블록 탕정역 예미지,충남,84.6132,0.0
2021000862,쌍용 더 플래티넘 광주,경기,59.8004,0.0
2021000862,쌍용 더 플래티넘 광주,경기,59.9739,0.0
2021000862,쌍용 더 플래티넘 광주,경기,73.5338,0.0
2021000862,쌍용 더 플래티넘 광주,경기,73.8508,0.0
2021000862,쌍용 더 플래티넘 광주,경기,84.4933,0.0
2021000862,쌍용 더 플래티넘 광주,경기,84.9908,0.0
2021000864,더샵 남양산센텀포레,경남,59.9705,0.0
2021000864,더샵 남양산센텀포레,경남,59.9879,0.0
2021000864,더샵 남양산센텀포레,경남,74.9496,0.0
2021000864,더샵 남양산센텀포레,경남,74.9876,0.0
2021000864,더샵 남양산센텀포레,경남,84.9886,0.0
2021000865,익산 제일풍경채 센트럴파크,전북,59.6629,0.0
2021000865,익산 제일풍경채 센트럴파크,전북,74.8539,0.0
2021000865,익산 제일풍경채 센트럴파크,전북,84.7209,0.0
2021000865,익산 제일풍경채 센트럴파크,전북,84.8277,0.0
2021000865,익산 제일풍경채 센트럴파크,전북,84.9368,0.0
2021000866,창원 감계 데시앙,경남,59.8318,0.0
2021000866,창원 감계 데시앙,경남,72.9082,0.0
2021000866,창원 감계 데시앙,경남,84.8941,0.0
2021000866,창원 감계 데시앙,경남,84.9332,0.0
2021000868,대전 씨엘리오 스위첸,대전,81.912,0.0
2021000868,대전 씨엘리오 스위첸,대전,83.945,0.0
2021000868,대전 씨엘리오 스위첸,대전,83.9451,0.0
2021000874,e편한세상 신곡 파크프라임,경기,84.845,0.0
2021000874,e편한세상 신곡 파크프라임,경기,84.9426,0.0
2021000874,e편한세상 신곡 파크프라임,경기,84.9594,0.0
2021000875,봉선 유탑메트로시티,광주,65.287,0.0
2021000875,봉선 유탑메트로시티,광주,65.5857,0.0
2021000876,순천 오네뜨센트럴,전남,84.956,0.0
2021000876,순천 오네뜨센트럴,전남,84.9617,0.0
2021000876,순천 오네뜨센트럴,전남,110.998,0.0
2021000876,순천 오네뜨센트럴,전남,111.7211,0.0
2021000876,순천 오네뜨센트럴,전남,117.0128,0.0
2021000876,순천 오네뜨센트럴,전남,120.6483,0.0
2021000878,미륵산 더 테라스 오투그란데 2차,전북,84.9625,0.0
2021000879,두류 중흥S-클래스 센텀포레,대구,59.8198,0.0
2021000881,힐스테이트 초월역 1BL,경기,59.7725,0.0
2021000881,힐스테이트 초월역 1BL,경기,59.9515,0.0
2021000881,힐스테이트 초월역 1BL,경기,74.7999,0.0
2021000881,힐스테이트 초월역 1BL,경기,74.8118,0.0
2021000881,힐스테이트 초월역 1BL,경기,74.825,0.0
2021000881,힐스테이트 초월역 1BL,경기,74.8867,0.0
2021000881,힐스테이트 초월역 1BL,경기,74.9743,0.0
2021000881,힐스테이트 초월역 1BL,경기,74.9803,0.0
2021000881,힐스테이트 초월역 1BL,경기,84.9436,0.0
2021000881,힐스테이트 초월역 1BL,경기,84.9636,0.0
2021000882,힐스테이트 초월역 2BL,경기,64.8587,0.0
2021000882,힐스테이트 초월역 2BL,경기,64.989,0.0
2021000882,힐스테이트 초월역 2BL,경기,74.7999,0.0
2021000882,힐스테이트 초월역 2BL,경기,74.8118,0.0
2021000882,힐스테이트 초월역 2BL,경기,74.8867,0.0
2021000882,힐스테이트 초월역 2BL,경기,84.9436,0.0
2021000882,힐스테이트 초월역 2BL,경기,84.9893,0.0
2021000883,더샵 송도아크베이(B3BL),인천,84.2,58.0
2021000883,더샵 송도아크베이(B3BL),인천,84.81,57.0
2021000883,더샵 송도아크베이(B3BL),인천,98.06,64.0
2021000883,더샵 송도아크베이(B3BL),인천,112.3,38.0
2021000883,더샵 송도아크베이(B3BL),인천,121.06,17.0
2021000883,더샵 송도아크베이(B3BL),인천,121.18,47.0
2021000883,더샵 송도아크베이(B3BL),인천,155.33,45.0
2021000883,더샵 송도아크베이(B3BL),인천,168.73,64.0
2021000883,더샵 송도아크베이(B3BL),인천,179.42,64.0
2021000887,당진 푸르지오 클라테르,충남,74.9975,0.0
2021000887,당진 푸르지오 클라테르,충남,84.9831,0.0
2021000887,당진 푸르지오 클라테르,충남,84.9858,0.0
2021000887,당진 푸르지오 클라테르,충남,84.9971,0.0
2021000891,해링턴플레이스 안암,서울,49.56,0.0
2021000891,해링턴플레이스 안암,서울,75.24,0.0
2021000891,해링턴플레이스 안암,서울,75.65,0.0
2021000891,해링턴플레이스 안암,서울,75.99,0.0
2021000891,해링턴플레이스 안암,서울,84.83,0.0
2021000891,해링턴플레이스 안암,서울,84.95,0.0
2021000893,인천 청라국제도시 A-4블록 인천청라 시티프라디움,인천,84.994,51.0
2021000893,인천 청라국제도시 A-4블록 인천청라 시티프라디움,인천,84.9995,54.0
2021000895,천안 성성 비스타동원,충남,84.9617,0.0
2021000895,천안 성성 비스타동원,충남,84.9915,0.0
2021000895,천안 성성 비스타동원,충남,101.5098,0.0
2021000897,인천 영종하늘도시 A25BL 대성베르힐,인천,84.1579,35.0
2021000897,인천 영종하늘도시 A25BL 대성베르힐,인천,84.3391,41.0
2021000897,인천 영종하늘도시 A25BL 대성베르힐,인천,84.6853,40.0
2021000897,인천 영종하늘도시 A25BL 대성베르힐,인천,84.7341,32.0
2021000901,힐스테이트 소사역,경기,74.9494,0.0
2021000901,힐스테이트 소사역,경기,80.9527,0.0
2021000901,힐스테이트 소사역,경기,84.921,0.0
2021000901,힐스테이트 소사역,경기,84.9285,0.0
2021000901,힐스테이트 소사역,경기,84.9562,0.0
2021000901,힐스테이트 소사역,경기,84.9766,0.0
2021000901,힐스테이트 소사역,경기,84.9887,0.0
2021000901,힐스테이트 소사역,경기,84.9992,0.0
2021000902,부평역 해링턴 플레이스,인천,59.606,0.0
2021000902,부평역 해링턴 플레이스,인천,59.867,0.0
2021000902,부평역 해링턴 플레이스,인천,59.929,0.0
2021000902,부평역 해링턴 플레이스,인천,72.873,0.0
2021000902,부평역 해링턴 플레이스,인천,72.99,0.0
2021000902,부평역 해링턴 플레이스,인천,84.818,0.0
2021000902,부평역 해링턴 플레이스,인천,84.938,0.0
2021000902,부평역 해링턴 플레이스,인천,84.968,0.0
2021000906,더퍼스트시티 송도,인천,39.6513,19.0
2021000906,더퍼스트시티 송도,인천,44.2024,0.0
2021000906,더퍼스트시티 송도,인천,48.2207,10.0
2021000906,더퍼스트시티 송도,인천,54.0307,0.0
2021000906,더퍼스트시티 송도,인천,57.7775,0.0
2021000906,더퍼스트시티 송도,인천,63.4007,0.0
2021000906,더퍼스트시티 송도,인천,63.7924,0.0
2021000906,더퍼스트시티 송도,인천,64.925,22.0
2021000911,제일풍경채 검단Ⅰ,인천,84.7571,58.0
2021000911,제일풍경채 검단Ⅰ,인천,84.8181,56.0
2021000911,제일풍경채 검단Ⅰ,인천,84.9789,55.0
2021000911,제일풍경채 검단Ⅰ,인천,111.6084,51.0
2021000912,인천 청라국제도시 A-3블록 호반베르디움,인천,84.9281,67.0
2021000912,인천 청라국제도시 A-3블록 호반베르디움,인천,84.9297,50.0
2021000912,인천 청라국제도시 A-3블록 호반베르디움,인천,84.9958,53.0
2021000917,사하 삼정그린코아 더시티,부산,64.7798,0.0
2021000917,사하 삼정그린코아 더시티,부산,76.054,0.0
2021000917,사하 삼정그린코아 더시티,부산,76.562,0.0
2021000917,사하 삼정그린코아 더시티,부산,84.1218,0.0
2021000918,동탄2신도시 A62블록 호반써밋 동탄,경기,74.9655,56.0
2021000918,동탄2신도시 A62블록 호반써밋 동탄,경기,84.7367,56.0
2021000918,동탄2신도시 A62블록 호반써밋 동탄,경기,84.8404,58.0
2021000920,홍천극동스타클래스,강원,76.924,0.0
2021000920,홍천극동스타클래스,강원,76.954,0.0
2021000920,홍천극동스타클래스,강원,84.902,0.0
2021000921,화성 송산 동원로얄듀크 파크,경기,59.9559,0.0
2021000921,화성 송산 동원로얄듀크 파크,경기,59.9734,0.0
2021000921,화성 송산 동원로얄듀크 파크,경기,82.1344,0.0
2021000921,화성 송산 동원로얄듀크 파크,경기,84.5993,0.0
2021000921,화성 송산 동원로얄듀크 파크,경기,84.7827,0.0
2021000921,화성 송산 동원로얄듀크 파크,경기,84.9003,0.0
2021000921,화성 송산 동원로얄듀크 파크,경기,84.9631,0.0
2021000921,화성 송산 동원로얄듀크 파크,경기,90.9392,0.0
2021000921,화성 송산 동원로얄듀크 파크,경기,111.3781,0.0
2021000921,화성 송산 동원로얄듀크 파크,경기,123.0091,0.0
2021000926,동대구역 센텀 화성파크드림,대구,84.9432,0.0
2021000930,북서울자이 폴라리스,서울,38.9233,0.0
2021000930,북서울자이 폴라리스,서울,42.9794,0.0
2021000930,북서울자이 폴라리스,서울,51.911,0.0
2021000930,북서울자이 폴라리스,서울,59.6389,0.0
2021000930,북서울자이 폴라리스,서울,59.8269,0.0
2021000930,북서울자이 폴라리스,서울,59.9546,0.0
2021000930,북서울자이 폴라리스,서울,59.9701,0.0
2021000930,북서울자이 폴라리스,서울,84.8654,0.0
2021000930,북서울자이 폴라리스,서울,84.9585,0.0
2021000930,북서울자이 폴라리스,서울,84.9625,0.0
2021000930,북서울자이 폴라리스,서울,112.9104,0.0
2021000938,울산 뉴시티 에일린의 뜰 2차,울산,84.8384,0.0
2021000938,울산 뉴시티 에일린의 뜰 2차,울산,84.9393,0.0
2021000938,울산 뉴시티 에일린의 뜰 2차,울산,84.9521,0.0
2021000939,부천 원종 아이원시티,경기,70.12,0.0
2021000939,부천 원종 아이원시티,경기,70.56,0.0
2021000939,부천 원종 아이원시티,경기,73.7,0.0
2021000939,부천 원종 아이원시티,경기,74.61,0.0
2021000939,부천 원종 아이원시티,경기,74.62,0.0
2021000939,부천 원종 아이원시티,경기,75.6,0.0
2021000939,부천 원종 아이원시티,경기,76.79,0.0
2021000939,부천 원종 아이원시티,경기,84.85,0.0
2021000941,오산 라온프라이빗 스위트,경기,84.9617,0.0
2021000941,오산 라온프라이빗 스위트,경기,84.9623,0.0
2021000941,오산 라온프라이빗 스위트,경기,84.9651,0.0
2021000941,오산 라온프라이빗 스위트,경기,84.9654,0.0
2021000945,구미 인동 하늘채 디어반,경북,76.7116,0.0
2021000945,구미 인동 하늘채 디어반,경북,84.9175,0.0
2021000945,구미 인동 하늘채 디어반,경북,84.9694,0.0
2021000947,김천 푸르지오 더 퍼스트,경북,74.8687,0.0
2021000947,김천 푸르지오 더 퍼스트,경북,84.6058,0.0
2021000947,김천 푸르지오 더 퍼스트,경북,84.9453,0.0
2021000953,강릉역 경남아너스빌 더 센트로,강원,59.6657,0.0
2021000953,강릉역 경남아너스빌 더 센트로,강원,59.9458,0.0
2021000953,강릉역 경남아너스빌 더 센트로,강원,84.9907,0.0
2021000955,힐스테이트 평택 더퍼스트,경기,59.96,0.0
2021000955,힐스테이트 평택 더퍼스트,경기,74.86,0.0
2021000955,힐스테이트 평택 더퍼스트,경기,76.89,0.0
2021000955,힐스테이트 평택 더퍼스트,경기,84.88,0.0
2021000955,힐스테이트 평택 더퍼스트,경기,84.94,0.0
2021000955,힐스테이트 평택 더퍼스트,경기,84.96,0.0
2021000956,익산자이 그랜드파크,전북,84.7505,0.0
2021000956,익산자이 그랜드파크,전북,84.9132,0.0
2021000956,익산자이 그랜드파크,전북,84.9797,0.0
2021000957,제주 이도일동 벨라시티 프리미어,제주,78.2635,0.0
2021000957,제주 이도일동 벨라시티 프리미어,제주,80.4254,0.0
2021000957,제주 이도일동 벨라시티 프리미어,제주,84.3557,0.0
2021000957,제주 이도일동 벨라시티 프리미어,제주,84.881,0.0
2021000958,용문역 리체스트,대전,54.4753,0.0
2021000958,용문역 리체스트,대전,77.1786,0.0
2021000958,용문역 리체스트,대전,81.8348,0.0
2021000961,음성 푸르지오 더 퍼스트,충북,74.7838,0.0
2021000961,음성 푸르지오 더 퍼스트,충북,84.8364,0.0
2021000961,음성 푸르지오 더 퍼스트,충북,84.8971,0.0
2021000962,오산 세교2지구 A1블록 호반써밋 그랜빌 Ⅱ,경기,84.8374,52.0
2021000962,오산 세교2지구 A1블록 호반써밋 그랜빌 Ⅱ,경기,84.9135,56.0
2021000962,오산 세교2지구 A1블록 호반써밋 그랜빌 Ⅱ,경기,84.99,50.0
2021000962,오산 세교2지구 A1블록 호반써밋 그랜빌 Ⅱ,경기,111.5889,51.0
2021000964,안양 어반포레 자연앤 e편한세상(민영),경기,98.8172,0.0
2021000964,안양 어반포레 자연앤 e편한세상(민영),경기,98.996,0.0
2021000969,창원 두산위브 더센트럴,경남,59.9834,0.0
2021000969,창원 두산위브 더센트럴,경남,59.9857,0.0
2021000969,창원 두산위브 더센트럴,경남,84.9811,0.0
2021000969,창원 두산위브 더센트럴,경남,84.9841,0.0
2021000970,효성해링턴 플레이스 안성 공도,경기,75.9892,0.0
2021000970,효성해링턴 플레이스 안성 공도,경기,84.9857,0.0
2021000971,펜타힐즈 푸르지오 2차,경북,74.8195,0.0
2021000971,펜타힐즈 푸르지오 2차,경북,84.9789,0.0
2021000971,펜타힐즈 푸르지오 2차,경북,84.9829,0.0
2021000971,펜타힐즈 푸르지오 2차,경북,101.4447,0.0
2021000973,남원 월락 유탑 유블레스 킹덤,전북,84.943,0.0
2021000973,남원 월락 유탑 유블레스 킹덤,전북,84.9749,0.0
2021000974,계양 동도센트리움 골든베이,인천,59.807,0.0
2021000974,계양 동도센트리움 골든베이,인천,72.135,0.0
2021000978,포항자이 애서턴,경북,84.9146,0.0
2021000978,포항자이 애서턴,경북,84.9253,0.0
2021000978,포항자이 애서턴,경북,84.9409,0.0
2021000978,포항자이 애서턴,경북,84.9684,0.0
2021000979,호반써밋 포레센트 천안 삼룡1지구,충남,76.9435,0.0
2021000979,호반써밋 포레센트 천안 삼룡1지구,충남,76.9908,0.0
2021000979,호반써밋 포레센트 천안 삼룡1지구,충남,76.9956,0.0
2021000979,호반써밋 포레센트 천안 삼룡1지구,충남,84.8877,0.0
2021000979,호반써밋 포레센트 천안 삼룡1지구,충남,84.9652,0.0
2021000979,호반써밋 포레센트 천안 삼룡1지구,충남,84.9751,0.0
2021000979,호반써밋 포레센트 천안 삼룡1지구,충남,129.0957,0.0
2021000979,호반써밋 포레센트 천안 삼룡1지구,충남,144.6206,0.0
2021000980,광주탄벌 서희스타힐스1단지,경기,59.7462,0.0
2021000980,광주탄벌 서희스타힐스1단지,경기,59.9557,0.0
2021000980,광주탄벌 서희스타힐스1단지,경기,59.9591,0.0
2021000980,광주탄벌 서희스타힐스1단지,경기,72.9042,0.0
2021000980,광주탄벌 서희스타힐스1단지,경기,72.9545,0.0
2021000982,광주탄벌 서희스타힐스2단지,경기,59.9553,0.0
2021000982,광주탄벌 서희스타힐스2단지,경기,59.9681,0.0
2021000982,광주탄벌 서희스타힐스2단지,경기,59.9807,0.0
2021000985,엘리프세종,세종,59.9901,0.0
2021000985,엘리프세종,세종,84.9081,0.0
2021000985,엘리프세종,세종,84.9224,0.0
2021000985,엘리프세종,세종,84.9737,0.0
2021000985,엘리프세종,세종,84.9846,0.0
2021000985,엘리프세종,세종,84.9849,0.0
2021000985,엘리프세종,세종,84.9976,0.0
2021000988,평촌자이아이파크,경기,39.9368,0.0
2021000988,평촌자이아이파크,경기,84.9856,0.0
2021000988,평촌자이아이파크,경기,84.989,0.0
2021000990,쌍용 더 플래티넘 오시리아,부산,84.3791,0.0
2021000990,쌍용 더 플래티넘 오시리아,부산,84.855,0.0
2021000990,쌍용 더 플래티넘 오시리아,부산,84.9051,0.0
2021000990,쌍용 더 플래티넘 오시리아,부산,84.988,0.0
2021000992,신천역 한라비발디,경기,84.0616,0.0
2021000992,신천역 한라비발디,경기,84.705,0.0
2021000992,신천역 한라비발디,경기,84.7324,0.0
2021000992,신천역 한라비발디,경기,84.8137,0.0
2021000992,신천역 한라비발디,경기,111.6752,0.0
2021000992,신천역 한라비발디,경기,111.6914,0.0
2021000992,신천역 한라비발디,경기,111.8323,0.0
2021000992,신천역 한라비발디,경기,111.9114,0.0
2021000994,남악 오룡지구 39BL 오룡 푸르지오 파르세나,전남,84.937,0.0
2021000994,남악 오룡지구 39BL 오룡 푸르지오 파르세나,전남,84.9867,0.0
2021000994,남악 오룡지구 39BL 오룡 푸르지오 파르세나,전남,84.9904,0.0
2021000994,남악 오룡지구 39BL 오룡 푸르지오 파르세나,전남,84.9967,0.0
2021000995,남악 오룡지구 40BL 오룡 푸르지오 파르세나,전남,84.937,0.0
2021000995,남악 오룡지구 40BL 오룡 푸르지오 파르세나,전남,84.9867,0.0
2021000995,남악 오룡지구 40BL 오룡 푸르지오 파르세나,전남,84.9904,0.0
2021000995,남악 오룡지구 40BL 오룡 푸르지오 파르세나,전남,84.9967,0.0
2021000995,남악 오룡지구 40BL 오룡 푸르지오 파르세나,전남,84.9981,0.0
2021000996,인천 신흥동 3가 숭의역 엘크루,인천,59.1269,0.0
2021000996,인천 신흥동 3가 숭의역 엘크루,인천,59.1771,0.0
2021000996,인천 신흥동 3가 숭의역 엘크루,인천,84.5341,0.0
2021000997,한화 포레나 천안노태 1단지,충남,84.4818,0.0
2021000997,한화 포레나 천안노태 1단지,충남,84.7772,0.0
2021000997,한화 포레나 천안노태 1단지,충남,84.8125,0.0
2021000997,한화 포레나 천안노태 1단지,충남,84.8877,0.0
2021000997,한화 포레나 천안노태 1단지,충남,114.8327,0.0
2021000997,한화 포레나 천안노태 1단지,충남,114.869,0.0
2021000997,한화 포레나 천안노태 1단지,충남,114.9995,0.0
2021000998,한화 포레나 천안노태 2단지,충남,84.4818,0.0
2021000998,한화 포레나 천안노태 2단지,충남,84.7772,0.0
2021000998,한화 포레나 천안노태 2단지,충남,84.8125,0.0
2021000998,한화 포레나 천안노태 2단지,충남,84.8877,0.0
2021000998,한화 포레나 천안노태 2단지,충남,114.8327,0.0
2021000998,한화 포레나 천안노태 2단지,충남,114.9995,0.0
2021001004,광주 방림 골드클래스,광주,84.6729,0.0
2021001004,광주 방림 골드클래스,광주,84.6746,0.0
2021001004,광주 방림 골드클래스,광주,123.567,0.0
2021001007,래미안 포레스티지,부산,49.9769,0.0
2021001007,래미안 포레스티지,부산,59.9808,0.0
2021001007,래미안 포레스티지,부산,59.9818,0.0
2021001007,래미안 포레스티지,부산,59.9835,0.0
2021001007,래미안 포레스티지,부산,59.9836,0.0
2021001007,래미안 포레스티지,부산,72.7218,0.0
2021001007,래미안 포레스티지,부산,72.7828,0.0
2021001007,래미안 포레스티지,부산,72.9138,0.0
2021001007,래미안 포레스티지,부산,72.9792,0.0
2021001007,래미안 포레스티지,부산,84.9736,0.0
2021001007,래미안 포레스티지,부산,84.9836,0.0
2021001007,래미안 포레스티지,부산,84.984,0.0
2021001007,래미안 포레스티지,부산,84.9849,0.0
2021001007,래미안 포레스티지,부산,84.9936,0.0
2021001007,래미안 포레스티지,부산,84.9963,0.0
2021001007,래미안 포레스티지,부산,97.7331,0.0
2021001007,래미안 포레스티지,부산,115.9982,0.0
2021001007,래미안 포레스티지,부산,132.575,0.0
2021001011,더샵 청주그리니티,충북,63.7997,0.0
2021001011,더샵 청주그리니티,충북,84.7214,0.0
2021001011,더샵 청주그리니티,충북,84.7621,0.0
2021001011,더샵 청주그리니티,충북,99.3857,0.0
2021001011,더샵 청주그리니티,충북,99.8624,0.0
2021001011,더샵 청주그리니티,충북,140.5182,0.0
2021001011,더샵 청주그리니티,충북,160.8827,0.0
2021001011,더샵 청주그리니티,충북,170.5368,0.0
2021001012,첨단 프라임시티 서희스타힐스,광주,72.9899,0.0
2021001012,첨단 프라임시티 서희스타힐스,광주,84.9385,0.0
2021001019,한화 포레나 포항 2차,경북,84.9151,0.0
2021520001,평택 고덕국제신도시 A-49블록 호반써밋III (사전청약),경기,84.52,57.0
2021520001,평택 고덕국제신도시 A-49블록 호반써밋III (사전청약),경기,84.8687,59.0
2021520001,평택 고덕국제신도시 A-49블록 호반써밋III (사전청약),경기,84.9339,62.0
2021520001,평택 고덕국제신도시 A-49블록 호반써밋III (사전청약),경기,100.5371,57.0
2021520002,오산세교2 A14BL 우미린(사전청약),경기,59.9595,19.0
2021520002,오산세교2 A14BL 우미린(사전청약),경기,59.983,14.0
2021520002,오산세교2 A14BL 우미린(사전청약),경기,59.9884,15.0
2021520002,오산세교2 A14BL 우미린(사전청약),경기,59.9938,12.0
2021520002,오산세교2 A14BL 우미린(사전청약),경기,72.9573,27.0
2021520002,오산세교2 A14BL 우미린(사전청약),경기,84.9732,38.0
2021520003,부산 장안지구 중흥S-클래스(사전청약),부산,84.8719,0.0
2021520004,인천 검단신도시 AB20-2블록 중흥S-클래스(사전청약),인천,72.9511,51.0
2021520004,인천 검단신도시 AB20-2블록 중흥S-클래스(사전청약),인천,72.9531,55.0
2021520004,인천 검단신도시 AB20-2블록 중흥S-클래스(사전청약),인천,84.5032,56.0
2021520004,인천 검단신도시 AB20-2블록 중흥S-클래스(사전청약),인천,84.8058,46.0
2021520004,인천 검단신도시 AB20-2블록 중흥S-클래스(사전청약),인천,101.9971,52.0
2021520004,인천 검단신도시 AB20-2블록 중흥S-클래스(사전청약),인천,147.3586,60.0
2021520005,인천 검단신도시 AB20-1블록 제일풍경채 검단Ⅲ(사전청약),인천,84.8495,45.0
2021520005,인천 검단신도시 AB20-1블록 제일풍경채 검단Ⅲ(사전청약),인천,84.9718,46.0
2021520005,인천 검단신도시 AB20-1블록 제일풍경채 검단Ⅲ(사전청약),인천,84.9815,50.0
2021520005,인천 검단신도시 AB20-1블록 제일풍경채 검단Ⅲ(사전청약),인천,115.7953,47.0
2021520005,인천 검단신도시 AB20-1블록 제일풍경채 검단Ⅲ(사전청약),인천,115.9391,46.0
2021520006,인천 검단신도시 AB19블록 호반써밋V(사전청약),인천,84.6346,46.0
2021520006,인천 검단신도시 AB19블록 호반써밋V(사전청약),인천,84.6407,51.0
2021520006,인천 검단신도시 AB19블록 호반써밋V(사전청약),인천,84.6771,46.0
2021520007,평택 고덕국제신도시 A-46BL 디에트르(사전청약),경기,84.9714,60.0
2021520007,평택 고덕국제신도시 A-46BL 디에트르(사전청약),경기,84.9735,57.0
2021520007,평택 고덕국제신도시 A-46BL 디에트르(사전청약),경기,84.9745,58.0
2021520007,평택 고덕국제신도시 A-46BL 디에트르(사전청약),경기,111.905,53.0
2021520007,평택 고덕국제신도시 A-46BL 디에트르(사전청약),경기,111.9561,60.0
2021520007,평택 고덕국제신도시 A-46BL 디에트르(사전청약),경기,115.574,59.0
2022000001,해링턴 플레이스 휴리움,대전,59.6839,0.0
2022000001,해링턴 플레이스 휴리움,대전,59.9595,0.0
2022000001,해링턴 플레이스 휴리움,대전,59.9896,0.0
2022000001,해링턴 플레이스 휴리움,대전,74.7993,0.0
2022000001,해링턴 플레이스 휴리움,대전,74.9524,0.0
2022000001,해링턴 플레이스 휴리움,대전,84.9502,0.0
2022000001,해링턴 플레이스 휴리움,대전,84.9543,0.0
2022000003,두산위브 광주센트럴파크,경기,59.7334,0.0
2022000003,두산위브 광주센트럴파크,경기,84.4041,0.0
2022000005,힐스테이트 몬테로이 1BL,경기,59.991,0.0
2022000005,힐스테이트 몬테로이 1BL,경기,76.775,0.0
2022000005,힐스테이트 몬테로이 1BL,경기,84.459,0.0
2022000005,힐스테이트 몬테로이 1BL,경기,84.522,0.0
2022000005,힐스테이트 몬테로이 1BL,경기,84.654,0.0
2022000005,힐스테이트 몬테로이 1BL,경기,84.838,0.0
2022000005,힐스테이트 몬테로이 1BL,경기,84.846,0.0
2022000005,힐스테이트 몬테로이 1BL,경기,84.899,0.0
2022000006,힐스테이트 몬테로이 2BL,경기,59.804,0.0
2022000006,힐스테이트 몬테로이 2BL,경기,59.843,0.0
2022000006,힐스테이트 몬테로이 2BL,경기,59.879,0.0
2022000006,힐스테이트 몬테로이 2BL,경기,59.991,0.0
2022000006,힐스테이트 몬테로이 2BL,경기,76.775,0.0
2022000006,힐스테이트 몬테로이 2BL,경기,84.459,0.0
2022000006,힐스테이트 몬테로이 2BL,경기,84.522,0.0
2022000006,힐스테이트 몬테로이 2BL,경기,84.654,0.0
2022000006,힐스테이트 몬테로이 2BL,경기,84.838,0.0
2022000006,힐스테이트 몬테로이 2BL,경기,84.846,0.0
2022000006,힐스테이트 몬테로이 2BL,경기,84.899,0.0
2022000007,힐스테이트 몬테로이 3BL,경기,59.804,0.0
2022000007,힐스테이트 몬테로이 3BL,경기,59.879,0.0
2022000007,힐스테이트 몬테로이 3BL,경기,59.991,0.0
2022000007,힐스테이트 몬테로이 3BL,경기,76.558,0.0
2022000007,힐스테이트 몬테로이 3BL,경기,76.775,0.0
2022000007,힐스테이트 몬테로이 3BL,경기,84.459,0.0
2022000007,힐스테이트 몬테로이 3BL,경기,84.846,0.0
2022000007,힐스테이트 몬테로이 3BL,경기,84.899,0.0
2022000008,이천 센트레빌 레이크뷰,경기,84.7719,0.0
2022000008,이천 센트레빌 레이크뷰,경기,84.9268,0.0
2022000008,이천 센트레빌 레이크뷰,경기,84.9653,0.0
2022000016,의정부역 월드메르디앙 스마트시티,경기,63.7342,0.0
2022000016,의정부역 월드메르디앙 스마트시티,경기,65.0781,0.0
2022000016,의정부역 월드메르디앙 스마트시티,경기,65.4427,0.0
2022000022,송도 Luxe Ocean SK VIEW,인천,84.9577,23.0
2022000022,송도 Luxe Ocean SK VIEW,인천,84.962,0.0
2022000022,송도 Luxe Ocean SK VIEW,인천,84.9673,31.0
2022000022,송도 Luxe Ocean SK VIEW,인천,84.9833,0.0
2022000022,송도 Luxe Ocean SK VIEW,인천,84.9935,0.0
2022000022,송도 Luxe Ocean SK VIEW,인천,88.9401,35.0
2022000022,송도 Luxe Ocean SK VIEW,인천,96.2846,43.0
2022000022,송도 Luxe Ocean SK VIEW,인천,97.8381,47.0
2022000022,송도 Luxe Ocean SK VIEW,인천,104.7358,39.0
2022000022,송도 Luxe Ocean SK VIEW,인천,105.8212,29.0
2022000022,송도 Luxe Ocean SK VIEW,인천,130.7783,32.0
2022000022,송도 Luxe Ocean SK VIEW,인천,137.6076,0.0
2022000022,송도 Luxe Ocean SK VIEW,인천,141.9062,0.0
2022000022,송도 Luxe Ocean SK VIEW,인천,143.8954,0.0
2022000024,광주 백운광장역 천년가 헤리시티,광주,84.9664,0.0
2022000026,화성비봉 공공주택지구 B2블록 호반 써밋,경기,72.9162,20.0
2022000026,화성비봉 공공주택지구 B2블록 호반 써밋,경기,72.9564,16.0
2022000026,화성비봉 공공주택지구 B2블록 호반 써밋,경기,84.914,17.0
2022000026,화성비봉 공공주택지구 B2블록 호반 써밋,경기,84.9428,27.0
2022000029,오산세교 한양수자인,경기,45.8136,0.0
2022000029,오산세교 한양수자인,경기,45.9629,0.0
2022000029,오산세교 한양수자인,경기,59.9079,0.0
2022000029,오산세교 한양수자인,경기,59.9779,0.0
2022000029,오산세교 한양수자인,경기,64.8095,0.0
2022000029,오산세교 한양수자인,경기,64.922,0.0
2022000029,오산세교 한양수자인,경기,84.9338,0.0
2022000029,오산세교 한양수자인,경기,84.944,0.0
2022000030,포항자이 디오션,경북,84.85,0.0
2022000030,포항자이 디오션,경북,84.92,0.0
2022000030,포항자이 디오션,경북,84.97,0.0
2022000031,센트레빌 아스테리움 영등포,서울,49.0972,0.0
2022000031,센트레빌 아스테리움 영등포,서울,56.277,0.0
2022000031,센트레빌 아스테리움 영등포,서울,59.9953,0.0
2022000032,지제역 푸르지오 엘리아츠,경기,84.2702,0.0
2022000032,지제역 푸르지오 엘리아츠,경기,84.7027,0.0
2022000032,지제역 푸르지오 엘리아츠,경기,84.8271,0.0
2022000038,한화 포레나 청주매봉,충북,74.3296,0.0
2022000038,한화 포레나 청주매봉,충북,74.9151,0.0
2022000038,한화 포레나 청주매봉,충북,84.8211,0.0
2022000038,한화 포레나 청주매봉,충북,84.983,0.0
2022000038,한화 포레나 청주매봉,충북,104.7174,0.0
2022000045,힐스테이트 통영,경남,59.9653,0.0
2022000045,힐스테이트 통영,경남,84.7798,0.0
2022000050,e편한세상 안성 그랑루체,경기,67.9792,0.0
2022000051,신영지웰 에스테이트 개봉역,서울,39.1136,0.0
2022000051,신영지웰 에스테이트 개봉역,서울,44.0497,0.0
2022000051,신영지웰 에스테이트 개봉역,서울,59.1202,0.0
2022000051,신영지웰 에스테이트 개봉역,서울,59.9525,0.0
2022000051,신영지웰 에스테이트 개봉역,서울,59.9717,0.0
2022000062,이천 마장택지지구 B1블럭 휴먼빌까사포레,경기,62.758,41.0
2022000062,이천 마장택지지구 B1블럭 휴먼빌까사포레,경기,65.102,30.0
2022000062,이천 마장택지지구 B1블럭 휴먼빌까사포레,경기,84.967,36.0
2022000063,서광교 파크뷰,경기,41.18,0.0
2022000063,서광교 파크뷰,경기,44.56,0.0
2022000063,서광교 파크뷰,경기,59.33,0.0
2022000063,서광교 파크뷰,경기,59.73,0.0
2022000063,서광교 파크뷰,경기,61.12,0.0
2022000063,서광교 파크뷰,경기,61.69,0.0
2022000063,서광교 파크뷰,경기,66.85,0.0
2022000063,서광교 파크뷰,경기,75.97,0.0
2022000067,제주 더 힐 테라스,제주,67.896,0.0
2022000067,제주 더 힐 테라스,제주,73.8235,0.0
2022000067,제주 더 힐 테라스,제주,84.608,0.0
2022000069,힐스테이트 레이크 송도 4차,인천,84.96,18.0
2022000069,힐스테이트 레이크 송도 4차,인천,84.99,28.0
2022000069,힐스테이트 레이크 송도 4차,인천,99.99,0.0
2022000069,힐스테이트 레이크 송도 4차,인천,109.99,0.0
2022000069,힐스테이트 레이크 송도 4차,인천,165.86,0.0
2022000071,파주운정3지구 A42블록 신영지웰 운정신도시,경기,84.9908,58.0
2022000071,파주운정3지구 A42블록 신영지웰 운정신도시,경기,100.9448,56.0
2022000071,파주운정3지구 A42블록 신영지웰 운정신도시,경기,100.9819,58.0
2022000073,대전 도마·변동 11구역 호반써밋 그랜드 센트럴,대전,39.94,0.0
2022000073,대전 도마·변동 11구역 호반써밋 그랜드 센트럴,대전,49.9,0.0
2022000073,대전 도마·변동 11구역 호반써밋 그랜드 센트럴,대전,59.91,0.0
2022000073,대전 도마·변동 11구역 호반써밋 그랜드 센트럴,대전,74.98,0.0
2022000073,대전 도마·변동 11구역 호반써밋 그랜드 센트럴,대전,84.99,0.0
2022000074,힐스테이트 구리역,경기,59.7,0.0
2022000074,힐스테이트 구리역,경기,59.81,0.0
2022000074,힐스테이트 구리역,경기,59.82,0.0
2022000074,힐스테이트 구리역,경기,74.67,0.0
2022000074,힐스테이트 구리역,경기,74.68,0.0
2022000074,힐스테이트 구리역,경기,84.84,0.0
2022000075,제주시 신일 해피트리 더 힐,제주,64.2146,0.0
2022000080,연동 해모로 루민 101동,제주,84.972,0.0
2022000080,연동 해모로 루민 101동,제주,84.9738,0.0
2022000080,연동 해모로 루민 101동,제주,84.9921,0.0
2022000080,연동 해모로 루민 101동,제주,84.9961,0.0
2022000081,연동 해모로 루민 201동,제주,84.7795,0.0
2022000081,연동 해모로 루민 201동,제주,84.8321,0.0
2022000085,광주 화정 골드클래스 2차,광주,84.0726,0.0
2022000085,광주 화정 골드클래스 2차,광주,84.4015,0.0
2022000088,당진 수청2지구 RH-3블록 호반써밋 시그니처 3차,충남,84.9262,0.0
2022000088,당진 수청2지구 RH-3블록 호반써밋 시그니처 3차,충남,84.9833,0.0
2022000090,KTX송도역 서해그랑블 더 파크,인천,75.84,0.0
2022000090,KTX송도역 서해그랑블 더 파크,인천,75.919,0.0
2022000090,KTX송도역 서해그랑블 더 파크,인천,75.977,0.0
2022000090,KTX송도역 서해그랑블 더 파크,인천,77.937,0.0
2022000090,KTX송도역 서해그랑블 더 파크,인천,84.278,0.0
2022000090,KTX송도역 서해그랑블 더 파크,인천,84.735,0.0
2022000092,칸타빌 수유팰리스,서울,18.6585,0.0
2022000092,칸타빌 수유팰리스,서울,19.9815,0.0
2022000092,칸타빌 수유팰리스,서울,23.3354,0.0
2022000092,칸타빌 수유팰리스,서울,23.8466,0.0
2022000092,칸타빌 수유팰리스,서울,25.9755,0.0
2022000092,칸타빌 수유팰리스,서울,26.6863,0.0
2022000092,칸타빌 수유팰리스,서울,56.7067,0.0
2022000092,칸타빌 수유팰리스,서울,58.9672,0.0
2022000092,칸타빌 수유팰리스,서울,59.9879,0.0
2022000092,칸타빌 수유팰리스,서울,59.9906,0.0
2022000092,칸타빌 수유팰리스,서울,66.1059,0.0
2022000092,칸타빌 수유팰리스,서울,76.1473,0.0
2022000092,칸타빌 수유팰리스,서울,78.1719,0.0
2022000093,서대전 한국아델리움,대전,84.1347,0.0
2022000093,서대전 한국아델리움,대전,84.2472,0.0
2022000093,서대전 한국아델리움,대전,84.5745,0.0
2022000093,서대전 한국아델리움,대전,84.8788,0.0
2022000094,창원 롯데캐슬 프리미어,경남,49.5733,0.0
2022000094,창원 롯데캐슬 프리미어,경남,59.9806,0.0
2022000094,창원 롯데캐슬 프리미어,경남,66.6357,0.0
2022000094,창원 롯데캐슬 프리미어,경남,84.9302,0.0
2022000094,창원 롯데캐슬 프리미어,경남,84.9485,0.0
2022000103,한화 포레나 미아,서울,39.9969,0.0
2022000103,한화 포레나 미아,서울,53.985,0.0
2022000103,한화 포레나 미아,서울,53.9875,0.0
2022000103,한화 포레나 미아,서울,59.9877,0.0
2022000103,한화 포레나 미아,서울,74.9676,0.0
2022000103,한화 포레나 미아,서울,80.8489,0.0
2022000103,한화 포레나 미아,서울,84.8655,0.0
2022000103,한화 포레나 미아,서울,84.9706,0.0
2022000104,봉담 파라곤,경기,59.8552,0.0
2022000104,봉담 파라곤,경기,59.9857,0.0
2022000104,봉담 파라곤,경기,72.6558,0.0
2022000104,봉담 파라곤,경기,72.9771,0.0
2022000111,작전역 베네하임 더윈,인천,59.7995,0.0
2022000111,작전역 베네하임 더윈,인천,59.8051,0.0
2022000111,작전역 베네하임 더윈,인천,84.7094,0.0
2022000112,휴안 더갤러리 오라,제주,70.4955,0.0
2022000112,휴안 더갤러리 오라,제주,78.6451,0.0
2022000112,휴안 더갤러리 오라,제주,79.0051,0.0
2022000112,휴안 더갤러리 오라,제주,83.9718,0.0
2022000112,휴안 더갤러리 오라,제주,84.1076,0.0
2022000116,안양역 푸르지오 더샵,경기,41.83,0.0
2022000116,안양역 푸르지오 더샵,경기,59.86,0.0
2022000116,안양역 푸르지오 더샵,경기,59.9,0.0
2022000116,안양역 푸르지오 더샵,경기,59.94,0.0
2022000116,안양역 푸르지오 더샵,경기,59.97,0.0
2022000116,안양역 푸르지오 더샵,경기,84.77,0.0
2022000116,안양역 푸르지오 더샵,경기,84.91,0.0
2022000116,안양역 푸르지오 더샵,경기,99.68,0.0
2022000119,서울대입구역 더하이브 센트럴,서울,54.92,0.0
2022000119,서울대입구역 더하이브 센트럴,서울,59.74,0.0
2022000120,가락마을6단지 중흥S-클래스 프라디움,세종,59.6866,64.0
2022000120,가락마을6단지 중흥S-클래스 프라디움,세종,59.7236,64.0
2022000120,가락마을6단지 중흥S-클래스 프라디움,세종,59.9942,61.0
2022000121,가락마을7단지 중흥S-클래스 프라디움,세종,84.3617,64.0
2022000121,가락마을7단지 중흥S-클래스 프라디움,세종,84.9931,71.0
2022000121,가락마을7단지 중흥S-클래스 프라디움,세종,84.9981,0.0
2022000124,가야 봄여름가을겨울,부산,53.6371,0.0
2022000124,가야 봄여름가을겨울,부산,74.1775,0.0
2022000124,가야 봄여름가을겨울,부산,82.9872,0.0
2022000128,힐스테이트 세운 센트럴 1단지,서울,41.4983,0.0
2022000128,힐스테이트 세운 센트럴 1단지,서울,46.6997,0.0
2022000128,힐스테이트 세운 센트럴 1단지,서울,49.2617,0.0
2022000128,힐스테이트 세운 센트럴 1단지,서울,59.6641,0.0
2022000128,힐스테이트 세운 센트럴 1단지,서울,59.7076,0.0
2022000128,힐스테이트 세운 센트럴 1단지,서울,59.9881,0.0
2022000129,힐스테이트 세운 센트럴 2단지,서울,39.969,0.0
2022000129,힐스테이트 세운 센트럴 2단지,서울,42.2948,0.0
2022000129,힐스테이트 세운 센트럴 2단지,서울,45.9844,0.0
2022000129,힐스테이트 세운 센트럴 2단지,서울,49.2134,0.0
2022000129,힐스테이트 세운 센트럴 2단지,서울,49.9619,0.0
2022000129,힐스테이트 세운 센트럴 2단지,서울,49.9976,0.0
2022000129,힐스테이트 세운 센트럴 2단지,서울,49.9995,0.0
2022000129,힐스테이트 세운 센트럴 2단지,서울,56.5067,0.0
2022000129,힐스테이트 세운 센트럴 2단지,서울,59.7446,0.0
2022000129,힐스테이트 세운 센트럴 2단지,서울,59.9851,0.0
2022000129,힐스테이트 세운 센트럴 2단지,서울,59.9954,0.0
2022000130,전주 효자 엘르디움 에듀파크 아파트,전북,84.317,0.0
2022000130,전주 효자 엘르디움 에듀파크 아파트,전북,84.379,0.0
2022000130,전주 효자 엘르디움 에듀파크 아파트,전북,84.8032,0.0
2022000130,전주 효자 엘르디움 에듀파크 아파트,전북,84.8962,0.0
2022000131,부암2차 비스타동원 아트포레,부산,59.9902,0.0
2022000131,부암2차 비스타동원 아트포레,부산,59.9954,0.0
2022000131,부암2차 비스타동원 아트포레,부산,74.2438,0.0
2022000131,부암2차 비스타동원 아트포레,부산,84.9935,0.0
2022000136,검단역 금강펜테리움 더 시글로 2차,인천,84.906,41.0
2022000136,검단역 금강펜테리움 더 시글로 2차,인천,84.9679,48.0
2022000136,검단역 금강펜테리움 더 시글로 2차,인천,84.9811,46.0
2022000136,검단역 금강펜테리움 더 시글로 2차,인천,84.984,45.0
2022000137,힐스테이트 검단 웰카운티(민영주택),인천,99.0528,49.0
2022000137,힐스테이트 검단 웰카운티(민영주택),인천,99.4559,60.0
2022000137,힐스테이트 검단 웰카운티(민영주택),인천,99.5477,62.0
2022000137,힐스테이트 검단 웰카운티(민영주택),인천,99.7011,56.0
2022000137,힐스테이트 검단 웰카운티(민영주택),인천,125.1938,67.0
2022000139,이천 백사지구 1BL 신안실크밸리,경기,84.8483,0.0
2022000140,제일풍경채 검단Ⅱ,인천,74.8191,43.0
2022000140,제일풍경채 검단Ⅱ,인천,74.9169,43.0
2022000140,제일풍경채 검단Ⅱ,인천,84.7923,47.0
2022000140,제일풍경채 검단Ⅱ,인천,84.8196,50.0
2022000140,제일풍경채 검단Ⅱ,인천,84.9194,41.0
2022000140,제일풍경채 검단Ⅱ,인천,110.8098,35.0
2022000140,제일풍경채 검단Ⅱ,인천,110.8875,41.0
2022000140,제일풍경채 검단Ⅱ,인천,110.9811,43.0
2022000141,삼호 비스타동원,울산,59.9263,0.0
2022000141,삼호 비스타동원,울산,84.9965,0.0
2022000141,삼호 비스타동원,울산,84.9996,0.0
2022000143,아산 벨코어 스위첸,충남,84.6993,0.0
2022000143,아산 벨코어 스위첸,충남,84.7785,0.0
2022000143,아산 벨코어 스위첸,충남,84.8905,0.0
2022000143,아산 벨코어 스위첸,충남,84.9412,0.0
2022000147,화성 비봉 B-4BL 우미린,경기,84.9751,0.0
2022000147,화성 비봉 B-4BL 우미린,경기,84.9927,0.0
2022000147,화성 비봉 B-4BL 우미린,경기,84.996,0.0
2022000149,주문진 삼부르네상스 오션포레,강원,73.3949,0.0
2022000149,주문진 삼부르네상스 오션포레,강원,77.1066,0.0
2022000149,주문진 삼부르네상스 오션포레,강원,84.8636,0.0
2022000150,양산 한신더휴,경남,84.8608,0.0
2022000153,호반 써밋 제주,제주,84.4725,0.0
2022000153,호반 써밋 제주,제주,84.577,0.0
2022000154,파주운정신도시 디에트르 에듀타운(A38BL),경기,84.7365,54.0
2022000154,파주운정신도시 디에트르 에듀타운(A38BL),경기,84.9513,57.0
2022000154,파주운정신도시 디에트르 에듀타운(A38BL),경기,84.9998,55.0
2022000154,파주운정신도시 디에트르 에듀타운(A38BL),경기,116.7269,51.0
2022000154,파주운정신도시 디에트르 에듀타운(A38BL),경기,118.7168,53.0
2022000155,양산 사송지구 C-2BL 우미린,경남,84.8255,0.0
2022000155,양산 사송지구 C-2BL 우미린,경남,84.9565,0.0
2022000161,디엘본가평설악,경기,84.98,0.0
2022000164,화성 비봉지구 B3블록 예미지 센트럴에듀,경기,76.981,11.0
2022000164,화성 비봉지구 B3블록 예미지 센트럴에듀,경기,84.9967,25.0
2022000165,군산 신역세권 한라비발디 센트로,전북,75.9568,0.0
2022000165,군산 신역세권 한라비발디 센트로,전북,75.9719,0.0
2022000165,군산 신역세권 한라비발디 센트로,전북,84.3001,0.0
2022000165,군산 신역세권 한라비발디 센트로,전북,84.8374,0.0
2022000168,광안 스윗팰리스,부산,37.52,0.0
2022000168,광안 스윗팰리스,부산,47.14,0.0
2022000168,광안 스윗팰리스,부산,53.39,0.0
2022000168,광안 스윗팰리스,부산,54.01,0.0
2022000169,금남로 한신더휴 펜트하우스,광주,84.869,0.0
2022000183,문수로 푸르지오 어반피스,울산,84.8692,0.0
2022000183,문수로 푸르지오 어반피스,울산,84.948,0.0
2022000183,문수로 푸르지오 어반피스,울산,84.9633,0.0
2022000183,문수로 푸르지오 어반피스,울산,158.5012,0.0
2022000189,완주이서 신일 해피트리,전북,84.9674,0.0
2022000198,인천시청역 한신더휴,인천,46.9823,0.0
2022000198,인천시청역 한신더휴,인천,59.9842,0.0
2022000198,인천시청역 한신더휴,인천,59.9914,0.0
2022000198,인천시청역 한신더휴,인천,74.8805,0.0
2022000198,인천시청역 한신더휴,인천,74.956,0.0
2022000198,인천시청역 한신더휴,인천,84.9547,0.0
2022000198,인천시청역 한신더휴,인천,84.9834,0.0
2022000198,인천시청역 한신더휴,인천,84.9835,0.0
2022000200,더샵 리듬시티,경기,60.92,0.0
2022000200,더샵 리듬시티,경기,60.95,0.0
2022000200,더샵 리듬시티,경기,84.77,0.0
2022000200,더샵 리듬시티,경기,84.85,0.0
2022000200,더샵 리듬시티,경기,84.91,0.0
2022000205,힐스테이트 창원 더퍼스트,경남,84.9966,0.0
2022000205,힐스테이트 창원 더퍼스트,경남,106.2474,0.0
2022000205,힐스테이트 창원 더퍼스트,경남,123.2229,0.0
2022000205,힐스테이트 창원 더퍼스트,경남,137.3297,0.0
2022000209,엘리프 송촌 더 파크,대전,84.8229,0.0
2022000209,엘리프 송촌 더 파크,대전,84.9389,0.0
2022000209,엘리프 송촌 더 파크,대전,84.9669,0.0
2022000209,엘리프 송촌 더 파크,대전,84.9941,0.0
2022000209,엘리프 송촌 더 파크,대전,105.9437,0.0
2022000209,엘리프 송촌 더 파크,대전,110.8637,0.0
2022000209,엘리프 송촌 더 파크,대전,112.3287,0.0
2022000212,브라운스톤 인터포레,경기,74.6981,0.0
2022000222,주안 센트럴 파라곤,인천,51.5988,0.0
2022000222,주안 센트럴 파라곤,인천,51.9788,0.0
2022000222,주안 센트럴 파라곤,인천,59.96,0.0
2022000222,주안 센트럴 파라곤,인천,62.9017,0.0
2022000222,주안 센트럴 파라곤,인천,62.9977,0.0
2022000222,주안 센트럴 파라곤,인천,76.6893,0.0
2022000222,주안 센트럴 파라곤,인천,84.6823,0.0
2022000224,남악 오룡지구 36BL 남악오룡 시티프라디움,전남,84.9941,0.0
2022000224,남악 오룡지구 36BL 남악오룡 시티프라디움,전남,84.9971,0.0
2022000230,센텀 아스트룸  SK VIEW,부산,59.9761,0.0
2022000230,센텀 아스트룸  SK VIEW,부산,59.993,0.0
2022000230,센텀 아스트룸  SK VIEW,부산,74.715,0.0
2022000230,센텀 아스트룸  SK VIEW,부산,74.7417,0.0
2022000230,센텀 아스트룸  SK VIEW,부산,84.9807,0.0
2022000230,센텀 아스트룸  SK VIEW,부산,84.9853,0.0
2022000237,힐스테이트 환호공원 1블록,경북,59.8382,0.0
2022000237,힐스테이트 환호공원 1블록,경북,59.9749,0.0
2022000237,힐스테이트 환호공원 1블록,경북,84.7462,0.0
2022000237,힐스테이트 환호공원 1블록,경북,84.7544,0.0
2022000237,힐스테이트 환호공원 1블록,경북,84.8062,0.0
2022000237,힐스테이트 환호공원 1블록,경북,84.8442,0.0
2022000237,힐스테이트 환호공원 1블록,경북,84.8795,0.0
2022000238,힐스테이트 환호공원 2블록,경북,59.8382,0.0
2022000238,힐스테이트 환호공원 2블록,경북,59.9749,0.0
2022000238,힐스테이트 환호공원 2블록,경북,84.7462,0.0
2022000238,힐스테이트 환호공원 2블록,경북,84.7544,0.0
2022000238,힐스테이트 환호공원 2블록,경북,84.8062,0.0
2022000238,힐스테이트 환호공원 2블록,경북,84.8442,0.0
2022000238,힐스테이트 환호공원 2블록,경북,84.8795,0.0
2022000239,e편한세상 지축 센텀가든,경기,84.9715,69.0
2022000239,e편한세상 지축 센텀가든,경기,84.9778,69.0
2022000239,e편한세상 지축 센텀가든,경기,84.9981,69.0
2022000240,서충주 푸르지오 더 퍼스트,충북,74.2085,0.0
2022000240,서충주 푸르지오 더 퍼스트,충북,74.6975,0.0
2022000240,서충주 푸르지오 더 퍼스트,충북,84.1391,0.0
2022000240,서충주 푸르지오 더 퍼스트,충북,84.4177,0.0
2022000240,서충주 푸르지오 더 퍼스트,충북,84.6347,0.0
2022000242,평택청북 세종 헤르메스,경기,77.3296,32.0
2022000242,평택청북 세종 헤르메스,경기,84.9398,19.0
2022000242,평택청북 세종 헤르메스,경기,130.3579,0.0
2022000242,평택청북 세종 헤르메스,경기,151.4775,0.0
2022000243,영통 푸르지오 트레센츠(A1BL),경기,84.4066,0.0
2022000243,영통 푸르지오 트레센츠(A1BL),경기,84.8119,0.0
2022000243,영통 푸르지오 트레센츠(A1BL),경기,84.9503,0.0
2022000243,영통 푸르지오 트레센츠(A1BL),경기,105.4911,0.0
2022000244,영통 푸르지오 파인베르(A2BL),경기,84.4066,0.0
2022000244,영통 푸르지오 파인베르(A2BL),경기,84.8119,0.0
2022000244,영통 푸르지오 파인베르(A2BL),경기,84.9954,0.0
2022000244,영통 푸르지오 파인베르(A2BL),경기,105.4911,0.0
2022000244,영통 푸르지오 파인베르(A2BL),경기,105.78,0.0
2022000247,제주 푸르지오 더 퍼스트,제주,84.9623,0.0
2022000247,제주 푸르지오 더 퍼스트,제주,84.9749,0.0
2022000248,창동 다우아트리체 주상복합 아파트,서울,58.09,0.0
2022000248,창동 다우아트리체 주상복합 아파트,서울,58.13,0.0
2022000248,창동 다우아트리체 주상복합 아파트,서울,58.85,0.0
2022000248,창동 다우아트리체 주상복합 아파트,서울,59.8,0.0
2022000248,창동 다우아트리체 주상복합 아파트,서울,122.51,0.0
2022000250,금곡역한신더휴,경기,30.6774,0.0
2022000250,금곡역한신더휴,경기,59.8813,0.0
2022000250,금곡역한신더휴,경기,59.9636,0.0
2022000250,금곡역한신더휴,경기,65.2878,0.0
2022000250,금곡역한신더휴,경기,75.8427,0.0
2022000250,금곡역한신더휴,경기,80.5509,0.0
2022000250,금곡역한신더휴,경기,84.4891,0.0
2022000250,금곡역한신더휴,경기,84.7684,0.0
2022000250,금곡역한신더휴,경기,84.9324,0.0
2022000251,e편한세상 옥정 리더스가든,경기,84.9911,0.0
2022000251,e편한세상 옥정 리더스가든,경기,84.9926,10.0
2022000251,e편한세상 옥정 리더스가든,경기,99.9918,44.0
2022000251,e편한세상 옥정 리더스가든,경기,99.9924,19.0
2022000253,구서 남평 N-CITY,부산,57.0878,0.0
2022000257,더샵 지제역 센트럴파크 1BL,경기,59.6236,0.0
2022000257,더샵 지제역 센트럴파크 1BL,경기,59.7656,0.0
2022000257,더샵 지제역 센트럴파크 1BL,경기,74.7312,0.0
2022000257,더샵 지제역 센트럴파크 1BL,경기,74.9744,0.0
2022000257,더샵 지제역 센트럴파크 1BL,경기,83.7111,0.0
2022000257,더샵 지제역 센트럴파크 1BL,경기,84.7982,0.0
2022000260,김해 구산 푸르지오 파크테르,경남,84.9328,0.0
2022000260,김해 구산 푸르지오 파크테르,경남,84.9576,0.0
2022000260,김해 구산 푸르지오 파크테르,경남,84.9719,0.0
2022000260,김해 구산 푸르지오 파크테르,경남,84.9812,0.0
2022000261,창원 롯데캐슬 하버팰리스,경남,39.6755,0.0
2022000261,창원 롯데캐슬 하버팰리스,경남,59.987,0.0
2022000261,창원 롯데캐슬 하버팰리스,경남,59.992,0.0
2022000261,창원 롯데캐슬 하버팰리스,경남,84.9583,0.0
2022000261,창원 롯데캐슬 하버팰리스,경남,84.9976,0.0
2022000262,제천자이 더 스카이,충북,79.718,0.0
2022000262,제천자이 더 스카이,충북,84.9075,0.0
2022000262,제천자이 더 스카이,충북,84.9644,0.0
2022000272,울진역 센트럴 두산위브,경북,84.9273,0.0
2022000274,초혁신도시 반도유보라 마크브릿지,강원,67.4148,0.0
2022000274,초혁신도시 반도유보라 마크브릿지,강원,84.9106,0.0
2022000274,초혁신도시 반도유보라 마크브릿지,강원,84.9814,0.0
2022000274,초혁신도시 반도유보라 마크브릿지,강원,84.9895,0.0
2022000275,조례 한양수자인 디에디션,전남,101.968,0.0
2022000275,조례 한양수자인 디에디션,전남,101.9948,0.0
2022000285,초읍 월드메르디앙 에듀포레,부산,49.9929,0.0
2022000285,초읍 월드메르디앙 에듀포레,부산,59.6159,0.0
2022000285,초읍 월드메르디앙 에듀포레,부산,59.7592,0.0
2022000285,초읍 월드메르디앙 에듀포레,부산,59.9022,0.0
2022000285,초읍 월드메르디앙 에듀포레,부산,97.8993,0.0
2022000286,이안 모란 센트럴파크,경기,35.139,0.0
2022000286,이안 모란 센트럴파크,경기,46.8655,0.0
2022000286,이안 모란 센트럴파크,경기,48.3824,0.0
2022000286,이안 모란 센트럴파크,경기,50.1828,0.0
2022000286,이안 모란 센트럴파크,경기,51.5067,0.0
2022000286,이안 모란 센트럴파크,경기,51.5526,0.0
2022000286,이안 모란 센트럴파크,경기,51.7184,0.0
2022000286,이안 모란 센트럴파크,경기,55.5117,0.0
2022000286,이안 모란 센트럴파크,경기,55.788,0.0
2022000286,이안 모란 센트럴파크,경기,60.2749,0.0
2022000286,이안 모란 센트럴파크,경기,60.9555,0.0
2022000295,트리마제 순천 1단지,전남,84.9828,0.0
2022000295,트리마제 순천 1단지,전남,123.4417,0.0
2022000295,트리마제 순천 1단지,전남,156.1359,0.0
2022000295,트리마제 순천 1단지,전남,165.5586,0.0
2022000295,트리마제 순천 1단지,전남,264.0051,0.0
2022000296,트리마제 순천 2단지,전남,84.9828,0.0
2022000296,트리마제 순천 2단지,전남,123.4417,0.0
2022000296,트리마제 순천 2단지,전남,156.1359,0.0
2022000296,트리마제 순천 2단지,전남,165.5586,0.0
2022000296,트리마제 순천 2단지,전남,222.9883,0.0
2022000297,힐스테이트 영광,전남,84.9786,0.0
2022000299,평촌 어바인퍼스트 더샵,경기,59.9191,0.0
2022000299,평촌 어바인퍼스트 더샵,경기,103.7241,0.0
2022000301,춘천 삼부르네상스 더테라스,강원,84.2149,0.0
2022000301,춘천 삼부르네상스 더테라스,강원,84.4666,0.0
2022000304,현대 프라힐스 소사역 더프라임,경기,71.6421,0.0
2022000304,현대 프라힐스 소사역 더프라임,경기,74.8978,0.0
2022000304,현대 프라힐스 소사역 더프라임,경기,74.9423,0.0
2022000304,현대 프라힐스 소사역 더프라임,경기,74.9928,0.0
2022000304,현대 프라힐스 소사역 더프라임,경기,74.9945,0.0
2022000305,중앙하이츠 더힐,부산,84.9298,0.0
2022000309,사직 하늘채 리센티아,부산,59.9044,0.0
2022000309,사직 하늘채 리센티아,부산,84.8908,0.0
2022000309,사직 하늘채 리센티아,부산,84.8978,0.0
2022000309,사직 하늘채 리센티아,부산,84.9102,0.0
2022000310,e편한세상 제천 더프라임,충북,84.9828,0.0
2022000310,e편한세상 제천 더프라임,충북,84.9833,0.0
2022000312,마전 양우 내안애 퍼스트힐,인천,59.6939,0.0
2022000312,마전 양우 내안애 퍼스트힐,인천,59.9575,0.0
2022000312,마전 양우 내안애 퍼스트힐,인천,71.9519,0.0
2022000312,마전 양우 내안애 퍼스트힐,인천,84.8116,0.0
2022000312,마전 양우 내안애 퍼스트힐,인천,84.9398,0.0
2022000315,구미 원호자이 더 포레,경북,84.7581,0.0
2022000315,구미 원호자이 더 포레,경북,84.8686,0.0
2022000315,구미 원호자이 더 포레,경북,84.9753,0.0
2022000321,장흥역 경남아너스빌 북한산뷰 B-1(5)블럭(2단지),경기,84.9916,0.0
2022000321,장흥역 경남아너스빌 북한산뷰 B-1(5)블럭(2단지),경기,84.9961,0.0
2022000324,소사역 한라비발디 프레스티지,경기,60.42,0.0
2022000324,소사역 한라비발디 프레스티지,경기,60.75,0.0
2022000324,소사역 한라비발디 프레스티지,경기,78.42,0.0
2022000325,의정부역 파밀리에Ⅰ,경기,84.9364,0.0
2022000325,의정부역 파밀리에Ⅰ,경기,84.9404,0.0
2022000341,힐스테이트 황성,경북,84.9544,0.0
2022000341,힐스테이트 황성,경북,84.9593,0.0
2022000341,힐스테이트 황성,경북,84.9699,0.0
2022000341,힐스테이트 황성,경북,84.9851,0.0
2022000344,주영 더 팰리스 지븐,경남,84.9907,0.0
2022000345,아산배방 라온프라이빗,충남,84.9995,0.0
2022000345,아산배방 라온프라이빗,충남,84.9998,0.0
2022000349,천안 부성지구 한라비발디,충남,84.9847,0.0
2022000349,천안 부성지구 한라비발디,충남,84.9865,0.0
2022000360,광주 금호지구 대광로제비앙,광주,66.2029,0.0
2022000360,광주 금호지구 대광로제비앙,광주,66.7633,0.0
2022000360,광주 금호지구 대광로제비앙,광주,84.8186,0.0
2022000360,광주 금호지구 대광로제비앙,광주,84.8726,0.0
2022000360,광주 금호지구 대광로제비앙,광주,84.9103,0.0
2022000362,힐스테이트 탑석,경기,59.9877,0.0
2022000362,힐스테이트 탑석,경기,59.9902,0.0
2022000362,힐스테이트 탑석,경기,74.9909,0.0
2022000362,힐스테이트 탑석,경기,74.9966,0.0
2022000362,힐스테이트 탑석,경기,84.939,0.0
2022000362,힐스테이트 탑석,경기,84.9634,0.0
2022000363,힐스테이트 불로 포레스트,인천,84.8616,0.0
2022000363,힐스테이트 불로 포레스트,인천,84.8802,0.0
2022000364,신독산 솔리힐 뉴포레,서울,59.1638,0.0
2022000364,신독산 솔리힐 뉴포레,서울,59.1669,0.0
2022000364,신독산 솔리힐 뉴포레,서울,59.5063,0.0
2022000364,신독산 솔리힐 뉴포레,서울,59.8811,0.0
2022000364,신독산 솔리힐 뉴포레,서울,60.5723,0.0
2022000364,신독산 솔리힐 뉴포레,서울,61.7919,0.0
2022000364,신독산 솔리힐 뉴포레,서울,68.5501,0.0
2022000364,신독산 솔리힐 뉴포레,서울,68.5534,0.0
2022000364,신독산 솔리힐 뉴포레,서울,68.6006,0.0
2022000364,신독산 솔리힐 뉴포레,서울,68.739,0.0
2022000364,신독산 솔리힐 뉴포레,서울,68.7509,0.0
2022000364,신독산 솔리힐 뉴포레,서울,68.7601,0.0
2022000366,청주 SK VIEW 자이,충북,59.9735,0.0
2022000366,청주 SK VIEW 자이,충북,59.9784,0.0
2022000366,청주 SK VIEW 자이,충북,59.991,0.0
2022000366,청주 SK VIEW 자이,충북,74.9981,0.0
2022000366,청주 SK VIEW 자이,충북,84.9695,0.0
2022000366,청주 SK VIEW 자이,충북,101.9612,0.0
2022000368,신화하니엘 에비뉴힐,부산,83.2828,0.0
2022000369,빌리브센트하이,경기,84.855,0.0
2022000369,빌리브센트하이,경기,84.976,0.0
2022000375,양평 공흥3 휴먼빌 아틀리에,경기,74.895,0.0
2022000375,양평 공흥3 휴먼빌 아틀리에,경기,84.7474,0.0
2022000378,시흥 센트럴 헤센,경기,59.9932,0.0
2022000378,시흥 센트럴 헤센,경기,84.9443,0.0
2022000378,시흥 센트럴 헤센,경기,84.9513,0.0
2022000378,시흥 센트럴 헤센,경기,84.9638,0.0
2022000378,시흥 센트럴 헤센,경기,84.9692,0.0
2022000379,화성 봉담자이 라젠느,경기,59.9911,0.0
2022000379,화성 봉담자이 라젠느,경기,84.9909,0.0
2022000379,화성 봉담자이 라젠느,경기,84.9931,0.0
2022000379,화성 봉담자이 라젠느,경기,84.9977,0.0
2022000379,화성 봉담자이 라젠느,경기,101.6115,0.0
2022000379,화성 봉담자이 라젠느,경기,101.616,0.0
2022000379,화성 봉담자이 라젠느,경기,112.9697,0.0
2022000381,삼구트리니엔 시그니처,경북,84.9919,0.0
2022000381,삼구트리니엔 시그니처,경북,84.9942,0.0
2022000381,삼구트리니엔 시그니처,경북,84.9993,0.0
2022000384,대전스카이자이르네,대전,84.993,0.0
2022000384,대전스카이자이르네,대전,84.9949,0.0
2022000384,대전스카이자이르네,대전,84.9996,0.0
2022000392,익산 남중동 광신프로그레스 더센트로,전북,84.8257,0.0
2022000400,더샵 거창포르시엘 2차,경남,84.6131,0.0
2022000400,더샵 거창포르시엘 2차,경남,84.756,0.0
2022000400,더샵 거창포르시엘 2차,경남,84.9694,0.0
2022000415,연산 하늘채 엘센트로,부산,59.9732,0.0
2022000415,연산 하늘채 엘센트로,부산,75.8638,0.0
2022000415,연산 하늘채 엘센트로,부산,75.8879,0.0
2022000415,연산 하늘채 엘센트로,부산,84.9899,0.0
2022000415,연산 하늘채 엘센트로,부산,84.9913,0.0
2022000416,원당역 롯데캐슬 스카이엘,경기,35.0896,0.0
2022000416,원당역 롯데캐슬 스카이엘,경기,47.9986,0.0
2022000416,원당역 롯데캐슬 스카이엘,경기,59.9887,0.0
2022000416,원당역 롯데캐슬 스카이엘,경기,59.9978,0.0
2022000427,중촌 SK VIEW,대전,59.7065,0.0
2022000427,중촌 SK VIEW,대전,59.9487,0.0
2022000427,중촌 SK VIEW,대전,74.6217,0.0
2022000427,중촌 SK VIEW,대전,84.7675,0.0
2022000430,제주시 엘크루 더 퍼스트,제주,59.978,0.0
2022000431,구미 인동 하늘채 디어반 2차,경북,76.7116,0.0
2022000431,구미 인동 하늘채 디어반 2차,경북,84.9175,0.0
2022000431,구미 인동 하늘채 디어반 2차,경북,84.9694,0.0
2022000433,무안 오룡지구 우미린 1차(43BL),전남,84.7594,0.0
2022000433,무안 오룡지구 우미린 1차(43BL),전남,84.8078,0.0
2022000433,무안 오룡지구 우미린 1차(43BL),전남,84.948,0.0
2022000434,무안 오룡지구 우미린 2차(44BL),전남,84.743,0.0
2022000434,무안 오룡지구 우미린 2차(44BL),전남,84.7594,0.0
2022000434,무안 오룡지구 우미린 2차(44BL),전남,84.8078,0.0
2022000434,무안 오룡지구 우미린 2차(44BL),전남,84.948,0.0
2022000442,인천 두산위브 더센트럴,인천,59.51,0.0
2022000442,인천 두산위브 더센트럴,인천,84.55,0.0
2022000442,인천 두산위브 더센트럴,인천,84.95,0.0
2022000450,쌍용 더 플래티넘 삼계,경남,84.7245,0.0
2022000450,쌍용 더 플래티넘 삼계,경남,84.898,0.0
2022000452,구미 해모로 리버시티,경북,84.5965,0.0
2022000455,남중동 오투그란데 뉴퍼스트,전북,84.5633,0.0
2022000456,한화 포레나 인천구월,인천,59.9847,0.0
2022000456,한화 포레나 인천구월,인천,59.9871,0.0
2022000456,한화 포레나 인천구월,인천,74.9916,0.0
2022000456,한화 포레나 인천구월,인천,84.9901,0.0
2022000456,한화 포레나 인천구월,인천,84.9916,0.0
2022000463,가능역 하우스토리 리버블리스,경기,74.99,0.0
2022000473,사하코오롱하늘채,부산,59.9307,0.0
2022000473,사하코오롱하늘채,부산,59.9513,0.0
2022000473,사하코오롱하늘채,부산,76.6671,0.0
2022000473,사하코오롱하늘채,부산,84.8943,0.0
2022000474,양산5차 비스타동원 솔라스타,경남,59.9744,0.0
2022000474,양산5차 비스타동원 솔라스타,경남,84.9797,0.0
2022000476,서면 가화만사성 더 테라스,부산,57.3827,0.0
2022000476,서면 가화만사성 더 테라스,부산,73.763,0.0
2022000477,나운 금호어울림 센트럴,전북,59.7894,0.0
2022000477,나운 금호어울림 센트럴,전북,59.9654,0.0
2022000477,나운 금호어울림 센트럴,전북,73.428,0.0
2022000477,나운 금호어울림 센트럴,전북,84.9912,0.0
2022000480,청주 흥덕 칸타빌 더뉴,충북,59.9755,0.0
2022000480,청주 흥덕 칸타빌 더뉴,충북,59.9861,0.0
2022000480,청주 흥덕 칸타빌 더뉴,충북,74.6957,0.0
2022000480,청주 흥덕 칸타빌 더뉴,충북,84.8504,0.0
2022000483,부평 하우스토리 어반그린,인천,59.8997,0.0
2022000488,"송도 하늘채 아이비원(M2-3-1,2BL)",인천,32.4584,0.0
2022000488,"송도 하늘채 아이비원(M2-3-1,2BL)",인천,59.0208,0.0
2022000488,"송도 하늘채 아이비원(M2-3-1,2BL)",인천,59.3215,16.0
2022000488,"송도 하늘채 아이비원(M2-3-1,2BL)",인천,59.4882,11.0
2022000489,천왕역 모아엘가 트레뷰,서울,67.9639,0.0
2022000498,화성파크드림 구수산공원,대구,84.9556,0.0
2022000498,화성파크드림 구수산공원,대구,84.9985,0.0
2022000500,속초 헤리엇 THE 228,강원,84.9649,0.0
2022000501,서면4차 봄여름가을겨울,부산,83.2508,0.0
2022000501,서면4차 봄여름가을겨울,부산,83.2512,0.0
2022000505,창원자이 시그니처,경남,59.7409,0.0
2022000505,창원자이 시그니처,경남,75.6306,0.0
2022000505,창원자이 시그니처,경남,84.9742,0.0
2022000510,e편한세상 부평역 센트럴파크,인천,49.6829,0.0
2022000510,e편한세상 부평역 센트럴파크,인천,59.8384,0.0
2022000510,e편한세상 부평역 센트럴파크,인천,59.9933,0.0
2022000511,한화 포레나 대전월평공원 1단지,대전,84.8382,0.0
2022000511,한화 포레나 대전월평공원 1단지,대전,84.9027,0.0
2022000511,한화 포레나 대전월평공원 1단지,대전,84.9836,0.0
2022000511,한화 포레나 대전월평공원 1단지,대전,84.9858,0.0
2022000512,한화 포레나 대전월평공원 2단지,대전,84.8382,0.0
2022000512,한화 포레나 대전월평공원 2단지,대전,84.9027,0.0
2022000512,한화 포레나 대전월평공원 2단지,대전,84.9858,0.0
2022000514,힐스테이트 마크로엔,경남,59.3481,0.0
2022000514,힐스테이트 마크로엔,경남,59.6862,0.0
2022000522,양산 금호 리첸시아 시그니처,경남,84.492,0.0
2022000522,양산 금호 리첸시아 시그니처,경남,84.863,0.0
2022000522,양산 금호 리첸시아 시그니처,경남,84.885,0.0
2022000523,e편한세상 삼천포 오션프라임,경남,84.9269,0.0
2022000524,두산위브더제니스 센트럴 원주,강원,59.7799,0.0
2022000524,두산위브더제니스 센트럴 원주,강원,59.9314,0.0
2022000524,두산위브더제니스 센트럴 원주,강원,74.9101,0.0
2022000524,두산위브더제니스 센트럴 원주,강원,74.9472,0.0
2022000524,두산위브더제니스 센트럴 원주,강원,84.9365,0.0
2022000531,오산 세교2지구 A10블록 칸타빌 더퍼스트,경기,84.98,31.0
2022000531,오산 세교2지구 A10블록 칸타빌 더퍼스트,경기,84.99,0.0
2022000532,의정부역 브라운스톤 리버뷰,경기,59.995,0.0
2022000532,의정부역 브라운스톤 리버뷰,경기,59.9983,0.0
2022000532,의정부역 브라운스톤 리버뷰,경기,76.7903,0.0
2022000532,의정부역 브라운스톤 리버뷰,경기,84.9928,0.0
2022000532,의정부역 브라운스톤 리버뷰,경기,84.9947,0.0
2022000532,의정부역 브라운스톤 리버뷰,경기,104.6401,0.0
2022000536,군산 경남아너스빌 디오션,전북,84.9182,0.0
2022000536,군산 경남아너스빌 디오션,전북,84.9393,0.0
2022000536,군산 경남아너스빌 디오션,전북,84.9547,0.0
2022000536,군산 경남아너스빌 디오션,전북,84.9758,0.0
2022000537,화순센텀 모아엘가 트레뷰,전남,84.2474,0.0
2022000537,화순센텀 모아엘가 트레뷰,전남,84.4009,0.0
2022000537,화순센텀 모아엘가 트레뷰,전남,84.6635,0.0
2022000545,e편한세상 서면 더센트럴,부산,59.997,0.0
2022000545,e편한세상 서면 더센트럴,부산,69.9964,0.0
2022000545,e편한세상 서면 더센트럴,부산,84.9976,0.0
2022000554,남전주IC 서희스타힐스,전북,84.6899,0.0
2022000557,평촌 두산위브 더 프라임,경기,49.9598,0.0
2022000557,평촌 두산위브 더 프라임,경기,59.9946,0.0
2022000557,평촌 두산위브 더 프라임,경기,84.9057,0.0
2022000558,신창 유탑 유블레스 리버시티,광주,59.9146,0.0
2022000558,신창 유탑 유블레스 리버시티,광주,84.9649,0.0
2022000561,남구로역 동일 센타시아,서울,33.6443,0.0
2022000561,남구로역 동일 센타시아,서울,34.4916,0.0
2022000561,남구로역 동일 센타시아,서울,35.2843,0.0
2022000561,남구로역 동일 센타시아,서울,37.3188,0.0
2022000561,남구로역 동일 센타시아,서울,38.6542,0.0
2022000561,남구로역 동일 센타시아,서울,40.294,0.0
2022000561,남구로역 동일 센타시아,서울,42.384,0.0
2022000561,남구로역 동일 센타시아,서울,43.1175,0.0
2022000561,남구로역 동일 센타시아,서울,43.146,0.0
2022000561,남구로역 동일 센타시아,서울,48.0152,0.0
2022000561,남구로역 동일 센타시아,서울,54.052,0.0
2022000561,남구로역 동일 센타시아,서울,60.9817,0.0
2022000561,남구로역 동일 센타시아,서울,61.1445,0.0
2022000561,남구로역 동일 센타시아,서울,67.948,0.0
2022000562,오송역 서한이다음 노블리스,충북,101.8879,0.0
2022000562,오송역 서한이다음 노블리스,충북,119.9489,0.0
2022000562,오송역 서한이다음 노블리스,충북,134.4924,0.0
2022000562,오송역 서한이다음 노블리스,충북,150.6402,0.0
2022000562,오송역 서한이다음 노블리스,충북,182.0718,0.0
2022000564,수원 아이파크 시티 10단지,경기,84.78,0.0
2022000564,수원 아이파크 시티 10단지,경기,84.9042,0.0
2022000564,수원 아이파크 시티 10단지,경기,84.9056,0.0
2022000564,수원 아이파크 시티 10단지,경기,84.9563,0.0
2022000565,힐스테이트 월산,광주,49.9088,0.0
2022000565,힐스테이트 월산,광주,75.925,0.0
2022000565,힐스테이트 월산,광주,84.9303,0.0
2022000565,힐스테이트 월산,광주,84.9643,0.0
2022000575,양양 스위트엠 디오션,강원,84.8839,0.0
2022000576,인천 검단신도시 AB17BL 우미린 클래스원,인천,84.9459,51.0
2022000576,인천 검단신도시 AB17BL 우미린 클래스원,인천,84.9792,41.0
2022000576,인천 검단신도시 AB17BL 우미린 클래스원,인천,84.9813,46.0
2022000582,인덕원 자이 SK VIEW,경기,39.9977,0.0
2022000582,인덕원 자이 SK VIEW,경기,49.9795,0.0
2022000582,인덕원 자이 SK VIEW,경기,59.9905,0.0
2022000582,인덕원 자이 SK VIEW,경기,74.9946,0.0
2022000582,인덕원 자이 SK VIEW,경기,74.9963,0.0
2022000582,인덕원 자이 SK VIEW,경기,74.9975,0.0
2022000582,인덕원 자이 SK VIEW,경기,112.9985,0.0
2022000584,힐스테이트 원주 레스티지,강원,84.9944,0.0
2022000584,힐스테이트 원주 레스티지,강원,84.9974,0.0
2022000585,천안 롯데캐슬 더 청당,충남,59.9934,0.0
2022000585,천안 롯데캐슬 더 청당,충남,59.9948,0.0
2022000585,천안 롯데캐슬 더 청당,충남,99.9968,0.0
2022000596,동백호수공원 두산위브더제니스,경기,61.9767,0.0
2022000596,동백호수공원 두산위브더제니스,경기,75.9349,0.0
2022000596,동백호수공원 두산위브더제니스,경기,84.993,0.0
2022000598,송도자이르네 디오션,부산,84.9713,0.0
2022000598,송도자이르네 디오션,부산,84.9776,0.0
2022000598,송도자이르네 디오션,부산,134.9472,0.0
2022000602,e편한세상 주촌 더프리미어,경남,84.9974,0.0
2022000602,e편한세상 주촌 더프리미어,경남,84.9986,0.0
2022000630,장성 바울루체,전남,84.9921,0.0
2022000637,동천역 트리너스,경기,47.6768,0.0
2022000637,동천역 트리너스,경기,64.1439,0.0
2022000637,동천역 트리너스,경기,97.6808,0.0
2022000649,음성자이 센트럴시티,충북,84.98,0.0
2022000651,더샵 군산프리미엘,전북,84.9836,0.0
2022000652,두류역자이,대구,59.9708,0.0
2022000652,두류역자이,대구,84.9396,0.0
2022000652,두류역자이,대구,84.9723,0.0
2022000652,두류역자이,대구,84.9916,0.0
2022000653,양정자이더샵SKVIEW,부산,46.2548,0.0
2022000653,양정자이더샵SKVIEW,부산,59.9794,0.0
2022000653,양정자이더샵SKVIEW,부산,72.2791,0.0
2022000653,양정자이더샵SKVIEW,부산,72.3725,0.0
2022000653,양정자이더샵SKVIEW,부산,72.3858,0.0
2022000653,양정자이더샵SKVIEW,부산,84.896,0.0
2022000653,양정자이더샵SKVIEW,부산,84.9268,0.0
2022000653,양정자이더샵SKVIEW,부산,84.9296,0.0
2022000660,강릉KTX역 경남아너스빌,강원,84.89,0.0
2022000660,강릉KTX역 경남아너스빌,강원,84.9392,0.0
2022000664,힐스테이트 푸르지오 수원,경기,49.92,0.0
2022000664,힐스테이트 푸르지오 수원,경기,59.88,0.0
2022000664,힐스테이트 푸르지오 수원,경기,59.95,0.0
2022000664,힐스테이트 푸르지오 수원,경기,74.96,0.0
2022000672,익산 중흥S-클래스 퍼스트파크,전북,74.6563,0.0
2022000672,익산 중흥S-클래스 퍼스트파크,전북,84.768,0.0
2022000672,익산 중흥S-클래스 퍼스트파크,전북,84.9129,0.0
2022000673,e편한세상 구미상모 트리베뉴,경북,84.6399,0.0
2022000674,파주운정 경남아너스빌 리버(A48블록),경기,59.5855,44.0
2022000674,파주운정 경남아너스빌 리버(A48블록),경기,59.9772,41.0
2022000674,파주운정 경남아너스빌 리버(A48블록),경기,84.234,54.0
2022000674,파주운정 경남아너스빌 리버(A48블록),경기,84.8869,44.0
2022000675,파주운정 경남아너스빌 디원(A18블록),경기,84.234,56.0
2022000675,파주운정 경남아너스빌 디원(A18블록),경기,84.8869,50.0
2022000678,서면경남아너스빌엔테로까사,부산,84.9518,0.0
2022000678,서면경남아너스빌엔테로까사,부산,84.968,0.0
2022000686,평택 고덕국제신도시 디에트르 리비에르,경기,84.9714,63.0
2022000686,평택 고덕국제신도시 디에트르 리비에르,경기,84.9735,56.0
2022000686,평택 고덕국제신도시 디에트르 리비에르,경기,84.9745,57.0
2022000696,한신더휴 조치원,세종,65.999,0.0
2022000709,도안 우미린 트리쉐이드,대전,84.9558,0.0
2022000714,e편한세상 홍성 더센트럴,충남,84.9925,0.0
2022000716,오산 세교2지구 A-21블록 모아미래도,경기,84.7517,47.0
2022000716,오산 세교2지구 A-21블록 모아미래도,경기,84.764,41.0
2022000716,오산 세교2지구 A-21블록 모아미래도,경기,94.5843,32.0
2022000716,오산 세교2지구 A-21블록 모아미래도,경기,94.5966,42.0
2022000718,충남내포신도시 디에트르 에듀시티,충남,84.9614,0.0
2022000720,광주 더파크 비스타 데시앙,경기,59.9607,0.0
2022000720,광주 더파크 비스타 데시앙,경기,59.9893,0.0
2022000720,광주 더파크 비스타 데시앙,경기,84.9099,0.0
2022000720,광주 더파크 비스타 데시앙,경기,84.9823,0.0
2022000720,광주 더파크 비스타 데시앙,경기,84.9963,0.0
2022000724,논산 아이파크,충남,84.98,0.0
2022000726,천안 일봉공원 호반써밋 센트럴파크(1BL),충남,84.9667,0.0
2022000727,천안 일봉공원 호반써밋 센트럴파크(2BL),충남,66.784,0.0
2022000732,연동 한일베라체 파크뷰,제주,50.7246,0.0
2022000732,연동 한일베라체 파크뷰,제주,75.289,0.0
2022000732,연동 한일베라체 파크뷰,제주,83.6381,0.0
2022000732,연동 한일베라체 파크뷰,제주,84.5951,0.0
2022000732,연동 한일베라체 파크뷰,제주,84.8934,0.0
2022000733,덕소 강변 신일해피트리,경기,49.9744,0.0
2022000733,덕소 강변 신일해피트리,경기,49.9962,0.0
2022000733,덕소 강변 신일해피트리,경기,59.9754,0.0
2022000733,덕소 강변 신일해피트리,경기,59.9934,0.0
2022000733,덕소 강변 신일해피트리,경기,74.9737,0.0
2022000743,아야진 라메르 데시앙,강원,59.9629,0.0
2022000743,아야진 라메르 데시앙,강원,84.3589,0.0
2022000743,아야진 라메르 데시앙,강원,84.9235,0.0
2022000747,둔산 더샵 엘리프,대전,48.9726,0.0
2022000747,둔산 더샵 엘리프,대전,59.961,0.0
2022000747,둔산 더샵 엘리프,대전,59.9677,0.0
2022000747,둔산 더샵 엘리프,대전,72.969,0.0
2022000747,둔산 더샵 엘리프,대전,72.9736,0.0
2022000747,둔산 더샵 엘리프,대전,84.9826,0.0
2022000747,둔산 더샵 엘리프,대전,84.987,0.0
2022000747,둔산 더샵 엘리프,대전,84.9877,0.0
2022000747,둔산 더샵 엘리프,대전,84.9879,0.0
2022000750,파주 운정신도시 A39BL 호반써밋,경기,59.9015,33.0
2022000750,파주 운정신도시 A39BL 호반써밋,경기,59.9683,34.0
2022000750,파주 운정신도시 A39BL 호반써밋,경기,84.9251,43.0
2022000752,오산 SK VIEW 1차,경기,84.9823,0.0
2022000757,평택 고덕 국제신도시 A-55 대광로제비앙 모아엘가,경기,84.9452,38.0
2022000757,평택 고덕 국제신도시 A-55 대광로제비앙 모아엘가,경기,84.9704,33.0
2022000762,동탄 파크릭스A51-1BL,경기,74.7938,17.0
2022000762,동탄 파크릭스A51-1BL,경기,84.9061,23.0
2022000762,동탄 파크릭스A51-1BL,경기,97.9688,0.0
2022000762,동탄 파크릭스A51-1BL,경기,110.6914,0.0
2022000762,동탄 파크릭스A51-1BL,경기,110.7034,30.0
2022000762,동탄 파크릭스A51-1BL,경기,110.9467,0.0
2022000763,동탄 파크릭스A51-2BL,경기,110.6914,43.0
2022000763,동탄 파크릭스A51-2BL,경기,110.7034,0.0
2022000763,동탄 파크릭스A51-2BL,경기,110.9467,0.0
2022000764,동탄 파크릭스A52BL,경기,74.7938,11.0
2022000764,동탄 파크릭스A52BL,경기,110.6914,0.0
2022000764,동탄 파크릭스A52BL,경기,110.9467,0.0
2022000767,더샵 파크솔레이유,서울,42.84,0.0
2022000767,더샵 파크솔레이유,서울,52.47,0.0
2022000767,더샵 파크솔레이유,서울,53.24,0.0
2022000767,더샵 파크솔레이유,서울,59.86,0.0
2022000767,더샵 파크솔레이유,서울,59.93,0.0
2022000767,더샵 파크솔레이유,서울,59.96,0.0
2022000767,더샵 파크솔레이유,서울,73.48,0.0
2022000767,더샵 파크솔레이유,서울,84.85,0.0
2022000767,더샵 파크솔레이유,서울,84.88,0.0
2022000767,더샵 파크솔레이유,서울,118.7,0.0
2022000771,광주 탄벌 서희스타힐스 1단지,경기,59.9591,0.0
2022000771,광주 탄벌 서희스타힐스 1단지,경기,72.9545,0.0
2022000772,광주 탄벌 서희스타힐스 2단지,경기,59.9807,0.0
2022000774,대전 에테르 스위첸,대전,62.4016,0.0
2022000774,대전 에테르 스위첸,대전,66.9377,0.0
2022000774,대전 에테르 스위첸,대전,84.8924,0.0
2022000774,대전 에테르 스위첸,대전,84.972,0.0
2022000775,파주연풍 양우내안애 에코하임,경기,59.9782,0.0
2022000775,파주연풍 양우내안애 에코하임,경기,59.9876,0.0
2022000778,리버센 SK VIEW 롯데캐슬,서울,39.99,0.0
2022000778,리버센 SK VIEW 롯데캐슬,서울,49.97,0.0
2022000778,리버센 SK VIEW 롯데캐슬,서울,49.99,0.0
2022000778,리버센 SK VIEW 롯데캐슬,서울,59.99,0.0
2022000778,리버센 SK VIEW 롯데캐슬,서울,70.98,0.0
2022000778,리버센 SK VIEW 롯데캐슬,서울,84.54,0.0
2022000778,리버센 SK VIEW 롯데캐슬,서울,84.97,0.0
2022000778,리버센 SK VIEW 롯데캐슬,서울,84.99,0.0
2022000778,리버센 SK VIEW 롯데캐슬,서울,100.97,0.0
2022000778,리버센 SK VIEW 롯데캐슬,서울,100.99,0.0
2022000780,학산 한신더휴 엘리트파크,경북,84.9239,0.0
2022000782,영주 아이파크,경북,84.9891,0.0
2022000782,영주 아이파크,경북,84.9902,0.0
2022000787,파주 운정신도시 A49블록 시티프라디움 (본청약),경기,59.9812,29.0
2022000787,파주 운정신도시 A49블록 시티프라디움 (본청약),경기,59.9984,47.0
2022000787,파주 운정신도시 A49블록 시티프라디움 (본청약),경기,84.9868,41.0
2022000787,파주 운정신도시 A49블록 시티프라디움 (본청약),경기,84.9916,46.0
2022000795,엘리프 애월,제주,52.8491,0.0
2022000798,아산자이 그랜드파크 1단지,충남,74.9277,0.0
2022000798,아산자이 그랜드파크 1단지,충남,74.9558,0.0
2022000798,아산자이 그랜드파크 1단지,충남,82.4072,0.0
2022000798,아산자이 그랜드파크 1단지,충남,84.6507,0.0
2022000799,아산자이 그랜드파크 2단지,충남,84.6507,0.0
2022000805,동탄 A106 어울림 파밀리에,경기,84.444,46.0
2022000805,동탄 A106 어울림 파밀리에,경기,84.6492,25.0
2022000810,e편한세상 대전역 센텀비스타,대전,84.9555,0.0
2022000820,함양 금호어울림 리더스파크,경남,84.994,0.0
2022000821,e편한세상 죽전 프리미어포레,경기,84.3672,0.0
2022000821,e편한세상 죽전 프리미어포레,경기,84.5139,0.0
2022000826,브라운스톤 여월,경기,59.95,0.0
2022000835,장위자이 레디언트,서울,49.82,0.0
2022000835,장위자이 레디언트,서울,49.94,0.0
2022000835,장위자이 레디언트,서울,49.98,0.0
2022000835,장위자이 레디언트,서울,59.97,0.0
2022000835,장위자이 레디언트,서울,59.98,0.0
2022000835,장위자이 레디언트,서울,59.99,0.0
2022000835,장위자이 레디언트,서울,72.99,0.0
2022000835,장위자이 레디언트,서울,84.87,0.0
2022000835,장위자이 레디언트,서울,84.98,0.0
2022000835,장위자이 레디언트,서울,84.99,0.0
2022000835,장위자이 레디언트,서울,97.86,0.0
2022000836,창원 센트럴파크 에일린의 뜰,경남,59.9121,0.0
2022000836,창원 센트럴파크 에일린의 뜰,경남,75.3336,0.0
2022000836,창원 센트럴파크 에일린의 뜰,경남,75.4274,0.0
2022000836,창원 센트럴파크 에일린의 뜰,경남,75.5245,0.0
2022000836,창원 센트럴파크 에일린의 뜰,경남,84.9897,0.0
2022000837,화곡 더리브 스카이 주상복합아파트,서울,30.2694,0.0
2022000837,화곡 더리브 스카이 주상복합아파트,서울,40.9032,0.0
2022000837,화곡 더리브 스카이 주상복합아파트,서울,41.8783,0.0
2022000837,화곡 더리브 스카이 주상복합아파트,서울,50.5169,0.0
2022000837,화곡 더리브 스카이 주상복합아파트,서울,59.093,0.0
2022000839,힐스테이트 인천시청역,인천,84.93,0.0
2022000840,원주 롯데캐슬 시그니처,강원,84.96,0.0
2022000840,원주 롯데캐슬 시그니처,강원,84.97,0.0
2022000842,힐스테이트 천안역 스카이움,충남,59.9269,0.0
2022000844,백년문화공원 극동스타클래스,경남,84.5989,0.0
2022000844,백년문화공원 극동스타클래스,경남,84.9701,0.0
2022000846,올림픽파크 포레온,서울,29.97,0.0
2022000846,올림픽파크 포레온,서울,39.95,0.0
2022000846,올림픽파크 포레온,서울,49.95,0.0
2022000846,올림픽파크 포레온,서울,59.96,0.0
2022000846,올림픽파크 포레온,서울,59.98,0.0
2022000846,올림픽파크 포레온,서울,59.99,0.0
2022000846,올림픽파크 포레온,서울,84.98,0.0
2022000846,올림픽파크 포레온,서울,84.99,0.0
2022000852,청주 개신동 원더라움 아파트,충북,59.9488,0.0
2022000853,도심역 한양수자인 리버파인,경기,45.8853,0.0
2022000853,도심역 한양수자인 리버파인,경기,59.8323,0.0
2022000853,도심역 한양수자인 리버파인,경기,59.9915,0.0
2022000853,도심역 한양수자인 리버파인,경기,75.9178,0.0
2022000853,도심역 한양수자인 리버파인,경기,75.9542,0.0
2022000853,도심역 한양수자인 리버파인,경기,84.7927,0.0
2022000855,광주 송정 중흥S-클래스 파크뷰,경기,59.867,0.0
2022000855,광주 송정 중흥S-클래스 파크뷰,경기,84.6234,0.0
2022000873,철산자이 더 헤리티지,경기,59.9867,0.0
2022000873,철산자이 더 헤리티지,경기,84.9888,0.0
2022000873,철산자이 더 헤리티지,경기,84.9926,0.0
2022000873,철산자이 더 헤리티지,경기,114.9993,0.0
2022000880,더샵 지제역 센트럴파크 2BL,경기,59.7656,0.0
2022000880,더샵 지제역 센트럴파크 2BL,경기,74.9744,0.0
2022000880,더샵 지제역 센트럴파크 2BL,경기,84.7982,0.0
2022000883,강동 헤리티지 자이,서울,59.98,0.0
2022000887,마포 더 클래시,서울,59.5,0.0
2022000887,마포 더 클래시,서울,59.97,0.0
2022000887,마포 더 클래시,서울,84.94,0.0
2022000887,마포 더 클래시,서울,84.98,0.0
2022000892,강릉교동 금호어울림 올림픽파크 아파트,강원,84.9147,0.0
2022000892,강릉교동 금호어울림 올림픽파크 아파트,강원,84.9547,0.0
2022000893,복대자이 더 스카이,충북,84.7514,0.0
2022000893,복대자이 더 스카이,충북,84.9926,0.0
2022000893,복대자이 더 스카이,충북,84.9977,0.0
2022000893,복대자이 더 스카이,충북,84.9981,0.0
2022000896,광명 제10R구역 호반써밋 그랜드 에비뉴,경기,59.8,0.0
2022000896,광명 제10R구역 호반써밋 그랜드 에비뉴,경기,59.94,0.0
2022000896,광명 제10R구역 호반써밋 그랜드 에비뉴,경기,84.96,0.0
2022000900,남천자이,부산,59.9884,0.0
2022000900,남천자이,부산,59.9902,0.0
2022000900,남천자이,부산,59.9987,0.0
2022000900,남천자이,부산,74.9825,0.0
2022000900,남천자이,부산,74.9957,0.0
2022000900,남천자이,부산,84.985,0.0
2022000900,남천자이,부산,84.9852,0.0
2022000900,남천자이,부산,84.9907,0.0
2022000900,남천자이,부산,84.9932,0.0
2022000908,평촌 센텀퍼스트,경기,84.525,0.0
2022000908,평촌 센텀퍼스트,경기,84.9122,0.0
2022000913,창원 롯데캐슬 포레스트 1BL,경남,84.9871,0.0
2022000913,창원 롯데캐슬 포레스트 1BL,경남,84.9911,0.0
2022000913,창원 롯데캐슬 포레스트 1BL,경남,84.9928,0.0
2022000913,창원 롯데캐슬 포레스트 1BL,경남,84.9995,0.0
2022000914,창원 롯데캐슬 포레스트 2BL,경남,84.9871,0.0
2022000914,창원 롯데캐슬 포레스트 2BL,경남,84.9911,0.0
2022000914,창원 롯데캐슬 포레스트 2BL,경남,84.9928,0.0
2022000914,창원 롯데캐슬 포레스트 2BL,경남,84.9995,0.0
2022520001,파주 운정신도시 A33블록 우미 린(사전청약),경기,84.9939,59.0
2022520001,파주 운정신도시 A33블록 우미 린(사전청약),경기,84.9957,55.0
2022520002,양주 회천지구 A-20BL 대광로제비앙 2차(사전청약),경기,74.8299,52.0
2022520002,양주 회천지구 A-20BL 대광로제비앙 2차(사전청약),경기,84.9934,56.0
2022520002,양주 회천지구 A-20BL 대광로제비앙 2차(사전청약),경기,84.9996,46.0
2022520003,인천 검단신도시 AB13블록 호반써밋Ⅲ(사전청약),인천,84.9328,44.0
2022520003,인천 검단신도시 AB13블록 호반써밋Ⅲ(사전청약),인천,84.9692,47.0
2022520003,인천 검단신도시 AB13블록 호반써밋Ⅲ(사전청약),인천,84.9697,52.0
2022520003,인천 검단신도시 AB13블록 호반써밋Ⅲ(사전청약),인천,84.9955,52.0
2022520003,인천 검단신도시 AB13블록 호반써밋Ⅲ(사전청약),인천,97.9655,45.0
2022520005,아산 탕정지구 2-A12BL 대광로제비앙(사전청약),충남,84.6883,0.0
2022520005,아산 탕정지구 2-A12BL 대광로제비앙(사전청약),충남,84.9233,0.0
2022520006,울산다운2지구 B-2BL 우미린(사전청약),울산,84.9987,0.0
2022520007,부산장안 디에트르(사전청약),부산,84.9815,0.0
2022520007,부산장안 디에트르(사전청약),부산,84.9934,0.0
2022520007,부산장안 디에트르(사전청약),부산,84.994,0.0
2022520008,제일풍경채 의왕고천(사전청약),경기,84.2033,0.0
2022520008,제일풍경채 의왕고천(사전청약),경기,84.2042,0.0
2022520008,제일풍경채 의왕고천(사전청약),경기,84.221,0.0
2022520009,양주 회천지구 A-12BL 라온프라이빗(사전청약),경기,84.745,37.0
2022520009,양주 회천지구 A-12BL 라온프라이빗(사전청약),경기,84.9425,14.0
2022520009,양주 회천지구 A-12BL 라온프라이빗(사전청약),경기,84.9587,24.0
2022520010,오산 세교2지구 A20블록 힐데스하임(사전청약),경기,69.7058,13.0
2022520010,오산 세교2지구 A20블록 힐데스하임(사전청약),경기,69.7263,0.0
2022520010,오산 세교2지구 A20블록 힐데스하임(사전청약),경기,69.7558,0.0
2022520010,오산 세교2지구 A20블록 힐데스하임(사전청약),경기,69.886,0.0
2022520010,오산 세교2지구 A20블록 힐데스하임(사전청약),경기,72.9739,17.0
2022520010,오산 세교2지구 A20블록 힐데스하임(사전청약),경기,84.8914,0.0
2022520010,오산 세교2지구 A20블록 힐데스하임(사전청약),경기,84.9105,20.0
2022520010,오산 세교2지구 A20블록 힐데스하임(사전청약),경기,84.9607,28.0
2022520010,오산 세교2지구 A20블록 힐데스하임(사전청약),경기,84.9633,12.0
2022520011,오산세교2 A-13블록 호반써밋(사전청약),경기,59.8303,14.0
2022520011,오산세교2 A-13블록 호반써밋(사전청약),경기,59.9523,0.0
2022520011,오산세교2 A-13블록 호반써밋(사전청약),경기,84.98,29.0
2022520012,파주 운정3지구 제일풍경채 A46BL(사전청약),경기,84.9206,64.0
2022520012,파주 운정3지구 제일풍경채 A46BL(사전청약),경기,84.9304,65.0
2022520012,파주 운정3지구 제일풍경채 A46BL(사전청약),경기,84.9394,69.0
2022520013,광주 선운2지구 예다음(사전청약),광주,84.9516,0.0
2022520013,광주 선운2지구 예다음(사전청약),광주,84.9754,0.0
2022520014,인천가정2지구 B2블록 공공분양주택(당첨취소자 우선공급),인천,84.9577,0.0
2022520014,인천가정2지구 B2블록 공공분양주택(당첨취소자 우선공급),인천,84.964,0.0
2022520014,인천가정2지구 B2블록 공공분양주택(당첨취소자 우선공급),인천,84.9753,0.0
2022520015,평택 고덕국제신도시 A-50블록(사전청약),경기,84.9508,57.0
2022520015,평택 고덕국제신도시 A-50블록(사전청약),경기,84.9927,56.0
2022520015,평택 고덕국제신도시 A-50블록(사전청약),경기,99.9609,55.0
2022520016,파주 운정신도시 A49블록 시티프라디움 (사전청약),경기,59.9812,52.0
2022520016,파주 운정신도시 A49블록 시티프라디움 (사전청약),경기,59.9984,54.0
2022520016,파주 운정신도시 A49블록 시티프라디움 (사전청약),경기,84.9868,57.0
2022520016,파주 운정신도시 A49블록 시티프라디움 (사전청약),경기,84.9916,59.0
2022520020,파주 운정3지구 주상복합용지 1BL(사전청약),경기,61.798,57.0
2022520020,파주 운정3지구 주상복합용지 1BL(사전청약),경기,61.9679,62.0
2022520020,파주 운정3지구 주상복합용지 1BL(사전청약),경기,84.4907,65.0
2022520020,파주 운정3지구 주상복합용지 1BL(사전청약),경기,84.9865,58.0
2022520020,파주 운정3지구 주상복합용지 1BL(사전청약),경기,89.0446,62.0
2022520020,파주 운정3지구 주상복합용지 1BL(사전청약),경기,89.1962,59.0
2022520021,파주 운정3지구 주상복합용지 2BL (사전청약),경기,61.798,55.0
2022520021,파주 운정3지구 주상복합용지 2BL (사전청약),경기,61.9679,57.0
2022520021,파주 운정3지구 주상복합용지 2BL (사전청약),경기,84.4907,66.0
2022520021,파주 운정3지구 주상복합용지 2BL (사전청약),경기,84.9865,59.0
2022520021,파주 운정3지구 주상복합용지 2BL (사전청약),경기,89.0446,60.0
2022520021,파주 운정3지구 주상복합용지 2BL (사전청약),경기,89.1962,57.0
2022520022,파주 운정3지구 주상복합용지 5BL (사전청약),경기,61.798,46.0
2022520022,파주 운정3지구 주상복합용지 5BL (사전청약),경기,61.9679,52.0
2022520022,파주 운정3지구 주상복합용지 5BL (사전청약),경기,84.4907,55.0
2022520022,파주 운정3지구 주상복합용지 5BL (사전청약),경기,84.9865,48.0
2022520022,파주 운정3지구 주상복합용지 5BL (사전청약),경기,89.0446,53.0
2022520022,파주 운정3지구 주상복합용지 5BL (사전청약),경기,89.1962,52.0
2022520023,파주 운정3지구 주상복합용지 6BL (사전청약),경기,61.798,51.0
2022520023,파주 운정3지구 주상복합용지 6BL (사전청약),경기,61.9679,56.0
2022520023,파주 운정3지구 주상복합용지 6BL (사전청약),경기,84.4907,55.0
2022520023,파주 운정3지구 주상복합용지 6BL (사전청약),경기,84.9865,51.0
2022520023,파주 운정3지구 주상복합용지 6BL (사전청약),경기,89.0446,55.0
2022520023,파주 운정3지구 주상복합용지 6BL (사전청약),경기,89.1962,54.0
2022520024,파주 운정3지구 주상복합용지 3BL (사전청약),경기,59.1563,57.0
2022520024,파주 운정3지구 주상복합용지 3BL (사전청약),경기,59.3788,53.0
2022520024,파주 운정3지구 주상복합용지 3BL (사전청약),경기,59.4317,51.0
2022520024,파주 운정3지구 주상복합용지 3BL (사전청약),경기,84.1293,61.0
2022520024,파주 운정3지구 주상복합용지 3BL (사전청약),경기,84.2543,59.0
2022520024,파주 운정3지구 주상복합용지 3BL (사전청약),경기,88.0315,55.0
2022520024,파주 운정3지구 주상복합용지 3BL (사전청약),경기,88.0564,58.0
2022520024,파주 운정3지구 주상복합용지 3BL (사전청약),경기,88.0577,62.0
2022520025,파주 운정3지구 주상복합용지 4BL (사전청약),경기,59.0435,53.0
2022520025,파주 운정3지구 주상복합용지 4BL (사전청약),경기,59.4317,52.0
2022520025,파주 운정3지구 주상복합용지 4BL (사전청약),경기,59.9375,49.0
2022520025,파주 운정3지구 주상복합용지 4BL (사전청약),경기,84.0827,51.0
2022520025,파주 운정3지구 주상복합용지 4BL (사전청약),경기,84.1293,56.0
2022520025,파주 운정3지구 주상복합용지 4BL (사전청약),경기,84.2543,50.0
2022520029,세종 금강펜테리움 더 시글로(4-2생활권 H3BL) (사전청약),세종,59.0,47.0
2022520029,세종 금강펜테리움 더 시글로(4-2생활권 H3BL) (사전청약),세종,61.0,54.0
2022520029,세종 금강펜테리움 더 시글로(4-2생활권 H3BL) (사전청약),세종,84.0,59.0
2022520029,세종 금강펜테리움 더 시글로(4-2생활권 H3BL) (사전청약),세종,85.8405,69.0
2022520029,세종 금강펜테리움 더 시글로(4-2생활권 H3BL) (사전청약),세종,91.0,60.0
2022520030,"인천 영종국제도시 RC4-1,2BL 주상복합 (사전청약)",인천,84.967,18.0
2022520030,"인천 영종국제도시 RC4-1,2BL 주상복합 (사전청약)",인천,84.9966,0.0
2022520030,"인천 영종국제도시 RC4-1,2BL 주상복합 (사전청약)",인천,112.9721,27.0
2022520030,"인천 영종국제도시 RC4-1,2BL 주상복합 (사전청약)",인천,112.981,0.0
2022520031,성남 금토지구 A-3블록 중흥S-클래스 (사전청약),경기,84.1043,0.0
2022520031,성남 금토지구 A-3블록 중흥S-클래스 (사전청약),경기,84.1202,0.0
2022520031,성남 금토지구 A-3블록 중흥S-클래스 (사전청약),경기,84.143,0.0
2022520031,성남 금토지구 A-3블록 중흥S-클래스 (사전청약),경기,84.154,0.0
2022520038,수원 당수지구 D3블록(사전청약),경기,74.92,24.0
2022520038,수원 당수지구 D3블록(사전청약),경기,84.99,32.0
2022520038,수원 당수지구 D3블록(사전청약),경기,92.99,0.0
2022520038,수원 당수지구 D3블록(사전청약),경기,112.81,0.0
2022520044,성남 복정1지구 B3블록(사전청약),경기,84.91,0.0
2022520044,성남 복정1지구 B3블록(사전청약),경기,84.93,0.0
2023000006,등촌 지와인,서울,59.6202,0.0
2023000006,등촌 지와인,서울,84.9702,0.0
2023000007,이안 시그니처 역곡,경기,50.69,0.0
2023000007,이안 시그니처 역곡,경기,60.76,0.0
2023000007,이안 시그니처 역곡,경기,63.21,0.0
2023000007,이안 시그니처 역곡,경기,65.98,0.0
2023000009,수원성 중흥S-클래스,경기,49.8749,0.0
2023000009,수원성 중흥S-클래스,경기,59.9597,0.0
2023000009,수원성 중흥S-클래스,경기,75.9793,0.0
2023000009,수원성 중흥S-클래스,경기,84.9015,0.0
2023000014,그린나래,경기,57.62,0.0
2023000014,그린나래,경기,59.69,0.0
2023000014,그린나래,경기,59.95,0.0
2023000015,더샵 아르테,인천,84.9013,0.0
2023000015,더샵 아르테,인천,84.9135,0.0
2023000022,동탄 파크릭스 A55BL,경기,74.7938,51.0
2023000022,동탄 파크릭스 A55BL,경기,84.9061,52.0
2023000022,동탄 파크릭스 A55BL,경기,84.9419,30.0
2023000027,에코델타시티 푸르지오 린,부산,84.9061,0.0
2023000027,에코델타시티 푸르지오 린,부산,84.9501,0.0
2023000028,구리역 롯데캐슬 시그니처,경기,34.0788,0.0
2023000028,구리역 롯데캐슬 시그니처,경기,46.4345,0.0
2023000028,구리역 롯데캐슬 시그니처,경기,59.0695,0.0
2023000028,구리역 롯데캐슬 시그니처,경기,59.1049,0.0
2023000028,구리역 롯데캐슬 시그니처,경기,59.9803,0.0
2023000028,구리역 롯데캐슬 시그니처,경기,82.4015,0.0
2023000028,구리역 롯데캐슬 시그니처,경기,82.4502,0.0
2023000048,영등포자이 디그니티,서울,59.9318,0.0
2023000048,영등포자이 디그니티,서울,59.9921,0.0
2023000048,영등포자이 디그니티,서울,59.9968,0.0
2023000048,영등포자이 디그니티,서울,84.8353,0.0
2023000048,영등포자이 디그니티,서울,84.906,0.0
2023000048,영등포자이 디그니티,서울,84.9087,0.0
2023000051,청주 동일하이빌 파크레인,충북,84.9974,0.0
2023000051,청주 동일하이빌 파크레인,충북,84.9996,0.0
2023000051,청주 동일하이빌 파크레인,충북,84.9997,0.0
2023000052,센트레빌 아스테리움 시그니처,서울,59.9917,0.0
2023000052,센트레빌 아스테리움 시그니처,서울,59.9976,0.0
2023000052,센트레빌 아스테리움 시그니처,서울,59.9995,0.0
2023000052,센트레빌 아스테리움 시그니처,서울,70.6625,0.0
2023000052,센트레빌 아스테리움 시그니처,서울,70.8482,0.0
2023000052,센트레빌 아스테리움 시그니처,서울,84.9719,0.0
2023000053,검단신도시 금강펜테리움 3차 센트럴파크,인천,74.9594,0.0
2023000053,검단신도시 금강펜테리움 3차 센트럴파크,인천,84.6871,38.0
2023000053,검단신도시 금강펜테리움 3차 센트럴파크,인천,84.6955,35.0
2023000060,위파크 마륵공원,광주,84.9031,0.0
2023000060,위파크 마륵공원,광주,84.9087,0.0
2023000060,위파크 마륵공원,광주,84.9095,0.0
2023000060,위파크 마륵공원,광주,84.9112,0.0
2023000067,휘경자이 디센시아,서울,39.83,0.0
2023000067,휘경자이 디센시아,서울,59.93,0.0
2023000067,휘경자이 디센시아,서울,59.96,0.0
2023000067,휘경자이 디센시아,서울,59.98,0.0
2023000067,휘경자이 디센시아,서울,59.99,0.0
2023000067,휘경자이 디센시아,서울,84.97,0.0
2023000067,휘경자이 디센시아,서울,84.99,0.0
2023000069,두산위브더제니스 오션시티,부산,59.78,0.0
2023000069,두산위브더제니스 오션시티,부산,84.9746,0.0
2023000072,정읍 푸르지오 더 퍼스트,전북,84.9067,0.0
2023000072,정읍 푸르지오 더 퍼스트,전북,84.9263,0.0
2023000072,정읍 푸르지오 더 퍼스트,전북,84.9413,0.0
2023000078,효성해링턴 플레이스 제주,제주,76.1233,0.0
2023000085,해운대역 푸르지오 더원,부산,59.9435,0.0
2023000085,해운대역 푸르지오 더원,부산,59.9721,0.0
2023000085,해운대역 푸르지오 더원,부산,74.9996,0.0
2023000085,해운대역 푸르지오 더원,부산,84.9322,0.0
2023000088,파주 운정신도시 디에트르 센트럴,경기,84.9671,35.0
2023000088,파주 운정신도시 디에트르 센트럴,경기,84.9875,28.0
2023000088,파주 운정신도시 디에트르 센트럴,경기,84.9951,25.0
2023000100,운정자이 시그니처,경기,74.9097,68.0
2023000100,운정자이 시그니처,경기,74.9707,61.0
2023000100,운정자이 시그니처,경기,84.9693,68.0
2023000100,운정자이 시그니처,경기,84.9769,0.0
2023000100,운정자이 시그니처,경기,84.9787,74.0
2023000100,운정자이 시그니처,경기,84.9894,60.0
2023000104,e편한세상 봉선 셀레스티지,광주,84.9925,0.0
2023000104,e편한세상 봉선 셀레스티지,광주,84.9995,0.0
2023000107,동탄신도시 금강펜테리움 6차 센트럴파크(A59블럭),경기,84.7576,48.0
2023000107,동탄신도시 금강펜테리움 6차 센트럴파크(A59블럭),경기,84.9856,46.0
2023000114,중앙하이츠 금광프리미엄 아파트,경기,61.3252,0.0
2023000114,중앙하이츠 금광프리미엄 아파트,경기,62.2785,0.0
2023000114,중앙하이츠 금광프리미엄 아파트,경기,68.4773,0.0
2023000117,에코델타시티 대성베르힐 17BL,부산,84.428,0.0
2023000117,에코델타시티 대성베르힐 17BL,부산,84.953,0.0
2023000117,에코델타시티 대성베르힐 17BL,부산,84.9866,0.0
2023000128,청주 테크노폴리스 A9BL 힐데스하임,충북,84.94,0.0
2023000128,청주 테크노폴리스 A9BL 힐데스하임,충북,84.96,0.0
2023000128,청주 테크노폴리스 A9BL 힐데스하임,충북,84.99,0.0
2023000129,시화MTV 푸르지오 디오션,경기,78.9525,45.0
2023000139,e편한세상 용인역 플랫폼시티,경기,59.809,0.0
2023000139,e편한세상 용인역 플랫폼시티,경기,59.9257,0.0
2023000139,e편한세상 용인역 플랫폼시티,경기,59.9774,0.0
2023000139,e편한세상 용인역 플랫폼시티,경기,74.9589,0.0
2023000139,e편한세상 용인역 플랫폼시티,경기,84.7796,0.0
2023000139,e편한세상 용인역 플랫폼시티,경기,84.8148,0.0
2023000139,e편한세상 용인역 플랫폼시티,경기,84.8903,0.0
2023000139,e편한세상 용인역 플랫폼시티,경기,84.8945,0.0
2023000139,e편한세상 용인역 플랫폼시티,경기,84.9954,0.0
2023000141,해링턴 플레이스 테크노폴리스,충북,84.6047,0.0
2023000141,해링턴 플레이스 테크노폴리스,충북,84.7076,0.0
2023000141,해링턴 플레이스 테크노폴리스,충북,84.9471,0.0
2023000141,해링턴 플레이스 테크노폴리스,충북,84.9707,0.0
2023000141,해링턴 플레이스 테크노폴리스,충북,84.9832,0.0
2023000144,엘리프 미아역 1단지,서울,59.651,0.0
2023000144,엘리프 미아역 1단지,서울,59.925,0.0
2023000144,엘리프 미아역 1단지,서울,59.997,0.0
2023000144,엘리프 미아역 1단지,서울,74.963,0.0
2023000145,엘리프 미아역 2단지,서울,49.684,0.0
2023000145,엘리프 미아역 2단지,서울,59.856,0.0
2023000145,엘리프 미아역 2단지,서울,59.918,0.0
2023000145,엘리프 미아역 2단지,서울,59.992,0.0
2023000145,엘리프 미아역 2단지,서울,74.829,0.0
2023000145,엘리프 미아역 2단지,서울,84.72,0.0
2023000149,해링턴 플레이스 다산파크,경기,84.8398,0.0
2023000149,해링턴 플레이스 다산파크,경기,84.8891,0.0
2023000149,해링턴 플레이스 다산파크,경기,84.918,0.0
2023000158,광명자이더샵포레나,경기,39.9757,0.0
2023000158,광명자이더샵포레나,경기,49.8113,0.0
2023000158,광명자이더샵포레나,경기,49.8336,0.0
2023000158,광명자이더샵포레나,경기,74.9477,0.0
2023000158,광명자이더샵포레나,경기,84.519,0.0
2023000158,광명자이더샵포레나,경기,84.8214,0.0
2023000159,롯데캐슬 인피니엘,부산,36.2022,0.0
2023000159,롯데캐슬 인피니엘,부산,84.9524,0.0
2023000160,군산 한라비발디 더프라임,전북,84.8546,0.0
2023000161,부산에코델타시티 디에트르 더 퍼스트(28BL),부산,84.9944,0.0
2023000164,인천 신흥동 3가 숭의역 엘크루(조합원취소분),인천,59.1269,0.0
2023000165,시흥 센트럴 헤센,경기,59.9932,0.0
2023000165,시흥 센트럴 헤센,경기,84.9692,0.0
2023000174,새절역 두산위브 트레지움,서울,59.97,0.0
2023000174,새절역 두산위브 트레지움,서울,76.81,0.0
2023000174,새절역 두산위브 트레지움,서울,84.96,0.0
2023000174,새절역 두산위브 트레지움,서울,84.98,0.0
2023000174,새절역 두산위브 트레지움,서울,84.99,0.0
2023000177,미추홀 루브루 숭의,인천,46.548,0.0
2023000178,신영지웰 푸르지오 테크노폴리스 센트럴,충북,84.7367,0.0
2023000178,신영지웰 푸르지오 테크노폴리스 센트럴,충북,84.8902,0.0
2023000178,신영지웰 푸르지오 테크노폴리스 센트럴,충북,84.9243,0.0
2023000189,DMC 가재울 아이파크,서울,59.8287,0.0
2023000189,DMC 가재울 아이파크,서울,59.846,0.0
2023000194,해피투모로우 쥬디원,부산,62.6322,0.0
2023000195,상무센트럴자이,광주,84.96,0.0
2023000195,상무센트럴자이,광주,84.97,0.0
2023000195,상무센트럴자이,광주,84.99,0.0
2023000201,인덕원 퍼스비엘,경기,49.4,0.0
2023000201,인덕원 퍼스비엘,경기,49.6,0.0
2023000201,인덕원 퍼스비엘,경기,59.44,0.0
2023000201,인덕원 퍼스비엘,경기,59.5,0.0
2023000201,인덕원 퍼스비엘,경기,74.76,0.0
2023000201,인덕원 퍼스비엘,경기,84.55,0.0
2023000202,힐스테이트 모종 블랑루체,충남,84.9752,0.0
2023000211,인천 검단신도시 AB19블럭 호반써밋(본청약),인천,84.6346,38.0
2023000211,인천 검단신도시 AB19블럭 호반써밋(본청약),인천,84.6407,53.0
2023000211,인천 검단신도시 AB19블럭 호반써밋(본청약),인천,84.6771,42.0
2023000214,더퍼스트 데시앙,광주,84.9271,0.0
2023000218,양양 금호어울림 더퍼스트,강원,59.9957,0.0
2023000218,양양 금호어울림 더퍼스트,강원,84.976,0.0
2023000224,평택 브레인시티 2BL 대광로제비앙 모아엘가,경기,59.9621,33.0
2023000224,평택 브레인시티 2BL 대광로제비앙 모아엘가,경기,84.9991,25.0
2023000226,힐스테이트 자이 아산센텀,충남,74.5587,0.0
2023000226,힐스테이트 자이 아산센텀,충남,74.9657,0.0
2023000226,힐스테이트 자이 아산센텀,충남,84.7898,0.0
2023000226,힐스테이트 자이 아산센텀,충남,84.8623,0.0
2023000228,교대역 모아엘가 그랑데,광주,59.7791,0.0
2023000228,교대역 모아엘가 그랑데,광주,59.8653,0.0
2023000228,교대역 모아엘가 그랑데,광주,74.9557,0.0
2023000228,교대역 모아엘가 그랑데,광주,84.838,0.0
2023000228,교대역 모아엘가 그랑데,광주,84.9236,0.0
2023000230,롯데캐슬 이스트폴,서울,74.92,0.0
2023000230,롯데캐슬 이스트폴,서울,84.73,0.0
2023000230,롯데캐슬 이스트폴,서울,84.86,0.0
2023000232,지제역 반도체밸리 제일풍경채 2블록,경기,84.9484,0.0
2023000232,지제역 반도체밸리 제일풍경채 2블록,경기,84.9556,0.0
2023000240,서희스타힐스 스타디움센트럴씨티,인천,59.9321,0.0
2023000240,서희스타힐스 스타디움센트럴씨티,인천,59.9894,0.0
2023000240,서희스타힐스 스타디움센트럴씨티,인천,84.9171,0.0
2023000240,서희스타힐스 스타디움센트럴씨티,인천,84.9597,0.0
2023000255,서울대벤처타운역 푸르지오,서울,51.9836,0.0
2023000255,서울대벤처타운역 푸르지오,서울,59.9854,0.0
2023000255,서울대벤처타운역 푸르지오,서울,74.9266,0.0
2023000255,서울대벤처타운역 푸르지오,서울,84.9828,0.0
2023000255,서울대벤처타운역 푸르지오,서울,84.9843,0.0
2023000257,해운대 경동리인뷰 2차,부산,69.9102,0.0
2023000257,해운대 경동리인뷰 2차,부산,84.4354,0.0
2023000257,해운대 경동리인뷰 2차,부산,84.5189,0.0
2023000257,해운대 경동리인뷰 2차,부산,84.6226,0.0
2023000257,해운대 경동리인뷰 2차,부산,84.9646,0.0
2023000257,해운대 경동리인뷰 2차,부산,84.9773,0.0
2023000259,더샵 신문그리니티,경남,84.6801,0.0
2023000259,더샵 신문그리니티,경남,84.933,0.0
2023000267,월명공원 한라비발디 온더파크,충북,76.74,0.0
2023000267,월명공원 한라비발디 온더파크,충북,84.81,0.0
2023000267,월명공원 한라비발디 온더파크,충북,84.97,0.0
2023000277,고창 광신프로그레스,전북,84.5742,0.0
2023000277,고창 광신프로그레스,전북,84.7746,0.0
2023000277,고창 광신프로그레스,전북,84.935,0.0
2023000281,청량리 롯데캐슬 하이루체,서울,51.4261,0.0
2023000281,청량리 롯데캐슬 하이루체,서울,59.9314,0.0
2023000281,청량리 롯데캐슬 하이루체,서울,59.9753,0.0
2023000282,둔촌 현대수린나,서울,66.9262,0.0
2023000282,둔촌 현대수린나,서울,73.0597,0.0
2023000282,둔촌 현대수린나,서울,76.6086,0.0
2023000282,둔촌 현대수린나,서울,84.8282,0.0
2023000284,e편한세상 원주 프리모원(1회차),강원,59.9875,0.0
2023000284,e편한세상 원주 프리모원(1회차),강원,74.5117,0.0
2023000284,e편한세상 원주 프리모원(1회차),강원,74.9929,0.0
2023000287,대연 디아이엘,부산,59.765,0.0
2023000287,대연 디아이엘,부산,59.953,0.0
2023000287,대연 디아이엘,부산,84.8319,0.0
2023000287,대연 디아이엘,부산,84.9812,0.0
2023000288,시흥 롯데캐슬 시그니처 1블록,경기,84.8493,0.0
2023000288,시흥 롯데캐슬 시그니처 1블록,경기,84.8882,0.0
2023000288,시흥 롯데캐슬 시그니처 1블록,경기,84.9831,0.0
2023000289,시흥 롯데캐슬 시그니처 2블록,경기,84.8493,0.0
2023000289,시흥 롯데캐슬 시그니처 2블록,경기,84.8882,0.0
2023000303,광명 센트럴 아이파크,경기,39.939,0.0
2023000303,광명 센트럴 아이파크,경기,49.348,0.0
2023000303,광명 센트럴 아이파크,경기,59.9811,0.0
2023000303,광명 센트럴 아이파크,경기,59.982,0.0
2023000303,광명 센트럴 아이파크,경기,75.466,0.0
2023000303,광명 센트럴 아이파크,경기,84.915,0.0
2023000303,광명 센트럴 아이파크,경기,84.941,0.0
2023000307,이천중리B2-BL 우미린 트리쉐이드,경기,84.5367,0.0
2023000307,이천중리B2-BL 우미린 트리쉐이드,경기,84.6356,0.0
2023000307,이천중리B2-BL 우미린 트리쉐이드,경기,84.6374,0.0
2023000311,청계 SK VIEW,서울,59.8109,0.0
2023000311,청계 SK VIEW,서울,59.8279,0.0
2023000311,청계 SK VIEW,서울,59.8788,0.0
2023000311,청계 SK VIEW,서울,84.8124,0.0
2023000312,에코시티 한양수자인 디에스틴 주상복합,전북,84.9779,0.0
2023000312,에코시티 한양수자인 디에스틴 주상복합,전북,84.9834,0.0
2023000312,에코시티 한양수자인 디에스틴 주상복합,전북,84.9922,0.0
2023000319,춘천 레이크시티 아이파크,강원,63.0124,0.0
2023000319,춘천 레이크시티 아이파크,강원,76.2801,0.0
2023000319,춘천 레이크시티 아이파크,강원,84.338,0.0
2023000319,춘천 레이크시티 아이파크,강원,84.4653,0.0
2023000319,춘천 레이크시티 아이파크,강원,84.777,0.0
2023000324,용산 호반써밋 에이디션,서울,84.2287,0.0
2023000324,용산 호반써밋 에이디션,서울,84.2753,0.0
2023000324,용산 호반써밋 에이디션,서울,105.6071,0.0
2023000324,용산 호반써밋 에이디션,서울,105.7501,0.0
2023000324,용산 호반써밋 에이디션,서울,122.8014,0.0
2023000330,둔산 자이 아이파크,대전,59.99,0.0
2023000330,둔산 자이 아이파크,대전,76.99,0.0
2023000330,둔산 자이 아이파크,대전,84.99,0.0
2023000336,가양동 다우갤러리 휴리움,대전,78.2112,0.0
2023000337,힐스테이트 속초,강원,84.1709,0.0
2023000337,힐스테이트 속초,강원,84.2107,0.0
2023000338,평택 고덕국제신도시 A-49블록 호반써밋 3차(본청약),경기,84.52,57.0
2023000338,평택 고덕국제신도시 A-49블록 호반써밋 3차(본청약),경기,84.8687,62.0
2023000338,평택 고덕국제신도시 A-49블록 호반써밋 3차(본청약),경기,84.9339,64.0
2023000340,포레나 인천학익,인천,74.854,0.0
2023000343,강동 중앙하이츠 시티,서울,44.0651,0.0
2023000343,강동 중앙하이츠 시티,서울,44.2781,0.0
2023000343,강동 중앙하이츠 시티,서울,46.6786,0.0
2023000343,강동 중앙하이츠 시티,서울,49.8697,0.0
2023000343,강동 중앙하이츠 시티,서울,49.8917,0.0
2023000347,효성해링턴 플레이스 목감역,경기,71.021,0.0
2023000351,위파크 더 센트럴,광주,84.7121,0.0
2023000351,위파크 더 센트럴,광주,84.9441,0.0
2023000358,수유 시그니티,서울,22.1,0.0
2023000358,수유 시그니티,서울,35.8001,0.0
2023000358,수유 시그니티,서울,48.5913,0.0
2023000359,검단신도시 롯데캐슬 넥스티엘,인천,84.2301,62.0
2023000359,검단신도시 롯데캐슬 넥스티엘,인천,84.8168,64.0
2023000359,검단신도시 롯데캐슬 넥스티엘,인천,84.8448,65.0
2023000359,검단신도시 롯데캐슬 넥스티엘,인천,84.9956,60.0
2023000367,원주자이 센트로,강원,84.9932,0.0
2023000370,힐스테이트 신용 더리버,광주,74.98,0.0
2023000370,힐스테이트 신용 더리버,광주,84.6,0.0
2023000370,힐스테이트 신용 더리버,광주,84.77,0.0
2023000370,힐스테이트 신용 더리버,광주,84.94,0.0
2023000370,힐스테이트 신용 더리버,광주,84.99,0.0
2023000380,광명 소하 신원아침도시1,경기,54.62,0.0
2023000380,광명 소하 신원아침도시1,경기,59.92,0.0
2023000381,광명 소하 신원아침도시2,경기,49.85,0.0
2023000381,광명 소하 신원아침도시2,경기,59.99,0.0
2023000381,광명 소하 신원아침도시2,경기,76.15,0.0
2023000381,광명 소하 신원아침도시2,경기,76.61,0.0
2023000382,래미안 라그란데,서울,52.98,0.0
2023000382,래미안 라그란데,서울,55.99,0.0
2023000382,래미안 라그란데,서울,59.95,0.0
2023000382,래미안 라그란데,서울,59.98,0.0
2023000382,래미안 라그란데,서울,74.98,0.0
2023000382,래미안 라그란데,서울,74.99,0.0
2023000382,래미안 라그란데,서울,84.97,0.0
2023000382,래미안 라그란데,서울,84.99,0.0
2023000385,광산센트럴파크,광주,84.9829,0.0
2023000391,힐스테이트 첨단센트럴,전남,84.5671,0.0
2023000391,힐스테이트 첨단센트럴,전남,84.9863,0.0
2023000404,상도 푸르지오 클라베뉴,서울,59.8166,0.0
2023000404,상도 푸르지오 클라베뉴,서울,59.9425,0.0
2023000404,상도 푸르지오 클라베뉴,서울,74.9953,0.0
2023000404,상도 푸르지오 클라베뉴,서울,84.4744,0.0
2023000404,상도 푸르지오 클라베뉴,서울,84.6246,0.0
2023000404,상도 푸르지오 클라베뉴,서울,84.9198,0.0
2023000405,군산 지곡 한라비발디 2차 은파레이크뷰,전북,84.5746,0.0
2023000406,제일풍경채 계양 위너스카이 A블록,인천,59.9712,0.0
2023000406,제일풍경채 계양 위너스카이 A블록,인천,59.9777,0.0
2023000407,제일풍경채 계양 위너스카이 B블록,인천,75.9981,0.0
2023000407,제일풍경채 계양 위너스카이 B블록,인천,84.4461,0.0
2023000407,제일풍경채 계양 위너스카이 B블록,인천,84.8081,0.0
2023000407,제일풍경채 계양 위너스카이 B블록,인천,84.8179,0.0
2023000408,용인 센트레빌 그리니에,경기,84.8243,0.0
2023000408,용인 센트레빌 그리니에,경기,84.8951,0.0
2023000408,용인 센트레빌 그리니에,경기,84.9376,0.0
2023000408,용인 센트레빌 그리니에,경기,84.9905,0.0
2023000409,이룸 더 시티,부산,69.8372,0.0
2023000414,호반써밋 개봉,서울,49.913,0.0
2023000414,호반써밋 개봉,서울,59.611,0.0
2023000414,호반써밋 개봉,서울,59.927,0.0
2023000414,호반써밋 개봉,서울,84.614,0.0
2023000414,호반써밋 개봉,서울,84.73,0.0
2023000414,호반써밋 개봉,서울,84.787,0.0
2023000414,호반써밋 개봉,서울,84.879,0.0
2023000415,e편한세상 강동 프레스티지원,서울,44.99,0.0
2023000415,e편한세상 강동 프레스티지원,서울,47.98,0.0
2023000415,e편한세상 강동 프레스티지원,서울,59.81,0.0
2023000415,e편한세상 강동 프레스티지원,서울,59.94,0.0
2023000415,e편한세상 강동 프레스티지원,서울,74.71,0.0
2023000415,e편한세상 강동 프레스티지원,서울,74.8,0.0
2023000415,e편한세상 강동 프레스티지원,서울,74.84,0.0
2023000415,e편한세상 강동 프레스티지원,서울,74.95,0.0
2023000415,e편한세상 강동 프레스티지원,서울,74.96,0.0
2023000415,e편한세상 강동 프레스티지원,서울,84.66,0.0
2023000415,e편한세상 강동 프레스티지원,서울,84.75,0.0
2023000415,e편한세상 강동 프레스티지원,서울,84.93,0.0
2023000415,e편한세상 강동 프레스티지원,서울,84.96,0.0
2023000421,월드메르디앙 소사역 아파트,경기,59.924,0.0
2023000421,월드메르디앙 소사역 아파트,경기,63.449,0.0
2023000431,안양자이 더 포레스트,경기,49.9619,0.0
2023000431,안양자이 더 포레스트,경기,49.9795,0.0
2023000431,안양자이 더 포레스트,경기,49.9834,0.0
2023000431,안양자이 더 포레스트,경기,59.9707,0.0
2023000431,안양자이 더 포레스트,경기,59.9775,0.0
2023000431,안양자이 더 포레스트,경기,59.9871,0.0
2023000431,안양자이 더 포레스트,경기,73.9527,0.0
2023000433,운암산공원 우미린 리버포레,광주,84.9947,0.0
2023000433,운암산공원 우미린 리버포레,광주,84.997,0.0
2023000433,운암산공원 우미린 리버포레,광주,84.9976,0.0
2023000433,운암산공원 우미린 리버포레,광주,84.9997,0.0
2023000441,첨단 제일풍경채 A2블록,전남,59.8471,0.0
2023000441,첨단 제일풍경채 A2블록,전남,84.9192,0.0
2023000441,첨단 제일풍경채 A2블록,전남,84.9252,0.0
2023000443,더샵 강동센트럴시티,서울,59.994,0.0
2023000443,더샵 강동센트럴시티,서울,59.9958,0.0
2023000443,더샵 강동센트럴시티,서울,84.9494,0.0
2023000443,더샵 강동센트럴시티,서울,84.9875,0.0
2023000443,더샵 강동센트럴시티,서울,84.9891,0.0
2023000444,강릉자이르네 디오션,강원,84.8855,0.0
2023000444,강릉자이르네 디오션,강원,84.9287,0.0
2023000444,강릉자이르네 디오션,강원,84.9815,0.0
2023000444,강릉자이르네 디오션,강원,84.9897,0.0
2023000445,다산 유보라 마크뷰,경기,47.99,0.0
2023000445,다산 유보라 마크뷰,경기,59.75,0.0
2023000445,다산 유보라 마크뷰,경기,59.98,0.0
2023000445,다산 유보라 마크뷰,경기,67.99,0.0
2023000450,문수로 금호어울림 더 퍼스트,울산,84.8356,0.0
2023000451,더 비치 푸르지오 써밋,부산,59.8515,0.0
2023000451,더 비치 푸르지오 써밋,부산,59.8917,0.0
2023000451,더 비치 푸르지오 써밋,부산,59.9372,0.0
2023000451,더 비치 푸르지오 써밋,부산,84.9866,0.0
2023000457,보문 센트럴 아이파크,서울,76.16,0.0
2023000457,보문 센트럴 아이파크,서울,81.79,0.0
2023000461,광주 선운2지구 예다음(B-2블록)(본청약),광주,84.9516,0.0
2023000463,월드메르디앙 송도,인천,84.602,0.0
2023000465,힐스테이트 관악센트씨엘,서울,58.9,0.0
2023000465,힐스테이트 관악센트씨엘,서울,58.92,0.0
2023000465,힐스테이트 관악센트씨엘,서울,59.96,0.0
2023000465,힐스테이트 관악센트씨엘,서울,59.97,0.0
2023000465,힐스테이트 관악센트씨엘,서울,59.98,0.0
2023000472,천호역 마에스트로,서울,30.1316,0.0
2023000472,천호역 마에스트로,서울,33.2328,0.0
2023000472,천호역 마에스트로,서울,38.1851,0.0
2023000472,천호역 마에스트로,서울,43.3253,0.0
2023000472,천호역 마에스트로,서울,55.4227,0.0
2023000473,오산세교2지구 A-3블록 파라곤,경기,68.9425,52.0
2023000473,오산세교2지구 A-3블록 파라곤,경기,84.8976,34.0
2023000473,오산세교2지구 A-3블록 파라곤,경기,84.9899,49.0
2023000474,일도이동 유피테르 6차,제주,55.79,0.0
2023000477,강릉 오션시티 아이파크,강원,75.2578,0.0
2023000477,강릉 오션시티 아이파크,강원,84.9688,0.0
2023000477,강릉 오션시티 아이파크,강원,84.9825,0.0
2023000477,강릉 오션시티 아이파크,강원,84.9837,0.0
2023000477,강릉 오션시티 아이파크,강원,84.9883,0.0
2023000478,더샵 의정부역 링크시티,경기,84.4572,0.0
2023000478,더샵 의정부역 링크시티,경기,84.809,0.0
2023000478,더샵 의정부역 링크시티,경기,84.8671,0.0
2023000478,더샵 의정부역 링크시티,경기,84.995,0.0
2023000478,더샵 의정부역 링크시티,경기,84.9972,0.0
2023000479,인천검단신도시 디에트르 더 에듀(AA20BL),인천,59.8448,31.0
2023000479,인천검단신도시 디에트르 더 에듀(AA20BL),인천,59.8554,35.0
2023000479,인천검단신도시 디에트르 더 에듀(AA20BL),인천,59.8701,31.0
2023000479,인천검단신도시 디에트르 더 에듀(AA20BL),인천,84.6852,53.0
2023000479,인천검단신도시 디에트르 더 에듀(AA20BL),인천,84.9159,43.0
2023000479,인천검단신도시 디에트르 더 에듀(AA20BL),인천,84.9974,38.0
2023000480,트리우스 광명,경기,36.73,0.0
2023000480,트리우스 광명,경기,59.92,0.0
2023000480,트리우스 광명,경기,59.98,0.0
2023000480,트리우스 광명,경기,84.84,0.0
2023000480,트리우스 광명,경기,84.93,0.0
2023000480,트리우스 광명,경기,84.94,0.0
2023000481,오산세교2지구 A-13블록 호반써밋 본청약,경기,59.8303,0.0
2023000481,오산세교2지구 A-13블록 호반써밋 본청약,경기,84.98,26.0
2023000482,일루미스테이트(보류지),경기,39.89,0.0
2023000482,일루미스테이트(보류지),경기,59.96,0.0
2023000482,일루미스테이트(보류지),경기,59.99,0.0
2023000482,일루미스테이트(보류지),경기,74.96,0.0
2023000482,일루미스테이트(보류지),경기,84.56,0.0
2023000482,일루미스테이트(보류지),경기,84.74,0.0
2023000482,일루미스테이트(보류지),경기,84.97,0.0
2023000499,디오르나인 안양역,경기,74.9031,0.0
2023000499,디오르나인 안양역,경기,74.9673,0.0
2023000499,디오르나인 안양역,경기,84.957,0.0
2023000499,디오르나인 안양역,경기,84.9599,0.0
2023000502,힐스테이트 수원파크포레,경기,84.9541,0.0
2023000524,더샵 소양스타리버,강원,39.91,0.0
2023000524,더샵 소양스타리버,강원,59.99,0.0
2023000524,더샵 소양스타리버,강원,75.7,0.0
2023000524,더샵 소양스타리버,강원,75.79,0.0
2023000524,더샵 소양스타리버,강원,84.79,0.0
2023000524,더샵 소양스타리버,강원,84.85,0.0
2023000524,더샵 소양스타리버,강원,84.93,0.0
2023000527,힐스테이트 더웨이브시티,경기,60.93,32.0
2023000528,의정부 푸르지오 클라시엘,경기,84.9616,0.0
2023000528,의정부 푸르지오 클라시엘,경기,84.9774,0.0
2023000530,의왕 센트라인 데시앙,경기,37.81,0.0
2023000530,의왕 센트라인 데시앙,경기,37.91,0.0
2023000530,의왕 센트라인 데시앙,경기,59.52,0.0
2023000530,의왕 센트라인 데시앙,경기,59.88,0.0
2023000530,의왕 센트라인 데시앙,경기,84.43,0.0
2023000530,의왕 센트라인 데시앙,경기,84.63,0.0
2023000532,청계리버뷰자이,서울,59.891,0.0
2023000532,청계리버뷰자이,서울,59.897,0.0
2023000532,청계리버뷰자이,서울,59.902,0.0
2023000532,청계리버뷰자이,서울,73.549,0.0
2023000532,청계리버뷰자이,서울,78.935,0.0
2023000532,청계리버뷰자이,서울,84.943,0.0
2023000534,부산 에코델타시티 16블록 중흥S-클래스,부산,84.9405,0.0
2023000534,부산 에코델타시티 16블록 중흥S-클래스,부산,84.9678,0.0
2023000535,이천자이 더 리체,경기,84.91,0.0
2023000535,이천자이 더 리체,경기,84.94,0.0
2023000537,동탄신도시 금강펜테리움 7차 센트럴파크,경기,74.8949,37.0
2023000537,동탄신도시 금강펜테리움 7차 센트럴파크,경기,84.9264,41.0
2023000537,동탄신도시 금강펜테리움 7차 센트럴파크,경기,84.9676,41.0
2023000540,철산자이 브리에르,경기,59.5081,0.0
2023000540,철산자이 브리에르,경기,59.9155,0.0
2023000540,철산자이 브리에르,경기,59.9467,0.0
2023000540,철산자이 브리에르,경기,59.996,0.0
2023000540,철산자이 브리에르,경기,59.9979,0.0
2023000544,관저 푸르지오 센트럴파크 1단지,대전,84.9879,0.0
2023000544,관저 푸르지오 센트럴파크 1단지,대전,84.9939,0.0
2023000544,관저 푸르지오 센트럴파크 1단지,대전,84.9983,0.0
2023000545,관저 푸르지오 센트럴파크 2단지,대전,84.9879,0.0
2023000545,관저 푸르지오 센트럴파크 2단지,대전,84.9939,0.0
2023000545,관저 푸르지오 센트럴파크 2단지,대전,84.9983,0.0
2023000548,이문 아이파크 자이,서울,20.8,0.0
2023000548,이문 아이파크 자이,서울,41.6,0.0
2023000548,이문 아이파크 자이,서울,59.67,0.0
2023000548,이문 아이파크 자이,서울,59.91,0.0
2023000548,이문 아이파크 자이,서울,59.95,0.0
2023000548,이문 아이파크 자이,서울,59.96,0.0
2023000548,이문 아이파크 자이,서울,84.6,0.0
2023000548,이문 아이파크 자이,서울,84.77,0.0
2023000548,이문 아이파크 자이,서울,84.84,0.0
2023000548,이문 아이파크 자이,서울,84.92,0.0
2023000548,이문 아이파크 자이,서울,84.95,0.0
2023000549,탕정 푸르지오 리버파크,충남,59.9901,0.0
2023000549,탕정 푸르지오 리버파크,충남,74.8177,0.0
2023000549,탕정 푸르지오 리버파크,충남,84.4231,0.0
2023000549,탕정 푸르지오 리버파크,충남,84.8179,0.0
2023000549,탕정 푸르지오 리버파크,충남,84.8833,0.0
2023000549,탕정 푸르지오 리버파크,충남,84.9008,0.0
2023000552,군산 레이크시티 아이파크,전북,84.3966,0.0
2023000555,도봉 금호어울림 리버파크,서울,59.8916,0.0
2023000555,도봉 금호어울림 리버파크,서울,75.8256,0.0
2023000555,도봉 금호어울림 리버파크,서울,84.8658,0.0
2023000555,도봉 금호어울림 리버파크,서울,84.8897,0.0
2023000555,도봉 금호어울림 리버파크,서울,84.9602,0.0
2023000557,두산위브더제니스 센트럴 계양,인천,59.8521,0.0
2023000557,두산위브더제니스 센트럴 계양,인천,59.9389,0.0
2023000557,두산위브더제니스 센트럴 계양,인천,74.2142,0.0
2023000558,제일풍경채 검단Ⅳ,인천,84.8731,25.0
2023000558,제일풍경채 검단Ⅳ,인천,84.9343,32.0
2023000562,힐스테이트 e편한세상 문정,서울,49.4,0.0
2023000562,힐스테이트 e편한세상 문정,서울,49.92,0.0
2023000562,힐스테이트 e편한세상 문정,서울,59.87,0.0
2023000562,힐스테이트 e편한세상 문정,서울,59.94,0.0
2023000562,힐스테이트 e편한세상 문정,서울,74.43,0.0
2023000562,힐스테이트 e편한세상 문정,서울,74.95,0.0
2023000562,힐스테이트 e편한세상 문정,서울,74.96,0.0
2023000567,위파크 일곡공원,광주,84.839,0.0
2023000567,위파크 일곡공원,광주,84.9808,0.0
2023000568,춘천 금호어울림 더 퍼스트,강원,59.9666,0.0
2023000568,춘천 금호어울림 더 퍼스트,강원,84.8711,0.0
2023000568,춘천 금호어울림 더 퍼스트,강원,84.942,0.0
2023000570,용인 에버랜드역 칸타빌,경기,84.9162,0.0
2023000579,고촌센트럴자이,경기,63.9602,0.0
2023000579,고촌센트럴자이,경기,76.9622,0.0
2023000579,고촌센트럴자이,경기,76.9937,0.0
2023000579,고촌센트럴자이,경기,84.9109,0.0
2023000583,운정3 제일풍경채(A46BL) (본청약),경기,84.9206,67.0
2023000583,운정3 제일풍경채(A46BL) (본청약),경기,84.9304,65.0
2023000583,운정3 제일풍경채(A46BL) (본청약),경기,84.9394,69.0
2023000585,파주 운정신도시 우미 린 더 센텀,경기,84.9867,64.0
2023000585,파주 운정신도시 우미 린 더 센텀,경기,84.9891,68.0
2023000589,소사역 롯데캐슬 더 뉴엘,경기,59.8212,0.0
2023000589,소사역 롯데캐슬 더 뉴엘,경기,84.6246,0.0
2023000589,소사역 롯데캐슬 더 뉴엘,경기,84.7392,0.0
2023000589,소사역 롯데캐슬 더 뉴엘,경기,84.7606,0.0
2023000593,힐스테이트 금오 더퍼스트,경기,36.1818,0.0
2023000593,힐스테이트 금오 더퍼스트,경기,75.9085,0.0
2023000593,힐스테이트 금오 더퍼스트,경기,84.9616,0.0
2023000601,도마 포레나해모로,대전,84.93,0.0
2023000607,시청역 해모로 센티아,부산,39.89,0.0
2023000607,시청역 해모로 센티아,부산,59.77,0.0
2023000607,시청역 해모로 센티아,부산,59.84,0.0
2023000607,시청역 해모로 센티아,부산,74.84,0.0
2023000607,시청역 해모로 센티아,부산,84.85,0.0
2023000607,시청역 해모로 센티아,부산,84.87,0.0
2023000607,시청역 해모로 센티아,부산,84.88,0.0
2023000608,마포 푸르지오 어반피스,서울,49.136,0.0
2023000608,마포 푸르지오 어반피스,서울,59.989,0.0
2023000608,마포 푸르지오 어반피스,서울,74.6605,0.0
2023000608,마포 푸르지오 어반피스,서울,84.681,0.0
2023000608,마포 푸르지오 어반피스,서울,84.8306,0.0
2023000609,위파크 안동 호반,경북,84.9713,0.0
2023000609,위파크 안동 호반,경북,84.9726,0.0
2023000620,문수로 아르티스,울산,84.9471,0.0
2023000621,청주 가경 아이파크 6단지,충북,84.9967,0.0
2023000623,고양 장항 제일풍경채,경기,84.8718,44.0
2023000623,고양 장항 제일풍경채,경기,84.9276,37.0
2023000623,고양 장항 제일풍경채,경기,84.989,55.0
2023000624,서산 센트럴 아이파크,충남,84.98,0.0
2023000624,서산 센트럴 아이파크,충남,84.99,0.0
2023000625,해링턴 마레,부산,59.9875,0.0
2023000625,해링턴 마레,부산,84.059,0.0
2023000625,해링턴 마레,부산,84.977,0.0
2023000628,부산에코델타시티 디에트르 그랑루체(13BL),부산,59.9924,0.0
2023000628,부산에코델타시티 디에트르 그랑루체(13BL),부산,84.9948,0.0
2023000633,원봉공원 힐데스하임,충북,84.7754,0.0
2023000633,원봉공원 힐데스하임,충북,84.8177,0.0
2023000633,원봉공원 힐데스하임,충북,84.9369,0.0
2023000635,영주자이 시그니처,경북,84.9584,0.0
2023000635,영주자이 시그니처,경북,84.9797,0.0
2023000635,영주자이 시그니처,경북,84.9917,0.0
2023000637,이천중리B1-BL 우미린 어반퍼스트,경기,84.9827,0.0
2023000637,이천중리B1-BL 우미린 어반퍼스트,경기,84.9948,0.0
2023000638,아산 탕정지구 2-A12BL 대광로제비앙(본청약),충남,84.6883,0.0
2023000638,아산 탕정지구 2-A12BL 대광로제비앙(본청약),충남,84.9233,0.0
2023000641,매교역 팰루시드,경기,48.35,0.0
2023000641,매교역 팰루시드,경기,48.56,0.0
2023000641,매교역 팰루시드,경기,59.75,0.0
2023000641,매교역 팰루시드,경기,59.98,0.0
2023000641,매교역 팰루시드,경기,71.89,0.0
2023000641,매교역 팰루시드,경기,71.92,0.0
2023000641,매교역 팰루시드,경기,84.14,0.0
2023000641,매교역 팰루시드,경기,84.86,0.0
2023000647,삼익 더 랩소디,서울,44.27,0.0
2023000647,삼익 더 랩소디,서울,44.81,0.0
2023000652,롯데캐슬 시그니처 중앙,경기,59.9807,0.0
2023000652,롯데캐슬 시그니처 중앙,경기,59.9935,0.0
2023000652,롯데캐슬 시그니처 중앙,경기,59.9971,0.0
2023000654,파주 운정신도시 우미 린 파크힐스(본청약),경기,84.9939,59.0
2023000654,파주 운정신도시 우미 린 파크힐스(본청약),경기,84.9957,56.0
2023000656,힐스테이트 더 운정,경기,84.9888,26.0
2023000657,힐스테이트 가양 더와이즈,대전,84.0,0.0
2023000666,청주 동일하이빌 파크레인 2단지,충북,84.9961,0.0
2023000666,청주 동일하이빌 파크레인 2단지,충북,84.9974,0.0
2023000666,청주 동일하이빌 파크레인 2단지,충북,84.9996,0.0
2023000668,제주 중부공원 제일풍경채 센트럴파크,제주,84.997,0.0
2023000669,동래 롯데캐슬 시그니처,부산,65.9839,0.0
2023000669,동래 롯데캐슬 시그니처,부산,69.9393,0.0
2023000669,동래 롯데캐슬 시그니처,부산,84.6128,0.0
2023000669,동래 롯데캐슬 시그니처,부산,84.9189,0.0
2023000670,김해 삼계 푸르지오 센트럴파크,경남,84.9966,0.0
2023000672,어반클라쎄목동,서울,37.41,0.0
2023000672,어반클라쎄목동,서울,37.42,0.0
2023000672,어반클라쎄목동,서울,54.64,0.0
2023000672,어반클라쎄목동,서울,59.57,0.0
2023000672,어반클라쎄목동,서울,59.65,0.0
2023000672,어반클라쎄목동,서울,59.86,0.0
2023000672,어반클라쎄목동,서울,59.97,0.0
2023000676,에스아이팰리스 강동 센텀Ⅱ,서울,27.2967,0.0
2023000676,에스아이팰리스 강동 센텀Ⅱ,서울,29.6544,0.0
2023000676,에스아이팰리스 강동 센텀Ⅱ,서울,39.521,0.0
2023000676,에스아이팰리스 강동 센텀Ⅱ,서울,42.0337,0.0
2023000676,에스아이팰리스 강동 센텀Ⅱ,서울,42.3953,0.0
2023000676,에스아이팰리스 강동 센텀Ⅱ,서울,42.4793,0.0
2023000682,포제스 한강,서울,84.9318,0.0
2023000684,역곡역 아테움 스위첸,경기,51.9623,0.0
2023000684,역곡역 아테움 스위첸,경기,51.9716,0.0
2023000685,쌍용 더 플래티넘 스카이,강원,84.9067,0.0
2023000685,쌍용 더 플래티넘 스카이,강원,84.9307,0.0
2023000685,쌍용 더 플래티넘 스카이,강원,84.9406,0.0
2023000685,쌍용 더 플래티넘 스카이,강원,84.9798,0.0
2023000685,쌍용 더 플래티넘 스카이,강원,84.9865,0.0
2023000688,광명자이힐스테이트SKVIEW,경기,34.2694,0.0
2023000688,광명자이힐스테이트SKVIEW,경기,39.053,0.0
2023000688,광명자이힐스테이트SKVIEW,경기,51.4442,0.0
2023000688,광명자이힐스테이트SKVIEW,경기,59.2728,0.0
2023000688,광명자이힐스테이트SKVIEW,경기,59.3865,0.0
2023000688,광명자이힐스테이트SKVIEW,경기,71.3606,0.0
2023000688,광명자이힐스테이트SKVIEW,경기,71.8387,0.0
2023000688,광명자이힐스테이트SKVIEW,경기,84.4118,0.0
2023000688,광명자이힐스테이트SKVIEW,경기,84.6735,0.0
2023000691,인천 검단신도시 AB20-2블록 중흥S-클래스 에듀파크(본청약),인천,72.9511,55.0
2023000691,인천 검단신도시 AB20-2블록 중흥S-클래스 에듀파크(본청약),인천,72.9531,58.0
2023000691,인천 검단신도시 AB20-2블록 중흥S-클래스 에듀파크(본청약),인천,84.5032,61.0
2023000691,인천 검단신도시 AB20-2블록 중흥S-클래스 에듀파크(본청약),인천,84.8058,58.0
2023000700,e편한세상 신곡 시그니처뷰,경기,59.9166,0.0
2023000706,더샵 탕정인피니티시티,충남,84.7945,0.0
2023000706,더샵 탕정인피니티시티,충남,84.8324,0.0
2023000706,더샵 탕정인피니티시티,충남,84.9331,0.0
2023000707,제일풍경채 검단Ⅲ 본청약,인천,84.8495,53.0
2023000707,제일풍경채 검단Ⅲ 본청약,인천,84.9718,55.0
2023000707,제일풍경채 검단Ⅲ 본청약,인천,84.9815,58.0
2023000708,더샵 금정위버시티,부산,59.9902,0.0
2023000708,더샵 금정위버시티,부산,84.9938,0.0
2023000710,영통역자이 프라시엘,경기,84.3907,0.0
2023000710,영통역자이 프라시엘,경기,84.4375,0.0
2023000710,영통역자이 프라시엘,경기,84.6563,0.0
2023000710,영통역자이 프라시엘,경기,84.907,0.0
2023000720,서광교 한라비발디 레이크포레,경기,84.8255,0.0
2023000720,서광교 한라비발디 레이크포레,경기,84.9332,0.0
2024000001,더샵 둔촌포레,서울,84.9756,0.0
2024000001,더샵 둔촌포레,서울,84.9818,0.0
2024000004,e편한세상 검단 에코비스타,인천,84.9392,23.0
2024000004,e편한세상 검단 에코비스타,인천,84.9654,28.0
2024000004,e편한세상 검단 에코비스타,인천,84.9746,27.0
2024000004,e편한세상 검단 에코비스타,인천,84.9996,39.0
2024000007,송내역 푸르지오 센트비엔,경기,49.473,0.0
2024000007,송내역 푸르지오 센트비엔,경기,59.959,0.0
2024000012,영통자이 센트럴파크,경기,84.9243,0.0
2024000012,영통자이 센트럴파크,경기,84.9268,0.0
2024000012,영통자이 센트럴파크,경기,84.9757,0.0
2024000012,영통자이 센트럴파크,경기,84.9961,0.0
2024000016,힐스테이트 더샵 상생공원 2단지,경북,84.1259,0.0
2024000016,힐스테이트 더샵 상생공원 2단지,경북,84.513,0.0
2024000016,힐스테이트 더샵 상생공원 2단지,경북,84.8908,0.0
2024000024,공주월송지구 경남아너스빌,충남,84.4182,0.0
2024000028,힐스테이트 중외공원 2블록,광주,84.2784,0.0
2024000028,힐스테이트 중외공원 2블록,광주,84.7008,0.0
2024000029,힐스테이트 중외공원 3블록,광주,84.2784,0.0
2024000029,힐스테이트 중외공원 3블록,광주,84.7008,0.0
2024000031,두산위브더제니스 센트럴 양정,부산,59.8912,0.0
2024000033,메이플자이,서울,43.0502,0.0
2024000033,메이플자이,서울,43.443,0.0
2024000033,메이플자이,서울,49.2874,0.0
2024000033,메이플자이,서울,49.6415,0.0
2024000033,메이플자이,서울,49.6998,0.0
2024000033,메이플자이,서울,49.7803,0.0
2024000033,메이플자이,서울,59.1662,0.0
2024000033,메이플자이,서울,59.5368,0.0
2024000042,광주 송암공원 중흥S-클래스 SK VIEW,광주,84.9499,0.0
2024000044,서신 더샵 비발디,전북,59.47,0.0
2024000044,서신 더샵 비발디,전북,59.94,0.0
2024000044,서신 더샵 비발디,전북,73.21,0.0
2024000044,서신 더샵 비발디,전북,73.31,0.0
2024000044,서신 더샵 비발디,전북,73.87,0.0
2024000044,서신 더샵 비발디,전북,84.61,0.0
2024000044,서신 더샵 비발디,전북,84.85,0.0
2024000048,힐스테이트 가장더퍼스트,대전,59.76,0.0
2024000048,힐스테이트 가장더퍼스트,대전,84.6,0.0
2024000048,힐스테이트 가장더퍼스트,대전,84.92,0.0
2024000051,광주 탄벌 서희스타힐스 1단지,경기,59.9557,0.0
2024000051,광주 탄벌 서희스타힐스 1단지,경기,72.9042,0.0
2024000051,광주 탄벌 서희스타힐스 1단지,경기,72.9545,0.0
2024000052,광주 탄벌 서희스타힐스 2단지,경기,59.9681,0.0
2024000058,힐스테이트 어울림 청주사직,충북,59.83,0.0
2024000058,힐스테이트 어울림 청주사직,충북,59.84,0.0
2024000058,힐스테이트 어울림 청주사직,충북,79.59,0.0
2024000058,힐스테이트 어울림 청주사직,충북,79.74,0.0
2024000058,힐스테이트 어울림 청주사직,충북,84.96,0.0
2024000058,힐스테이트 어울림 청주사직,충북,84.99,0.0
2024000059,봉산공원 첨단 제일풍경채,광주,84.8208,0.0
2024000061,에스아이팰리스 올림픽공원,서울,52.5256,0.0
2024000063,삼문 시그니처 웰가,경남,84.9949,0.0
2024000074,경희궁 유보라,서울,59.9494,0.0
2024000074,경희궁 유보라,서울,84.3669,0.0
2024000074,경희궁 유보라,서울,84.9994,0.0
2024000075,냉정역 비스타동원,부산,76.2871,0.0
2024000080,두산위브더제니스 센트럴 용인,경기,59.9773,0.0
2024000080,두산위브더제니스 센트럴 용인,경기,74.9537,0.0
2024000080,두산위브더제니스 센트럴 용인,경기,74.9583,0.0
2024000081,e편한세상 평촌 어반밸리,경기,59.8496,0.0
2024000081,e편한세상 평촌 어반밸리,경기,74.9619,0.0
2024000081,e편한세상 평촌 어반밸리,경기,74.9708,0.0
2024000081,e편한세상 평촌 어반밸리,경기,84.8352,0.0
2024000083,한화포레나 안산고잔2차,경기,53.9927,0.0
2024000083,한화포레나 안산고잔2차,경기,59.9765,0.0
2024000083,한화포레나 안산고잔2차,경기,74.9709,0.0
2024000083,한화포레나 안산고잔2차,경기,74.995,0.0
2024000083,한화포레나 안산고잔2차,경기,84.9224,0.0
2024000083,한화포레나 안산고잔2차,경기,84.9225,0.0
2024000086,대전 성남 우미린 뉴시티,대전,39.9672,0.0
2024000086,대전 성남 우미린 뉴시티,대전,84.9912,0.0
2024000087,송도자이풍경채 그라노블 1단지,인천,84.0,57.0
2024000087,송도자이풍경채 그라노블 1단지,인천,84.8338,37.0
2024000087,송도자이풍경채 그라노블 1단지,인천,84.8866,0.0
2024000087,송도자이풍경채 그라노블 1단지,인천,84.9285,37.0
2024000087,송도자이풍경채 그라노블 1단지,인천,84.9695,0.0
2024000087,송도자이풍경채 그라노블 1단지,인천,84.9885,39.0
2024000088,송도자이풍경채 그라노블 2단지,인천,84.0,50.0
2024000088,송도자이풍경채 그라노블 2단지,인천,84.8338,29.0
2024000088,송도자이풍경채 그라노블 2단지,인천,84.8942,19.0
2024000088,송도자이풍경채 그라노블 2단지,인천,84.9885,27.0
2024000091,송도자이풍경채 그라노블 5단지,인천,84.9048,28.0
2024000091,송도자이풍경채 그라노블 5단지,인천,84.9985,32.0
2024000102,아산 탕정 삼성트라팰리스,충남,73.9348,0.0
2024000102,아산 탕정 삼성트라팰리스,충남,83.4986,0.0
2024000102,아산 탕정 삼성트라팰리스,충남,84.68,0.0
2024000106,검단 스타힐스 가현숲,인천,59.8974,0.0
2024000106,검단 스타힐스 가현숲,인천,84.9882,0.0
2024000107,개봉 루브루,서울,37.3483,0.0
2024000107,개봉 루브루,서울,42.1014,0.0
2024000107,개봉 루브루,서울,42.5476,0.0
2024000110,e편한세상 서대전역 센트로,대전,59.907,0.0
2024000110,e편한세상 서대전역 센트로,대전,73.336,0.0
2024000111,대구 범어 아이파크,대구,84.7575,0.0
2024000111,대구 범어 아이파크,대구,84.9111,0.0
2024000111,대구 범어 아이파크,대구,84.9752,0.0
2024000112,e편한세상 금정 메종카운티,부산,59.943,0.0
2024000112,e편한세상 금정 메종카운티,부산,59.9973,0.0
2024000112,e편한세상 금정 메종카운티,부산,84.9245,0.0
2024000112,e편한세상 금정 메종카운티,부산,84.9829,0.0
2024000124,일광 노르웨이숲 오션포레,부산,84.7705,0.0
2024000124,일광 노르웨이숲 오션포레,부산,84.8897,0.0
2024000129,중앙공원 롯데캐슬 시그니처 2-2BL,광주,84.9437,0.0
2024000129,중앙공원 롯데캐슬 시그니처 2-2BL,광주,84.9841,0.0
2024000149,운암자이포레나 퍼스티체 1단지,광주,84.993,0.0
2024000150,운암자이포레나 퍼스티체 2단지,광주,84.9889,0.0
2024000150,운암자이포레나 퍼스티체 2단지,광주,84.993,0.0
2024000150,운암자이포레나 퍼스티체 2단지,광주,84.9934,0.0
2024000151,운암자이포레나 퍼스티체 3단지,광주,84.993,0.0
2024000154,성남 복정1지구 B3블록 엘리프 남위례역 에듀포레(본청약),경기,84.91,0.0
2024000154,성남 복정1지구 B3블록 엘리프 남위례역 에듀포레(본청약),경기,84.93,0.0
2024000156,계양 롯데캐슬 파크시티 2단지(공 4블럭),인천,84.9904,0.0
2024000164,광명 롯데캐슬 시그니처,경기,49.9994,0.0
2024000164,광명 롯데캐슬 시그니처,경기,59.9978,0.0
2024000164,광명 롯데캐슬 시그니처,경기,59.9984,0.0
2024000164,광명 롯데캐슬 시그니처,경기,59.9985,0.0
2024000166,김포 북변 우미 린 파크리브,경기,59.9524,0.0
2024000166,김포 북변 우미 린 파크리브,경기,74.8835,0.0
2024000166,김포 북변 우미 린 파크리브,경기,84.9829,0.0
2024000166,김포 북변 우미 린 파크리브,경기,84.9963,0.0
2024000166,김포 북변 우미 린 파크리브,경기,84.9976,0.0
2024000168,금정역 푸르지오 그랑블,경기,59.8658,0.0
2024000168,금정역 푸르지오 그랑블,경기,59.8685,0.0
2024000171,문화자이SKVIEW,대전,84.0,0.0
2024000173,e편한세상 부평 그랑힐스(보류지),인천,37.7425,0.0
2024000173,e편한세상 부평 그랑힐스(보류지),인천,59.5839,0.0
2024000173,e편한세상 부평 그랑힐스(보류지),인천,59.8924,0.0
2024000173,e편한세상 부평 그랑힐스(보류지),인천,67.8698,0.0
2024000173,e편한세상 부평 그랑힐스(보류지),인천,84.5725,0.0
2024000174,래미안 원베일리(조합원 취소분),서울,84.95,0.0
2024000176,오산역 금강펜테리움 센트럴파크(A8블록),경기,84.4783,32.0
2024000176,오산역 금강펜테리움 센트럴파크(A8블록),경기,84.5188,33.0
2024000176,오산역 금강펜테리움 센트럴파크(A8블록),경기,84.6844,36.0
2024000176,오산역 금강펜테리움 센트럴파크(A8블록),경기,84.7238,51.0
2024000179,익산 부송 아이파크,전북,84.99,0.0
2024000181,라엘에스,울산,42.6248,0.0
2024000181,라엘에스,울산,59.9834,0.0
2024000181,라엘에스,울산,73.8283,0.0
2024000181,라엘에스,울산,73.8295,0.0
2024000181,라엘에스,울산,84.9475,0.0
2024000181,라엘에스,울산,84.97,0.0
2024000181,라엘에스,울산,84.9869,0.0
2024000182,배방 필하우스 리버시티,충남,84.7866,0.0
2024000182,배방 필하우스 리버시티,충남,84.9844,0.0
2024000187,힐스테이트 황금역 리저브 1단지,대구,82.3049,0.0
2024000187,힐스테이트 황금역 리저브 1단지,대구,83.3299,0.0
2024000189,여주역자이 헤리티지,경기,59.9485,0.0
2024000189,여주역자이 헤리티지,경기,59.9557,0.0
2024000189,여주역자이 헤리티지,경기,84.9455,0.0
2024000189,여주역자이 헤리티지,경기,84.9893,0.0
2024000194,더샵 탕정인피니티시티 2차,충남,70.8318,0.0
2024000194,더샵 탕정인피니티시티 2차,충남,70.8617,0.0
2024000194,더샵 탕정인피니티시티 2차,충남,70.9782,0.0
2024000194,더샵 탕정인피니티시티 2차,충남,84.7945,0.0
2024000194,더샵 탕정인피니티시티 2차,충남,84.8324,0.0
2024000194,더샵 탕정인피니티시티 2차,충남,84.9331,0.0
2024000207,양평 하늘채 센트로힐스,경기,59.8275,0.0
2024000208,서대문 센트럴 아이파크,서울,49.98,0.0
2024000208,서대문 센트럴 아이파크,서울,59.99,0.0
2024000208,서대문 센트럴 아이파크,서울,75.49,0.0
2024000208,서대문 센트럴 아이파크,서울,84.87,0.0
2024000208,서대문 센트럴 아이파크,서울,84.89,0.0
2024000208,서대문 센트럴 아이파크,서울,84.9,0.0
2024000208,서대문 센트럴 아이파크,서울,84.94,0.0
2024000208,서대문 센트럴 아이파크,서울,84.95,0.0
2024000209,오산세교2 한신더휴(A16블록),경기,74.9383,0.0
2024000209,오산세교2 한신더휴(A16블록),경기,74.9464,0.0
2024000209,오산세교2 한신더휴(A16블록),경기,84.9317,29.0
2024000209,오산세교2 한신더휴(A16블록),경기,84.9746,37.0
2024000210,해링턴 스퀘어 신흥역,경기,59.9234,0.0
2024000210,해링턴 스퀘어 신흥역,경기,59.9268,0.0
2024000210,해링턴 스퀘어 신흥역,경기,59.9474,0.0
2024000210,해링턴 스퀘어 신흥역,경기,59.9692,0.0
2024000210,해링턴 스퀘어 신흥역,경기,74.9367,0.0
2024000210,해링턴 스퀘어 신흥역,경기,74.9472,0.0
2024000210,해링턴 스퀘어 신흥역,경기,74.9788,0.0
2024000210,해링턴 스퀘어 신흥역,경기,84.9152,0.0
2024000210,해링턴 스퀘어 신흥역,경기,84.9343,0.0
2024000210,해링턴 스퀘어 신흥역,경기,84.9852,0.0
2024000211,더샵 속초프라임뷰,강원,84.85,0.0
2024000213,e편한세상 시티 원당,경기,49.1871,0.0
2024000213,e편한세상 시티 원당,경기,49.3895,0.0
2024000213,e편한세상 시티 원당,경기,49.439,0.0
2024000213,e편한세상 시티 원당,경기,49.5141,0.0
2024000213,e편한세상 시티 원당,경기,49.56,0.0
2024000214,파주 운정3 이지더원(A44BL),경기,84.8772,67.0
2024000214,파주 운정3 이지더원(A44BL),경기,84.9689,69.0
2024000217,고덕국제신도시 서한이다음 그레이튼,경기,84.9176,33.0
2024000217,고덕국제신도시 서한이다음 그레이튼,경기,84.9937,50.0
2024000217,고덕국제신도시 서한이다음 그레이튼,경기,84.998,47.0
2024000218,에코시티 더샵4차,전북,84.3869,0.0
2024000218,에코시티 더샵4차,전북,84.7803,0.0
2024000221,탕정 푸르지오 센터파크,충남,59.9913,0.0
2024000221,탕정 푸르지오 센터파크,충남,59.9949,0.0
2024000221,탕정 푸르지오 센터파크,충남,84.9742,0.0
2024000221,탕정 푸르지오 센터파크,충남,84.9884,0.0
2024000221,탕정 푸르지오 센터파크,충남,84.9932,0.0
2024000222,효성해링턴 플레이스 동수원,경기,74.7362,0.0
2024000222,효성해링턴 플레이스 동수원,경기,84.8465,0.0
2024000226,강변역 센트럴 아이파크,서울,84.9811,0.0
2024000226,강변역 센트럴 아이파크,서울,84.9863,0.0
2024000226,강변역 센트럴 아이파크,서울,84.9997,0.0
2024000229,동래사적공원 대광로제비앙,부산,84.9936,0.0
2024000229,동래사적공원 대광로제비앙,부산,84.9983,0.0
2024000234,양정 롯데캐슬 프론티엘,부산,59.8724,0.0
2024000234,양정 롯데캐슬 프론티엘,부산,59.9301,0.0
2024000234,양정 롯데캐슬 프론티엘,부산,84.9732,0.0
2024000234,양정 롯데캐슬 프론티엘,부산,84.9821,0.0
2024000237,아너스 웰가 진주,경남,84.8132,0.0
2024000237,아너스 웰가 진주,경남,84.8916,0.0
2024000240,e편한세상 범일 국제금융시티,부산,59.966,0.0
2024000240,e편한세상 범일 국제금융시티,부산,84.982,0.0
2024000241,그란츠 리버파크,서울,36.9919,0.0
2024000241,그란츠 리버파크,서울,44.8835,0.0
2024000241,그란츠 리버파크,서울,44.9889,0.0
2024000241,그란츠 리버파크,서울,59.8256,0.0
2024000241,그란츠 리버파크,서울,59.8964,0.0
2024000241,그란츠 리버파크,서울,59.9759,0.0
2024000241,그란츠 리버파크,서울,59.98,0.0
2024000241,그란츠 리버파크,서울,84.9869,0.0
2024000241,그란츠 리버파크,서울,84.9994,0.0
2024000242,힐스테이트 청주센트럴 2차,충북,84.8534,0.0
2024000242,힐스테이트 청주센트럴 2차,충북,84.9134,0.0
2024000244,순천그랜드파크자이,전남,84.9077,0.0
2024000244,순천그랜드파크자이,전남,84.9518,0.0
2024000245,동작 보라매역 프리센트,서울,42.76,0.0
2024000245,동작 보라매역 프리센트,서울,43.2117,0.0
2024000249,과천 디에트르 퍼스티지(S2BL),경기,59.9955,69.0
2024000254,동탄2신도시 동탄역 대방 엘리움 더 시그니처(C18BL),경기,63.4775,69.0
2024000254,동탄2신도시 동탄역 대방 엘리움 더 시그니처(C18BL),경기,63.518,69.0
2024000254,동탄2신도시 동탄역 대방 엘리움 더 시그니처(C18BL),경기,82.6437,74.0
2024000254,동탄2신도시 동탄역 대방 엘리움 더 시그니처(C18BL),경기,82.9709,69.0
2024000260,롯데캐슬 위너스포레,경기,59.9446,0.0
2024000261,더샵 송도마리나베이 입주자모집공고 (조합원 자격상실세대 2회차),인천,74.9894,49.0
2024000261,더샵 송도마리나베이 입주자모집공고 (조합원 자격상실세대 2회차),인천,84.202,45.0
2024000261,더샵 송도마리나베이 입주자모집공고 (조합원 자격상실세대 2회차),인천,84.2262,55.0
2024000261,더샵 송도마리나베이 입주자모집공고 (조합원 자격상실세대 2회차),인천,84.4546,44.0
2024000261,더샵 송도마리나베이 입주자모집공고 (조합원 자격상실세대 2회차),인천,84.7583,59.0
2024000261,더샵 송도마리나베이 입주자모집공고 (조합원 자격상실세대 2회차),인천,84.916,53.0
2024000261,더샵 송도마리나베이 입주자모집공고 (조합원 자격상실세대 2회차),인천,84.9738,59.0
2024000261,더샵 송도마리나베이 입주자모집공고 (조합원 자격상실세대 2회차),인천,84.9766,63.0
2024000264,청주테크노폴리스 아테라(A8블록),충북,84.0,0.0
2024000264,청주테크노폴리스 아테라(A8블록),충북,84.6592,0.0
2024000265,산성역 헤리스톤,경기,46.74,0.0
2024000265,산성역 헤리스톤,경기,46.81,0.0
2024000265,산성역 헤리스톤,경기,59.83,0.0
2024000265,산성역 헤리스톤,경기,59.85,0.0
2024000265,산성역 헤리스톤,경기,74.57,0.0
2024000265,산성역 헤리스톤,경기,74.96,0.0
2024000265,산성역 헤리스톤,경기,84.95,0.0
2024000265,산성역 헤리스톤,경기,84.97,0.0
2024000276,대상 웰라움 홍천,강원,84.9173,0.0
2024000277,고양 장항 카이브 유보라,경기,84.665,58.0
2024000277,고양 장항 카이브 유보라,경기,84.7888,65.0
2024000278,제일풍경채 운정,경기,74.8448,64.0
2024000278,제일풍경채 운정,경기,74.8584,69.0
2024000278,제일풍경채 운정,경기,74.8659,64.0
2024000278,제일풍경채 운정,경기,74.873,65.0
2024000278,제일풍경채 운정,경기,74.8783,63.0
2024000278,제일풍경채 운정,경기,84.9243,65.0
2024000278,제일풍경채 운정,경기,84.9511,67.0
2024000278,제일풍경채 운정,경기,84.9659,70.0
2024000278,제일풍경채 운정,경기,84.9702,64.0
2024000278,제일풍경채 운정,경기,84.9829,69.0
2024000279,마포자이힐스테이트 라첼스,서울,59.986,0.0
2024000279,마포자이힐스테이트 라첼스,서울,59.9963,0.0
2024000279,마포자이힐스테이트 라첼스,서울,84.9802,0.0
2024000279,마포자이힐스테이트 라첼스,서울,84.9861,0.0
2024000279,마포자이힐스테이트 라첼스,서울,84.9867,0.0
2024000279,마포자이힐스테이트 라첼스,서울,84.9881,0.0
2024000279,마포자이힐스테이트 라첼스,서울,84.994,0.0
2024000282,성남 금토지구 A-3블록 판교테크노밸리 중흥S-클래스(본청약),경기,84.1043,0.0
2024000282,성남 금토지구 A-3블록 판교테크노밸리 중흥S-클래스(본청약),경기,84.1202,0.0
2024000282,성남 금토지구 A-3블록 판교테크노밸리 중흥S-클래스(본청약),경기,84.143,0.0
2024000282,성남 금토지구 A-3블록 판교테크노밸리 중흥S-클래스(본청약),경기,84.154,0.0
2024000284,푸르지오 라디우스 파크,서울,59.93,0.0
2024000284,푸르지오 라디우스 파크,서울,59.96,0.0
2024000284,푸르지오 라디우스 파크,서울,59.97,0.0
2024000284,푸르지오 라디우스 파크,서울,84.91,0.0
2024000284,푸르지오 라디우스 파크,서울,84.95,0.0
2024000284,푸르지오 라디우스 파크,서울,84.98,0.0
2024000284,푸르지오 라디우스 파크,서울,84.99,0.0
2024000286,더샵 리오몬트,부산,84.9872,0.0
2024000286,더샵 리오몬트,부산,84.9922,0.0
2024000290,힐스테이트 이천역 1단지,경기,74.1702,0.0
2024000290,힐스테이트 이천역 1단지,경기,84.9291,0.0
2024000291,힐스테이트 이천역 2단지,경기,60.8271,0.0
2024000291,힐스테이트 이천역 2단지,경기,60.9516,0.0
2024000291,힐스테이트 이천역 2단지,경기,84.9291,0.0
2024000304,힐스테이트 구미더퍼스트,경북,84.8,0.0
2024000330,진위역 서희스타힐스 더 파크뷰,경기,59.7537,0.0
2024000330,진위역 서희스타힐스 더 파크뷰,경기,59.7718,0.0
2024000330,진위역 서희스타힐스 더 파크뷰,경기,71.4998,0.0
2024000330,진위역 서희스타힐스 더 파크뷰,경기,71.7007,0.0
2024000330,진위역 서희스타힐스 더 파크뷰,경기,71.82,0.0
2024000333,하우스토리 센트럴포레,서울,59.8873,0.0
2024000333,하우스토리 센트럴포레,서울,59.993,0.0
2024000333,하우스토리 센트럴포레,서울,59.995,0.0
2024000333,하우스토리 센트럴포레,서울,74.976,0.0
2024000346,힐스테이트 도안리버파크 1단지,대전,84.9364,0.0
2024000346,힐스테이트 도안리버파크 1단지,대전,84.9923,0.0
2024000347,힐스테이트 도안리버파크 2단지,대전,84.9539,0.0
2024000347,힐스테이트 도안리버파크 2단지,대전,84.9923,0.0
2024000349,명남더블레스,경기,59.1247,0.0
2024000351,고양 장항 아테라,경기,84.9478,59.0
2024000351,고양 장항 아테라,경기,84.9958,63.0
2024000351,고양 장항 아테라,경기,84.9973,64.0
2024000354,검단아테라자이,인천,59.9507,34.0
2024000354,검단아테라자이,인천,59.9864,37.0
2024000354,검단아테라자이,인천,59.9958,36.0
2024000354,검단아테라자이,인천,74.9694,53.0
2024000354,검단아테라자이,인천,84.9857,56.0
2024000355,래미안 원펜타스,서울,59.7832,0.0
2024000355,래미안 원펜타스,서울,59.794,0.0
2024000355,래미안 원펜타스,서울,59.8,0.0
2024000355,래미안 원펜타스,서울,84.7259,0.0
2024000355,래미안 원펜타스,서울,84.728,0.0
2024000355,래미안 원펜타스,서울,84.7442,0.0
2024000355,래미안 원펜타스,서울,84.8077,0.0
2024000355,래미안 원펜타스,서울,107.6378,0.0
2024000355,래미안 원펜타스,서울,107.8965,0.0
2024000355,래미안 원펜타스,서울,137.6504,0.0
2024000355,래미안 원펜타스,서울,137.9925,0.0
2024000355,래미안 원펜타스,서울,155.8754,0.0
2024000355,래미안 원펜타스,서울,191.859,0.0
2024000356,춘천 아테라 에듀파크,강원,72.9532,0.0
2024000356,춘천 아테라 에듀파크,강원,84.9463,0.0
2024000364,계양 롯데캐슬 파크시티 1단지,인천,59.8682,0.0
2024000364,계양 롯데캐슬 파크시티 1단지,인천,59.9639,0.0
2024000365,힐스테이트 광주곤지암역,경기,84.8237,0.0
2024000371,래미안 레벤투스,서울,45.98,0.0
2024000371,래미안 레벤투스,서울,58.78,0.0
2024000371,래미안 레벤투스,서울,74.93,0.0
2024000371,래미안 레벤투스,서울,84.92,0.0
2024000371,래미안 레벤투스,서울,84.98,0.0
2024000372,용인 푸르지오 원클러스터 1단지,경기,84.9993,0.0
2024000373,힐스테이트 레이크 송도 5차,인천,84.94,43.0
2024000375,도안 푸르지오 디아델 29블록,대전,59.98,0.0
2024000375,도안 푸르지오 디아델 29블록,대전,84.94,0.0
2024000375,도안 푸르지오 디아델 29블록,대전,84.95,0.0
2024000375,도안 푸르지오 디아델 29블록,대전,84.97,0.0
2024000376,도안 푸르지오 디아델 31블록,대전,59.98,0.0
2024000376,도안 푸르지오 디아델 31블록,대전,84.94,0.0
2024000376,도안 푸르지오 디아델 31블록,대전,84.95,0.0
2024000382,위파크 제주 1단지,제주,84.7784,0.0
2024000382,위파크 제주 1단지,제주,84.8567,0.0
2024000383,위파크 제주 2단지,제주,84.7784,0.0
2024000383,위파크 제주 2단지,제주,84.8567,0.0
2024000387,드파인 광안,부산,59.8951,0.0
2024000387,드파인 광안,부산,78.2765,0.0
2024000387,드파인 광안,부산,78.8636,0.0
2024000387,드파인 광안,부산,84.8923,0.0
2024000387,드파인 광안,부산,84.9514,0.0
2024000388,사직 하늘채 리센티아(조합원 취소분),부산,84.8908,0.0
2024000388,사직 하늘채 리센티아(조합원 취소분),부산,84.8978,0.0
2024000388,사직 하늘채 리센티아(조합원 취소분),부산,84.9102,0.0
2024000389,용인 둔전역 에피트,경기,68.9571,0.0
2024000389,용인 둔전역 에피트,경기,84.9856,0.0
2024000390,더 트루엘 마곡 HQ,서울,36.6756,0.0
2024000390,더 트루엘 마곡 HQ,서울,48.3293,0.0
2024000396,부천 중앙하이츠 심곡 102동,경기,58.3229,0.0
2024000396,부천 중앙하이츠 심곡 102동,경기,61.1859,0.0
2024000396,부천 중앙하이츠 심곡 102동,경기,69.192,0.0
2024000396,부천 중앙하이츠 심곡 102동,경기,76.6642,0.0
2024000405,아산배방(2-A13BL) 금강펜테리움 센트럴파크,충남,74.9804,0.0
2024000405,아산배방(2-A13BL) 금강펜테리움 센트럴파크,충남,84.6475,0.0
2024000405,아산배방(2-A13BL) 금강펜테리움 센트럴파크,충남,84.906,0.0
2024000405,아산배방(2-A13BL) 금강펜테리움 센트럴파크,충남,84.9316,0.0
2024000407,의왕고천지구 대방 디에트르 센트럴(B1BL),경기,84.9705,0.0
2024000407,의왕고천지구 대방 디에트르 센트럴(B1BL),경기,84.9898,0.0
2024000412,디에이치 방배,서울,59.53,0.0
2024000412,디에이치 방배,서울,59.8,0.0
2024000412,디에이치 방배,서울,59.86,0.0
2024000412,디에이치 방배,서울,84.95,0.0
2024000412,디에이치 방배,서울,84.98,0.0
2024000412,디에이치 방배,서울,101.87,0.0
2024000412,디에이치 방배,서울,101.9,0.0
2024000412,디에이치 방배,서울,114.85,0.0
2024000412,디에이치 방배,서울,114.92,0.0
2024000427,번영로 하늘채 라크뷰,울산,59.9851,0.0
2024000427,번영로 하늘채 라크뷰,울산,84.9938,0.0
2024000442,하남시청역 하우스원,경기,57.52,0.0
2024000442,하남시청역 하우스원,경기,58.48,0.0
2024000442,하남시청역 하우스원,경기,59.58,0.0
2024000457,한강 수자인 오브센트,경기,50.3901,0.0
2024000457,한강 수자인 오브센트,경기,59.5096,0.0
2024000457,한강 수자인 오브센트,경기,59.8425,0.0
2024000457,한강 수자인 오브센트,경기,59.9777,0.0
2024000457,한강 수자인 오브센트,경기,59.9984,0.0
2024000457,한강 수자인 오브센트,경기,76.8667,0.0
2024000457,한강 수자인 오브센트,경기,76.8794,0.0
2024000457,한강 수자인 오브센트,경기,76.9549,0.0
2024000457,한강 수자인 오브센트,경기,84.5749,0.0
2024000457,한강 수자인 오브센트,경기,84.8725,0.0
2024000457,한강 수자인 오브센트,경기,84.9724,0.0
2024000468,광주태전 경남아너스빌 리미티드,경기,84.9969,0.0
2024000471,연신내 양우내안애 퍼스티지,서울,53.168,0.0
2024000471,연신내 양우내안애 퍼스티지,서울,59.173,0.0
2024000471,연신내 양우내안애 퍼스티지,서울,59.276,0.0
2024000471,연신내 양우내안애 퍼스티지,서울,74.606,0.0
2024000472,라체르보 푸르지오 써밋,서울,45.7233,0.0
2024000472,라체르보 푸르지오 써밋,서울,59.7267,0.0
2024000472,라체르보 푸르지오 써밋,서울,59.766,0.0
2024000472,라체르보 푸르지오 써밋,서울,59.9398,0.0
2024000472,라체르보 푸르지오 써밋,서울,65.9129,0.0
2024000473,e편한세상 명덕역 퍼스트마크,대구,59.814,0.0
2024000473,e편한세상 명덕역 퍼스트마크,대구,84.711,0.0
2024000473,e편한세상 명덕역 퍼스트마크,대구,84.847,0.0
2024000473,e편한세상 명덕역 퍼스트마크,대구,84.898,0.0
2024000479,김해 대청천 에피트,경남,84.8251,0.0
2024000484,올림픽파크 서한포레스트,서울,49.092,0.0
2024000484,올림픽파크 서한포레스트,서울,49.451,0.0
2024000484,올림픽파크 서한포레스트,서울,59.0,0.0
2024000484,올림픽파크 서한포레스트,서울,69.282,0.0
2024000502,프레스티어자이,경기,49.9899,0.0
2024000502,프레스티어자이,경기,49.9972,0.0
2024000502,프레스티어자이,경기,59.9608,0.0
2024000502,프레스티어자이,경기,59.9913,0.0
2024000502,프레스티어자이,경기,59.9933,0.0
2024000502,프레스티어자이,경기,74.8487,0.0
2024000502,프레스티어자이,경기,74.9852,0.0
2024000502,프레스티어자이,경기,74.9942,0.0
2024000502,프레스티어자이,경기,74.9947,0.0
2024000502,프레스티어자이,경기,84.9493,0.0
2024000502,프레스티어자이,경기,84.9939,0.0
2024000502,프레스티어자이,경기,84.9953,0.0
2024000502,프레스티어자이,경기,84.9955,0.0
2024000502,프레스티어자이,경기,84.9962,0.0
2024000502,프레스티어자이,경기,84.9966,0.0
2024000502,프레스티어자이,경기,84.9973,0.0
2024000502,프레스티어자이,경기,84.999,0.0
2024000507,시티오씨엘 6단지,인천,59.6989,0.0
2024000507,시티오씨엘 6단지,인천,75.8038,0.0
2024000507,시티오씨엘 6단지,인천,84.8004,0.0
2024000507,시티오씨엘 6단지,인천,84.8248,0.0
2024000507,시티오씨엘 6단지,인천,84.8637,0.0
2024000513,청담 르엘,서울,59.7785,0.0
2024000513,청담 르엘,서울,59.9089,0.0
2024000513,청담 르엘,서울,84.504,0.0
2024000513,청담 르엘,서울,84.7467,0.0
2024000513,청담 르엘,서울,84.9194,0.0
2024000516,북수원이목지구 대방 디에트르 더 리체Ⅰ,경기,84.3693,0.0
2024000517,원주역 우미 린 더 스카이,강원,84.943,0.0
2024000517,원주역 우미 린 더 스카이,강원,84.9537,0.0
2024000517,원주역 우미 린 더 스카이,강원,84.9808,0.0
2024000520,동래 롯데캐슬 시그니처(조합원 취소분),부산,69.9393,0.0
2024000520,동래 롯데캐슬 시그니처(조합원 취소분),부산,84.6128,0.0
2024000520,동래 롯데캐슬 시그니처(조합원 취소분),부산,84.9189,0.0
2024000526,힐스테이트 평택역센트럴시티,경기,74.99,0.0
2024000526,힐스테이트 평택역센트럴시티,경기,84.13,0.0
2024000526,힐스테이트 평택역센트럴시티,경기,84.93,0.0
2024000526,힐스테이트 평택역센트럴시티,경기,84.99,0.0
2024000534,마포 에피트 어바닉,서울,34.013,0.0
2024000534,마포 에피트 어바닉,서울,42.069,0.0
2024000534,마포 에피트 어바닉,서울,43.606,0.0
2024000534,마포 에피트 어바닉,서울,46.243,0.0
2024000546,한신더휴 하이엔에듀포레,서울,45.99,0.0
2024000546,한신더휴 하이엔에듀포레,서울,59.9,0.0
2024000546,한신더휴 하이엔에듀포레,서울,59.96,0.0
2024000547,디에이치 대치 에델루이,서울,59.9,0.0
2024000547,디에이치 대치 에델루이,서울,59.99,0.0
2024000547,디에이치 대치 에델루이,서울,72.99,0.0
2024000547,디에이치 대치 에델루이,서울,84.99,0.0
2024000547,디에이치 대치 에델루이,서울,94.99,0.0
2024000551,광안센텀 비스타동원,부산,59.9782,0.0
2024000551,광안센텀 비스타동원,부산,59.9823,0.0
2024000551,광안센텀 비스타동원,부산,84.9413,0.0
2024000551,광안센텀 비스타동원,부산,84.962,0.0
2024000559,공도 서희스타힐스(조합원 자격상실 세대),경기,74.779,0.0
2024000562,하당 르파르크 시그니처,전남,84.9965,0.0
2024000563,아크로 베스티뉴,경기,39.5844,0.0
2024000563,아크로 베스티뉴,경기,59.7652,0.0
2024000563,아크로 베스티뉴,경기,59.9787,0.0
2024000563,아크로 베스티뉴,경기,74.3619,0.0
2024000563,아크로 베스티뉴,경기,84.79,0.0
2024000566,부천아테라자이(부천괴안지구 B-2블록),경기,50.9289,0.0
2024000566,부천아테라자이(부천괴안지구 B-2블록),경기,50.9584,0.0
2024000566,부천아테라자이(부천괴안지구 B-2블록),경기,59.9975,0.0
2024000571,센텀파크 SK VIEW,부산,74.9898,0.0
2024000572,대전 르에브 스위첸 1단지,대전,84.8543,0.0
2024000573,대전 르에브 스위첸 2단지,대전,59.9968,0.0
2024000573,대전 르에브 스위첸 2단지,대전,84.827,0.0
2024000573,대전 르에브 스위첸 2단지,대전,84.8543,0.0
2024000585,두산위브 더센트럴 부평,인천,50.6837,0.0
2024000585,두산위브 더센트럴 부평,인천,52.185,0.0
2024000585,두산위브 더센트럴 부평,인천,63.8777,0.0
2024000589,직산역 서희스타힐스(조합원 취소분),충남,59.8854,0.0
2024000589,직산역 서희스타힐스(조합원 취소분),충남,84.2645,0.0
2024000590,잠실 래미안아이파크,서울,43.73,0.0
2024000590,잠실 래미안아이파크,서울,59.45,0.0
2024000590,잠실 래미안아이파크,서울,59.46,0.0
2024000590,잠실 래미안아이파크,서울,59.47,0.0
2024000590,잠실 래미안아이파크,서울,74.92,0.0
2024000590,잠실 래미안아이파크,서울,74.94,0.0
2024000590,잠실 래미안아이파크,서울,74.96,0.0
2024000590,잠실 래미안아이파크,서울,84.88,0.0
2024000590,잠실 래미안아이파크,서울,84.96,0.0
2024000590,잠실 래미안아이파크,서울,84.99,0.0
2024000590,잠실 래미안아이파크,서울,104.24,0.0
2024000590,잠실 래미안아이파크,서울,104.32,0.0
2024000593,양주역 푸르지오 센터파크,경기,59.3157,0.0
2024000593,양주역 푸르지오 센터파크,경기,59.3529,0.0
2024000593,양주역 푸르지오 센터파크,경기,59.4915,0.0
2024000593,양주역 푸르지오 센터파크,경기,84.2467,0.0
2024000593,양주역 푸르지오 센터파크,경기,84.3148,0.0
2024000593,양주역 푸르지오 센터파크,경기,84.8838,0.0
2024000594,래미안 센트리폴(3BL),인천,59.89,0.0
2024000594,래미안 센트리폴(3BL),인천,59.92,0.0
2024000594,래미안 센트리폴(3BL),인천,71.81,0.0
2024000594,래미안 센트리폴(3BL),인천,71.85,0.0
2024000594,래미안 센트리폴(3BL),인천,84.84,0.0
2024000594,래미안 센트리폴(3BL),인천,84.91,0.0
2024000594,래미안 센트리폴(3BL),인천,84.94,0.0
2024000595,평택 브레인시티 한신더휴,경기,59.8712,27.0
2024000597,수원 비셀토64,경기,60.959,0.0
2024000597,수원 비셀토64,경기,71.524,0.0
2024000597,수원 비셀토64,경기,75.191,0.0
2024000600,VIORR(비오르),서울,59.1113,0.0
2024000600,VIORR(비오르),서울,59.3518,0.0
2024000600,VIORR(비오르),서울,75.7637,0.0
2024000600,VIORR(비오르),서울,84.4324,0.0
2024000600,VIORR(비오르),서울,84.6231,0.0
2024000600,VIORR(비오르),서울,84.6536,0.0
2024000600,VIORR(비오르),서울,84.893,0.0
2024000600,VIORR(비오르),서울,84.9274,0.0
2024000601,군포대야미 대방 디에트르 시그니처(B3BL),경기,84.946,0.0
2024000601,군포대야미 대방 디에트르 시그니처(B3BL),경기,84.9982,0.0
2024000602,광명 유승한내들 라포레,경기,83.7468,0.0
2024000603,e편한세상 일산 메이포레 1단지,경기,84.522,0.0
2024000604,e편한세상 일산 메이포레 3단지,경기,59.7591,0.0
2024000604,e편한세상 일산 메이포레 3단지,경기,84.4895,0.0
2024000604,e편한세상 일산 메이포레 3단지,경기,84.522,0.0
2024000608,번영로 롯데캐슬 센트럴스카이,울산,84.9838,0.0
2024000622,오산세교 우미 린 센트럴시티(A-14블록)(본청약),경기,59.9595,28.0
2024000622,오산세교 우미 린 센트럴시티(A-14블록)(본청약),경기,59.983,0.0
2024000622,오산세교 우미 린 센트럴시티(A-14블록)(본청약),경기,59.9884,27.0
2024000622,오산세교 우미 린 센트럴시티(A-14블록)(본청약),경기,59.9938,28.0
2024000622,오산세교 우미 린 센트럴시티(A-14블록)(본청약),경기,72.9573,0.0
2024000622,오산세교 우미 린 센트럴시티(A-14블록)(본청약),경기,84.9732,37.0
2024000624,더샵 시에르네,울산,74.9469,0.0
2024000624,더샵 시에르네,울산,75.9849,0.0
2024000624,더샵 시에르네,울산,84.8968,0.0
2024000624,더샵 시에르네,울산,84.963,0.0
2024000624,더샵 시에르네,울산,84.965,0.0
2024000628,천안 아이파크 시티,충남,84.97,0.0
2024000628,천안 아이파크 시티,충남,84.98,0.0
2024000631,검단신도시 푸르지오 더 파크,인천,84.9069,44.0
2024000631,검단신도시 푸르지오 더 파크,인천,84.9277,37.0
2024000631,검단신도시 푸르지오 더 파크,인천,84.9339,31.0
2024000631,검단신도시 푸르지오 더 파크,인천,84.9501,30.0
2024000633,더샵 탕정인피니티시티 3차,충남,70.8318,0.0
2024000633,더샵 탕정인피니티시티 3차,충남,70.8617,0.0
2024000633,더샵 탕정인피니티시티 3차,충남,70.9782,0.0
2024000633,더샵 탕정인피니티시티 3차,충남,84.7945,0.0
2024000633,더샵 탕정인피니티시티 3차,충남,84.8324,0.0
2024000633,더샵 탕정인피니티시티 3차,충남,84.9331,0.0
2024000637,곤지암역 제일풍경채,경기,59.8372,0.0
2024000637,곤지암역 제일풍경채,경기,84.9876,0.0
2024000642,성성자이 레이크파크,충남,84.9448,0.0
2024000642,성성자이 레이크파크,충남,84.9467,0.0
2024000642,성성자이 레이크파크,충남,84.948,0.0
2024000643,태화강 유보라 팰라티움(조합원 취소분),울산,84.5436,0.0
2024000643,태화강 유보라 팰라티움(조합원 취소분),울산,84.8627,0.0
2024000644,청주테크노폴리스 힐데스하임 더원(S3블록),충북,84.94,0.0
2024000644,청주테크노폴리스 힐데스하임 더원(S3블록),충북,84.96,0.0
2024000644,청주테크노폴리스 힐데스하임 더원(S3블록),충북,84.99,0.0
2024000649,화성 비봉지구 B1블록 금성백조 예미지2차,경기,84.9804,0.0
2024000649,화성 비봉지구 B1블록 금성백조 예미지2차,경기,84.9998,16.0
2024000654,힐스테이트 도안리버파크 3단지,대전,84.9539,0.0
2024000654,힐스테이트 도안리버파크 3단지,대전,84.9606,0.0
2024000654,힐스테이트 도안리버파크 3단지,대전,84.9861,0.0
2024000654,힐스테이트 도안리버파크 3단지,대전,84.9923,0.0
2024000655,힐스테이트 도안리버파크 5단지,대전,84.961,0.0
2024000655,힐스테이트 도안리버파크 5단지,대전,84.9923,0.0
2024000657,둔산 엘리프 더센트럴,대전,84.9521,0.0
2024000658,전주 인후동 마루힐 센트럴,전북,84.9946,0.0
2024000658,전주 인후동 마루힐 센트럴,전북,84.9992,0.0
2024000659,서울원 아이파크,서울,59.8281,0.0
2024000659,서울원 아이파크,서울,72.1489,0.0
2024000659,서울원 아이파크,서울,74.9528,0.0
2024000659,서울원 아이파크,서울,84.3174,0.0
2024000659,서울원 아이파크,서울,84.6615,0.0
2024000660,덕소역 라온프라이빗 리버포레,경기,59.8741,0.0
2024000660,덕소역 라온프라이빗 리버포레,경기,59.9076,0.0
2024000660,덕소역 라온프라이빗 리버포레,경기,59.9657,0.0
2024000660,덕소역 라온프라이빗 리버포레,경기,84.9894,0.0
2024000661,인천강화서희스타힐스 1단지(조합원 취소세대),인천,84.9495,0.0
2024000664,평택 고덕국제신도시 A50블록 미래도 파밀리에(본청약),경기,84.9508,39.0
2024000664,평택 고덕국제신도시 A50블록 미래도 파밀리에(본청약),경기,84.9927,27.0
2024000668,평촌자이 퍼스니티,경기,53.9578,0.0
2024000668,평촌자이 퍼스니티,경기,59.9833,0.0
2024000668,평촌자이 퍼스니티,경기,77.9155,0.0
2024000668,평촌자이 퍼스니티,경기,84.8435,0.0
2024000668,평촌자이 퍼스니티,경기,84.8447,0.0
2024000668,평촌자이 퍼스니티,경기,84.8969,0.0
2024000668,평촌자이 퍼스니티,경기,84.9133,0.0
2024000672,아크로 리츠카운티,서울,44.94,0.0
2024000672,아크로 리츠카운티,서울,59.98,0.0
2024000672,아크로 리츠카운티,서울,75.92,0.0
2024000672,아크로 리츠카운티,서울,75.98,0.0
2024000672,아크로 리츠카운티,서울,84.95,0.0
2024000672,아크로 리츠카운티,서울,144.66,0.0
2024000675,인하대역 푸르지오 에듀포레,인천,74.99,0.0
2024000675,인하대역 푸르지오 에듀포레,인천,84.96,0.0
2024000679,e편한세상 당산 리버파크,서울,51.406,0.0
2024000679,e편한세상 당산 리버파크,서울,51.592,0.0
2024000679,e편한세상 당산 리버파크,서울,59.832,0.0
2024000679,e편한세상 당산 리버파크,서울,59.839,0.0
2024000688,힐스테이트 등촌역,서울,59.54,0.0
2024000688,힐스테이트 등촌역,서울,59.57,0.0
2024000688,힐스테이트 등촌역,서울,84.71,0.0
2024000688,힐스테이트 등촌역,서울,84.94,0.0
2024000688,힐스테이트 등촌역,서울,84.98,0.0
2024000692,창경궁 롯데캐슬 시그니처,서울,59.8424,0.0
2024000692,창경궁 롯데캐슬 시그니처,서울,59.9254,0.0
2024000692,창경궁 롯데캐슬 시그니처,서울,59.9519,0.0
2024000692,창경궁 롯데캐슬 시그니처,서울,84.9828,0.0
2024000694,르엘 리버파크 센텀,부산,84.928,0.0
2024000699,e편한세상 송도 더퍼스트비치,부산,84.385,0.0
2024000703,대전 롯데캐슬 더퍼스트,대전,74.9894,0.0
2024000706,의왕 월암지구 대방 디에트르 레이크파크,경기,75.9347,0.0
2024000706,의왕 월암지구 대방 디에트르 레이크파크,경기,75.9493,0.0
2024000706,의왕 월암지구 대방 디에트르 레이크파크,경기,84.9413,0.0
2024000706,의왕 월암지구 대방 디에트르 레이크파크,경기,84.9684,0.0
2024000706,의왕 월암지구 대방 디에트르 레이크파크,경기,84.9715,0.0
2024000713,청주테크노폴리스 하트리움 더 메트로(S4블록),충북,84.9234,0.0
2024000713,청주테크노폴리스 하트리움 더 메트로(S4블록),충북,84.9323,0.0
2024000714,아산탕정자이 퍼스트시티,충남,59.9843,0.0
2024000714,아산탕정자이 퍼스트시티,충남,59.9941,0.0
2024000714,아산탕정자이 퍼스트시티,충남,84.9905,0.0
2024000714,아산탕정자이 퍼스트시티,충남,84.9921,0.0
2024000714,아산탕정자이 퍼스트시티,충남,84.9923,0.0
2024000718,더샵 퍼스트월드,서울,39.9328,0.0
2024000718,더샵 퍼스트월드,서울,39.945,0.0
2024000718,더샵 퍼스트월드,서울,44.9002,0.0
2024000718,더샵 퍼스트월드,서울,44.9648,0.0
2024000718,더샵 퍼스트월드,서울,59.9636,0.0
2024000718,더샵 퍼스트월드,서울,84.9005,0.0
2024000718,더샵 퍼스트월드,서울,84.9214,0.0
2024000718,더샵 퍼스트월드,서울,84.9464,0.0
2024000718,더샵 퍼스트월드,서울,84.9723,0.0
2024000718,더샵 퍼스트월드,서울,84.9898,0.0
2024000723,트리븐 논산,충남,59.951,0.0
2024000723,트리븐 논산,충남,84.648,0.0
2024000723,트리븐 논산,충남,84.7869,0.0
2024000723,트리븐 논산,충남,84.825,0.0
2024000723,트리븐 논산,충남,84.9766,0.0
2024000723,트리븐 논산,충남,84.9814,0.0
2024000725,세종 5-1 양우내안애 아스펜,세종,84.0,44.0
2024000725,세종 5-1 양우내안애 아스펜,세종,84.677,54.0
2024000725,세종 5-1 양우내안애 아스펜,세종,84.9695,61.0
2024000727,범어자이르네,대구,84.9688,0.0
2024000729,래미안 센트리폴(1BL),인천,59.96,0.0
2024000729,래미안 센트리폴(1BL),인천,59.98,0.0
2024000729,래미안 센트리폴(1BL),인천,71.68,0.0
2024000729,래미안 센트리폴(1BL),인천,71.79,0.0
2024000729,래미안 센트리폴(1BL),인천,84.82,0.0
2024000729,래미안 센트리폴(1BL),인천,84.91,0.0
2024000729,래미안 센트리폴(1BL),인천,84.96,0.0
2024000729,래미안 센트리폴(1BL),인천,84.97,0.0
2024000729,래미안 센트리폴(1BL),인천,84.98,0.0
2024000730,래미안 센트리폴(2BL),인천,59.89,0.0
2024000730,래미안 센트리폴(2BL),인천,59.92,0.0
2024000730,래미안 센트리폴(2BL),인천,68.37,0.0
2024000730,래미안 센트리폴(2BL),인천,71.81,0.0
2024000730,래미안 센트리폴(2BL),인천,71.85,0.0
2024000730,래미안 센트리폴(2BL),인천,84.84,0.0
2024000730,래미안 센트리폴(2BL),인천,84.91,0.0
2024000742,한화포레나 부산덕천3차,부산,59.9385,0.0
2024000749,본 아르떼 리버뷰,전북,73.1847,0.0
2024000749,본 아르떼 리버뷰,전북,78.8459,0.0
2024000751,더샵 라비온드,전북,39.7744,0.0
2024000751,더샵 라비온드,전북,59.7905,0.0
2024000751,더샵 라비온드,전북,59.975,0.0
2024000751,더샵 라비온드,전북,59.9908,0.0
2024000751,더샵 라비온드,전북,59.9966,0.0
2024000751,더샵 라비온드,전북,84.9122,0.0
2024000751,더샵 라비온드,전북,84.9195,0.0
2024000751,더샵 라비온드,전북,84.9492,0.0
2025000001,래미안 원페를라,서울,59.78,0.0
2025000001,래미안 원페를라,서울,59.95,0.0
2025000001,래미안 원페를라,서울,59.98,0.0
2025000001,래미안 원페를라,서울,84.68,0.0
2025000001,래미안 원페를라,서울,84.73,0.0
2025000001,래미안 원페를라,서울,84.92,0.0
2025000001,래미안 원페를라,서울,84.97,0.0
2025000001,래미안 원페를라,서울,106.81,0.0
2025000001,래미안 원페를라,서울,106.97,0.0
2025000001,래미안 원페를라,서울,120.63,0.0
2025000014,평택청북 사랑으로 부영 2차 아파트 우선분양 전환 후 잔여세대,경기,59.9605,0.0
2025000017,두류센트레빌 더 파크,대구,59.957,0.0
2025000017,두류센트레빌 더 파크,대구,59.9859,0.0
2025000020,e편한세상 제물포역 파크메종(조합원 취소분),인천,59.9393,0.0
2025000020,e편한세상 제물포역 파크메종(조합원 취소분),인천,74.9227,0.0
2025000020,e편한세상 제물포역 파크메종(조합원 취소분),인천,74.9774,0.0
2025000021,용현 우방 아이유쉘 센트럴마린,인천,59.9333,0.0
2025000028,e편한세상 동대구역 센텀스퀘어,대구,79.774,0.0
2025000028,e편한세상 동대구역 센텀스퀘어,대구,79.8927,0.0
2025000028,e편한세상 동대구역 센텀스퀘어,대구,84.9463,0.0
2025000029,이안 센트럴포레 장유 1단지,경남,84.9638,0.0
2025000030,이안 센트럴포레 장유 2단지,경남,84.9638,0.0
2025000036,e편한세상 성성호수공원,충남,84.9748,0.0
2025000036,e편한세상 성성호수공원,충남,84.9752,0.0
2025000036,e편한세상 성성호수공원,충남,84.9893,0.0
2025000036,e편한세상 성성호수공원,충남,84.9933,0.0
2025000037,문수로 센트레빌 에듀리체,울산,84.9381,0.0
2025000043,부천 JY 포에시아,경기,43.7207,0.0
2025000043,부천 JY 포에시아,경기,56.2836,0.0
2025000043,부천 JY 포에시아,경기,73.9377,0.0
2025000047,안동 용상 하늘채 리버스카이,경북,84.9991,0.0
2025000048,창원 메가시티 자이앤위브,경남,59.9638,0.0
2025000048,창원 메가시티 자이앤위브,경남,59.9854,0.0
2025000048,창원 메가시티 자이앤위브,경남,74.9041,0.0
2025000048,창원 메가시티 자이앤위브,경남,84.9128,0.0
2025000048,창원 메가시티 자이앤위브,경남,84.9474,0.0
2025000048,창원 메가시티 자이앤위브,경남,84.9774,0.0
2025000052,대전 도마·변동 11구역 호반써밋 그랜드센트럴(조합원 취소분),대전,49.9,0.0
2025000052,대전 도마·변동 11구역 호반써밋 그랜드센트럴(조합원 취소분),대전,59.91,0.0
2025000052,대전 도마·변동 11구역 호반써밋 그랜드센트럴(조합원 취소분),대전,84.99,0.0
2025000053,더샵 금정위버시티(조합원 취소분),부산,59.9838,0.0
2025000053,더샵 금정위버시티(조합원 취소분),부산,59.9902,0.0
2025000053,더샵 금정위버시티(조합원 취소분),부산,84.9938,0.0
2025000064,원주역 중흥S-클래스,강원,84.94,0.0
2025000064,원주역 중흥S-클래스,강원,84.9805,0.0
2025000075,힐스테이트 더샵 상생공원 1단지,경북,84.1259,0.0
2025000075,힐스테이트 더샵 상생공원 1단지,경북,84.513,0.0
2025000075,힐스테이트 더샵 상생공원 1단지,경북,84.8908,0.0
2025000076,풍무역 롯데캐슬 시그니처,경기,75.8195,0.0
2025000081,양주역 제일풍경채 위너스카이,경기,70.2587,0.0
2025000081,양주역 제일풍경채 위너스카이,경기,84.7979,0.0
2025000094,원종 휴먼빌 클라츠,경기,59.8001,0.0
2025000098,해링턴 스퀘어 산곡역,인천,39.6187,0.0
2025000098,해링턴 스퀘어 산곡역,인천,39.9294,0.0
2025000098,해링턴 스퀘어 산곡역,인천,59.7645,0.0
2025000098,해링턴 스퀘어 산곡역,인천,59.8642,0.0
2025000098,해링턴 스퀘어 산곡역,인천,74.706,0.0
2025000098,해링턴 스퀘어 산곡역,인천,74.7067,0.0
2025000098,해링턴 스퀘어 산곡역,인천,84.847,0.0
2025000098,해링턴 스퀘어 산곡역,인천,84.9099,0.0
2025000099,구리 한양립스,경기,59.8302,0.0
2025000099,구리 한양립스,경기,59.9252,0.0
2025000099,구리 한양립스,경기,84.8161,0.0
2025000100,청주테크노폴리스 아테라 2차(A7BL),충북,84.0,0.0
2025000100,청주테크노폴리스 아테라 2차(A7BL),충북,84.6592,0.0
2025000100,청주테크노폴리스 아테라 2차(A7BL),충북,84.9534,0.0
2025000101,우방아이유쉘 중부센트럴,경남,59.9767,0.0
2025000101,우방아이유쉘 중부센트럴,경남,77.5575,0.0
2025000104,두산위브더제니스 평내호평역 N49,경기,74.9915,0.0
2025000104,두산위브더제니스 평내호평역 N49,경기,84.8748,0.0
2025000104,두산위브더제니스 평내호평역 N49,경기,84.9515,0.0
2025000104,두산위브더제니스 평내호평역 N49,경기,84.9827,0.0
2025000105,쌍용 더 플래티넘 동래 아시아드,부산,59.772,0.0
2025000105,쌍용 더 플래티넘 동래 아시아드,부산,59.9598,0.0
2025000105,쌍용 더 플래티넘 동래 아시아드,부산,59.974,0.0
2025000105,쌍용 더 플래티넘 동래 아시아드,부산,84.8955,0.0
2025000107,태화강 에피트,울산,84.7646,0.0
2025000112,고강역 신원아침도시 퍼스티지,경기,46.3469,0.0
2025000112,고강역 신원아침도시 퍼스티지,경기,48.5258,0.0
2025000112,고강역 신원아침도시 퍼스티지,경기,58.8463,0.0
2025000113,더샵 당리센트리체,부산,84.8241,0.0
2025000114,용인 푸르지오 원클러스터 2단지,경기,84.9901,0.0
2025000116,회천중앙역 로제비앙 그랜드센텀,경기,84.9231,27.0
2025000129,제일풍경채 의왕고천(본청약),경기,84.2033,0.0
2025000129,제일풍경채 의왕고천(본청약),경기,84.2042,0.0
2025000129,제일풍경채 의왕고천(본청약),경기,84.221,0.0
2025000134,시티오씨엘 7단지,인천,59.6494,0.0
2025000134,시티오씨엘 7단지,인천,75.9078,0.0
2025000134,시티오씨엘 7단지,인천,84.9771,0.0
2025000134,시티오씨엘 7단지,인천,84.9997,0.0
2025000135,청계 노르웨이숲,서울,39.695,0.0
2025000135,청계 노르웨이숲,서울,59.799,0.0
2025000135,청계 노르웨이숲,서울,59.842,0.0
2025000135,청계 노르웨이숲,서울,59.985,0.0
2025000135,청계 노르웨이숲,서울,59.986,0.0
2025000139,고양 더샵포레나,경기,39.9476,0.0
2025000139,고양 더샵포레나,경기,46.8485,0.0
2025000139,고양 더샵포레나,경기,59.9874,0.0
2025000139,고양 더샵포레나,경기,59.9921,0.0
2025000139,고양 더샵포레나,경기,74.9917,0.0
2025000145,성성자이 레이크파크(2회차),충남,84.9448,0.0
2025000145,성성자이 레이크파크(2회차),충남,84.9467,0.0
2025000154,더샵 송도마리나베이(조합원 자격상실세대 3회차),인천,84.9766,0.0
2025000157,해운대경동리인뷰,부산,84.914,0.0
2025000161,트리븐 안동,경북,84.9934,0.0
2025000164,고척 푸르지오 힐스테이트,서울,59.9509,0.0
2025000164,고척 푸르지오 힐스테이트,서울,59.9689,0.0
2025000164,고척 푸르지오 힐스테이트,서울,59.9816,0.0
2025000164,고척 푸르지오 힐스테이트,서울,59.9969,0.0
2025000164,고척 푸르지오 힐스테이트,서울,84.8751,0.0
2025000164,고척 푸르지오 힐스테이트,서울,84.9349,0.0
2025000164,고척 푸르지오 힐스테이트,서울,84.9471,0.0
2025000167,리버센 SK VIEW 롯데캐슬,서울,39.99,0.0
2025000167,리버센 SK VIEW 롯데캐슬,서울,49.97,0.0
2025000167,리버센 SK VIEW 롯데캐슬,서울,59.99,0.0
2025000167,리버센 SK VIEW 롯데캐슬,서울,70.98,0.0
2025000167,리버센 SK VIEW 롯데캐슬,서울,84.97,0.0
2025000168,더파크 수성못,대구,84.5827,0.0
2025000168,더파크 수성못,대구,84.8765,0.0
2025000177,힐스테이트 메디알레,서울,51.1,0.0
2025000177,힐스테이트 메디알레,서울,51.81,0.0
2025000177,힐스테이트 메디알레,서울,59.91,0.0
2025000177,힐스테이트 메디알레,서울,59.94,0.0
2025000177,힐스테이트 메디알레,서울,59.97,0.0
2025000177,힐스테이트 메디알레,서울,74.8,0.0
2025000177,힐스테이트 메디알레,서울,74.84,0.0
2025000177,힐스테이트 메디알레,서울,74.89,0.0
2025000177,힐스테이트 메디알레,서울,74.9,0.0
2025000186,상무 양우내안애 퍼스트힐(조합원 취소분),광주,59.8784,0.0
2025000194,고덕강일 대성베르힐,서울,84.8857,69.0
2025000194,고덕강일 대성베르힐,서울,84.9353,69.0
2025000194,고덕강일 대성베르힐,서울,84.9595,69.0
2025000194,고덕강일 대성베르힐,서울,101.6696,69.0
2025000195,디 아테온(THE ATHEON),서울,59.9982,0.0
2025000199,진위역 서희스타힐스 더 파크뷰(3차),경기,59.7537,0.0
2025000199,진위역 서희스타힐스 더 파크뷰(3차),경기,84.7233,0.0
2025000200,평택 고덕국제신도시 A48블록 금성백조 예미지,경기,84.9592,34.0
2025000200,평택 고덕국제신도시 A48블록 금성백조 예미지,경기,84.964,32.0
2025000200,평택 고덕국제신도시 A48블록 금성백조 예미지,경기,84.9668,40.0
2025000205,동백호수공원 두산위브더제니스(조합원 취소분),경기,61.9767,0.0
2025000205,동백호수공원 두산위브더제니스(조합원 취소분),경기,75.9349,0.0
2025000205,동백호수공원 두산위브더제니스(조합원 취소분),경기,77.7303,0.0
2025000205,동백호수공원 두산위브더제니스(조합원 취소분),경기,84.993,0.0
2025000222,오퍼스 한강 스위첸,경기,84.9804,0.0
2025000222,오퍼스 한강 스위첸,경기,84.985,0.0
2025000233,해링턴 스퀘어 리버파크,경기,59.8224,0.0
2025000233,해링턴 스퀘어 리버파크,경기,59.9844,0.0
2025000233,해링턴 스퀘어 리버파크,경기,84.9223,0.0
2025000233,해링턴 스퀘어 리버파크,경기,84.9935,0.0
2025000237,울산 우정 에피트(조합원 취소분),울산,59.9704,0.0
2025000237,울산 우정 에피트(조합원 취소분),울산,84.8539,0.0
2025000237,울산 우정 에피트(조합원 취소분),울산,84.9,0.0
2025000239,대구 범어 2차 아이파크,대구,84.3149,0.0
2025000239,대구 범어 2차 아이파크,대구,84.6206,0.0
2025000239,대구 범어 2차 아이파크,대구,84.7365,0.0
2025000239,대구 범어 2차 아이파크,대구,84.7573,0.0
2025000239,대구 범어 2차 아이파크,대구,84.9115,0.0
2025000244,아산탕정자이 센트럴시티(A2BL),충남,59.9843,0.0
2025000244,아산탕정자이 센트럴시티(A2BL),충남,59.9941,0.0
2025000244,아산탕정자이 센트럴시티(A2BL),충남,84.9905,0.0
2025000244,아산탕정자이 센트럴시티(A2BL),충남,84.9921,0.0
2025000244,아산탕정자이 센트럴시티(A2BL),충남,84.9923,0.0
2025000246,호현 센트럴 아이파크,경기,55.988,0.0
2025000246,호현 센트럴 아이파크,경기,59.9915,0.0
2025000246,호현 센트럴 아이파크,경기,84.9982,0.0
2025000249,송도역 한신더휴 프레스턴,인천,40.6711,0.0
2025000249,송도역 한신더휴 프레스턴,인천,59.9698,0.0
2025000250,오티에르 포레,서울,39.96,0.0
2025000250,오티에르 포레,서울,49.88,0.0
2025000250,오티에르 포레,서울,59.95,0.0
2025000250,오티에르 포레,서울,59.96,0.0
2025000250,오티에르 포레,서울,74.99,0.0
2025000250,오티에르 포레,서울,84.94,0.0
2025000250,오티에르 포레,서울,84.99,0.0
2025000253,검단호수공원역 중흥S-클래스,인천,84.9361,56.0
2025000253,검단호수공원역 중흥S-클래스,인천,84.9728,48.0
2025000254,시흥 은계 에피트,경기,39.157,0.0
2025000255,힐스테이트 회룡역파크뷰,경기,59.8626,0.0
2025000255,힐스테이트 회룡역파크뷰,경기,59.9934,0.0
2025000255,힐스테이트 회룡역파크뷰,경기,59.9936,0.0
2025000267,리버센트 푸르지오 위브,서울,59.99,0.0
2025000267,리버센트 푸르지오 위브,서울,76.74,0.0
2025000267,리버센트 푸르지오 위브,서울,84.98,0.0
2025000267,리버센트 푸르지오 위브,서울,84.99,0.0
2025000270,제기동역 아이파크,서울,44.52,0.0
2025000270,제기동역 아이파크,서울,51.32,0.0
2025000270,제기동역 아이파크,서울,59.67,0.0
2025000270,제기동역 아이파크,서울,59.92,0.0
2025000274,해링턴플레이스 풍무(3BL),경기,59.9584,0.0
2025000275,힐스테이트 신용 더리버(조합원 취소분),광주,74.98,0.0
2025000275,힐스테이트 신용 더리버(조합원 취소분),광주,84.94,0.0
2025000281,전주 라온프라이빗 퍼스티브,전북,84.9974,0.0
2025000285,신분평 더웨이시티 제일풍경채,충북,84.8267,0.0
2025000287,대야미역 금강펜테리움 레이크포레(B1BL),경기,61.9921,0.0
2025000287,대야미역 금강펜테리움 레이크포레(B1BL),경기,63.9931,0.0
2025000291,춘천 동문 디 이스트 어반포레,강원,59.8077,0.0
2025000295,엘리프 한신더휴 수원 C3블록(본청약),경기,74.92,0.0
2025000295,엘리프 한신더휴 수원 C3블록(본청약),경기,84.99,0.0
2025000302,엘리프 검단 포레듀(AA32블록),인천,64.78,0.0
2025000305,청주 센텀 푸르지오 자이,충북,59.8365,0.0
2025000305,청주 센텀 푸르지오 자이,충북,59.9698,0.0
2025000305,청주 센텀 푸르지오 자이,충북,84.9951,0.0
2025000305,청주 센텀 푸르지오 자이,충북,84.9989,0.0
2025000306,정읍 상동 예다음2차,전북,84.9445,0.0
2025000307,엘리프 한신더휴 수원 D3블록(본청약),경기,74.92,48.0
2025000307,엘리프 한신더휴 수원 D3블록(본청약),경기,84.99,0.0
2025000307,엘리프 한신더휴 수원 D3블록(본청약),경기,92.99,0.0
2025000307,엘리프 한신더휴 수원 D3블록(본청약),경기,112.81,0.0
2025000311,써밋 리미티드 남천,부산,84.6335,0.0
2025000311,써밋 리미티드 남천,부산,84.9661,0.0
2025000319,인천 힐스테이트 숭의역,인천,59.968,0.0
2025000328,디에이치 아델스타,경기,59.9328,0.0
2025000328,디에이치 아델스타,경기,59.9606,0.0
2025000328,디에이치 아델스타,경기,59.9838,0.0
2025000328,디에이치 아델스타,경기,75.9738,0.0
2025000328,디에이치 아델스타,경기,84.9227,0.0
2025000328,디에이치 아델스타,경기,84.9332,0.0
2025000328,디에이치 아델스타,경기,84.9363,0.0
2025000329,원주역 우미 린 더 스텔라 ,강원,84.9126,0.0
2025000329,원주역 우미 린 더 스텔라 ,강원,84.9187,0.0
2025000329,원주역 우미 린 더 스텔라 ,강원,84.9265,0.0
2025000329,원주역 우미 린 더 스텔라 ,강원,84.9269,0.0
2025000329,원주역 우미 린 더 스텔라 ,강원,84.9735,0.0
2025000329,원주역 우미 린 더 스텔라 ,강원,84.9867,0.0
2025000340,서면 써밋 더뉴,부산,84.3608,0.0
2025000340,서면 써밋 더뉴,부산,84.7812,0.0
2025000341,춘천 레이크시티 2차 아이파크,강원,84.5387,0.0
2025000353,잠실 르엘,서울,45.967,0.0
2025000353,잠실 르엘,서울,51.9095,0.0
2025000353,잠실 르엘,서울,59.8151,0.0
2025000353,잠실 르엘,서울,74.2804,0.0
2025000353,잠실 르엘,서울,74.5591,0.0
2025000364,한화포레나 울산무거,울산,84.9025,0.0
2025000364,한화포레나 울산무거,울산,84.9134,0.0
2025000364,한화포레나 울산무거,울산,84.9747,0.0
2025000365,망포역 푸르지오 르마크,경기,62.6526,0.0
2025000365,망포역 푸르지오 르마크,경기,84.1327,0.0
2025000366,천안 아이파크 시티 2단지,충남,84.98,0.0
2025000367,서면 어반센트 데시앙,부산,59.6796,0.0
2025000367,서면 어반센트 데시앙,부산,59.8003,0.0
2025000367,서면 어반센트 데시앙,부산,74.9966,0.0
2025000380,힐스테이트 오산 더퍼스트(조합원 자격상실 및 제명세대),경기,59.9944,0.0
2025000380,힐스테이트 오산 더퍼스트(조합원 자격상실 및 제명세대),경기,64.9972,0.0
2025000388,홍대입구역 센트럴 아르떼 해모로,서울,32.981,0.0
2025000388,홍대입구역 센트럴 아르떼 해모로,서울,47.2694,0.0
2025000388,홍대입구역 센트럴 아르떼 해모로,서울,47.539,0.0
2025000388,홍대입구역 센트럴 아르떼 해모로,서울,47.6237,0.0
2025000388,홍대입구역 센트럴 아르떼 해모로,서울,47.9922,0.0
2025000388,홍대입구역 센트럴 아르떼 해모로,서울,52.615,0.0
2025000399,대방역 여의도 더로드캐슬,서울,24.91,0.0
2025000399,대방역 여의도 더로드캐슬,서울,25.37,0.0
2025000399,대방역 여의도 더로드캐슬,서울,27.76,0.0
2025000401,아산탕정 동일하이빌 파크레인,충남,84.9735,0.0
2025000401,아산탕정 동일하이빌 파크레인,충남,84.9865,0.0
2025000412,식사 푸르지오 파크센트,경기,74.9682,0.0
2025000412,식사 푸르지오 파크센트,경기,84.3593,0.0
2025000412,식사 푸르지오 파크센트,경기,84.8777,0.0
2025000415,베뉴브 해운대,부산,59.9833,0.0
2025000415,베뉴브 해운대,부산,84.8937,0.0
2025000415,베뉴브 해운대,부산,84.9043,0.0
2025000415,베뉴브 해운대,부산,84.919,0.0
2025000415,베뉴브 해운대,부산,84.9637,0.0
2025000415,베뉴브 해운대,부산,84.9898,0.0
2025000418,오산 세교 우미 린 레이크시티,경기,84.9855,0.0
2025000420,성산 더리브 포레스트,경남,59.386,0.0
2025000420,성산 더리브 포레스트,경남,59.396,0.0
2025000423,안양자이 헤리티온,경기,49.989,0.0
2025000423,안양자이 헤리티온,경기,59.9899,0.0
2025000423,안양자이 헤리티온,경기,59.9905,0.0
2025000423,안양자이 헤리티온,경기,59.9948,0.0
2025000423,안양자이 헤리티온,경기,59.9949,0.0
2025000423,안양자이 헤리티온,경기,76.9842,0.0
2025000423,안양자이 헤리티온,경기,84.9902,0.0
2025000423,안양자이 헤리티온,경기,84.9914,0.0
2025000425,인하대역 수자인 로이센트,인천,84.9355,0.0
2025000425,인하대역 수자인 로이센트,인천,84.9373,0.0
2025000425,인하대역 수자인 로이센트,인천,84.9856,0.0
2025000428,두산위브앤수자인 부평 더퍼스트,인천,59.9039,0.0
2025000428,두산위브앤수자인 부평 더퍼스트,인천,59.9087,0.0
2025000428,두산위브앤수자인 부평 더퍼스트,인천,59.9774,0.0
2025000428,두산위브앤수자인 부평 더퍼스트,인천,74.1235,0.0
2025000428,두산위브앤수자인 부평 더퍼스트,인천,74.5749,0.0
2025000428,두산위브앤수자인 부평 더퍼스트,인천,74.9957,0.0
2025000429,철산역자이,경기,39.97,0.0
2025000429,철산역자이,경기,49.88,0.0
2025000429,철산역자이,경기,59.78,0.0
2025000429,철산역자이,경기,59.98,0.0
2025000429,철산역자이,경기,74.77,0.0
2025000429,철산역자이,경기,74.78,0.0
2025000429,철산역자이,경기,74.84,0.0
2025000429,철산역자이,경기,84.63,0.0
2025000429,철산역자이,경기,84.73,0.0
2025000429,철산역자이,경기,84.89,0.0
2025000430,힐스테이트 이수역센트럴,서울,44.7578,0.0
2025000430,힐스테이트 이수역센트럴,서울,49.0506,0.0
2025000430,힐스테이트 이수역센트럴,서울,49.5998,0.0
2025000430,힐스테이트 이수역센트럴,서울,59.4198,0.0
2025000430,힐스테이트 이수역센트럴,서울,59.8988,0.0
2025000430,힐스테이트 이수역센트럴,서울,74.8268,0.0
2025000430,힐스테이트 이수역센트럴,서울,84.3466,0.0
2025000430,힐스테이트 이수역센트럴,서울,84.8178,0.0
2025000430,힐스테이트 이수역센트럴,서울,84.828,0.0
2025000430,힐스테이트 이수역센트럴,서울,84.8937,0.0
2025000435,검단 센트레빌 에듀시티(AB8BL),인천,74.89,32.0
2025000439,상봉 센트럴 아이파크,서울,84.6747,0.0
2025000439,상봉 센트럴 아이파크,서울,84.7184,0.0
2025000439,상봉 센트럴 아이파크,서울,84.7662,0.0
2025000439,상봉 센트럴 아이파크,서울,84.8422,0.0
2025000439,상봉 센트럴 아이파크,서울,84.9194,0.0
2025000440,힐스테이트 사직 아시아드,부산,59.9648,0.0
2025000440,힐스테이트 사직 아시아드,부산,59.974,0.0
2025000440,힐스테이트 사직 아시아드,부산,59.976,0.0
2025000440,힐스테이트 사직 아시아드,부산,78.9895,0.0
2025000440,힐스테이트 사직 아시아드,부산,84.6669,0.0
2025000440,힐스테이트 사직 아시아드,부산,84.9012,0.0
2025000440,힐스테이트 사직 아시아드,부산,84.9807,0.0
2025000443,두산위브더제니스 구미,경북,59.9037,0.0
2025000443,두산위브더제니스 구미,경북,74.5915,0.0
2025000443,두산위브더제니스 구미,경북,74.9524,0.0
2025000443,두산위브더제니스 구미,경북,84.7657,0.0
2025000443,두산위브더제니스 구미,경북,84.7696,0.0
2025000445,청주 롯데캐슬 시그니처,충북,67.8115,0.0
2025000445,청주 롯데캐슬 시그니처,충북,67.8746,0.0
2025000445,청주 롯데캐슬 시그니처,충북,76.9439,0.0
2025000445,청주 롯데캐슬 시그니처,충북,84.9209,0.0
2025000448,아산모종 서한이다음 노블리스(A1BL),충남,84.9936,0.0
2025000450,중흥S-클래스 힐더포레,경기,59.5377,0.0
2025000450,중흥S-클래스 힐더포레,경기,59.994,0.0
2025000450,중흥S-클래스 힐더포레,경기,84.9759,0.0
2025000462,더파크 비스타동원,부산,84.9852,0.0
2025000464,김해 안동 에피트,경남,59.9722,0.0
2025000466,두산위브더제니스 청주 센트럴파크,충북,59.7861,0.0
2025000466,두산위브더제니스 청주 센트럴파크,충북,59.9447,0.0
2025000466,두산위브더제니스 청주 센트럴파크,충북,84.3782,0.0
2025000467,오룡2지구 지엔하임 37블록,전남,84.8918,0.0
2025000467,오룡2지구 지엔하임 37블록,전남,84.9933,0.0
2025000468,오룡2지구 지엔하임 38블록,전남,84.8918,0.0
2025000468,오룡2지구 지엔하임 38블록,전남,84.9826,0.0
2025000468,오룡2지구 지엔하임 38블록,전남,84.9933,0.0
2025000472,만안역 중앙하이츠 포레,경기,59.9241,0.0
2025000472,만안역 중앙하이츠 포레,경기,66.6115,0.0
2025000472,만안역 중앙하이츠 포레,경기,66.6793,0.0
2025000472,만안역 중앙하이츠 포레,경기,75.7005,0.0
2025000487,운정 아이파크 시티,경기,63.8043,0.0
2025000497,아크로 드 서초,서울,59.21,0.0
2025000497,아크로 드 서초,서울,59.37,0.0
2025000498,트리븐 서산,충남,84.9851,0.0
2025000499,김포 풍무역세권 B5블록 호반써밋,경기,84.9284,0.0
2025000499,김포 풍무역세권 B5블록 호반써밋,경기,84.9371,0.0
2025000501,더샵 분당티에르원,경기,66.0,0.0
2025000501,더샵 분당티에르원,경기,74.0,0.0
2025000501,더샵 분당티에르원,경기,84.0,0.0
2025000501,더샵 분당티에르원,경기,84.32,0.0
2025000501,더샵 분당티에르원,경기,84.62,0.0
2025000501,더샵 분당티에르원,경기,84.69,0.0
2025000501,더샵 분당티에르원,경기,84.7,0.0
2025000501,더샵 분당티에르원,경기,84.95,0.0
2025000506,엠타워 디루체,경기,46.97,0.0
2025000506,엠타워 디루체,경기,60.16,0.0
2025000506,엠타워 디루체,경기,67.05,0.0
2025000506,엠타워 디루체,경기,68.38,0.0
2025000510,두산위브 더센트럴 수원,경기,59.9137,0.0
2025000510,두산위브 더센트럴 수원,경기,59.9371,0.0
2025000510,두산위브 더센트럴 수원,경기,84.4545,0.0
2025000510,두산위브 더센트럴 수원,경기,84.808,0.0
2025000514,풍무역 푸르지오 더 마크,경기,74.0362,0.0
2025000514,풍무역 푸르지오 더 마크,경기,74.0807,0.0
2025000514,풍무역 푸르지오 더 마크,경기,84.5088,0.0
2025000514,풍무역 푸르지오 더 마크,경기,84.629,0.0
2025000514,풍무역 푸르지오 더 마크,경기,84.9946,0.0
2025000524,용인 푸르지오 원클러스터파크,경기,80.9668,0.0
2025000526,김해율하 더스카이시티 제니스앤프라우(조합원취소분),경남,74.7351,0.0
2025000526,김해율하 더스카이시티 제니스앤프라우(조합원취소분),경남,84.9432,0.0
2025000527,반포 래미안 트리니원,서울,59.85,0.0
2025000527,반포 래미안 트리니원,서울,59.91,0.0
2025000527,반포 래미안 트리니원,서울,59.94,0.0
2025000527,반포 래미안 트리니원,서울,59.98,0.0
2025000527,반포 래미안 트리니원,서울,84.91,0.0
2025000527,반포 래미안 트리니원,서울,84.96,0.0
2025000532,송천 아르티엠 더 숲,전북,84.7759,0.0
2025000532,송천 아르티엠 더 숲,전북,84.9578,0.0
2025000532,송천 아르티엠 더 숲,전북,84.9807,0.0
2025000532,송천 아르티엠 더 숲,전북,84.9968,0.0
2025000535,두류센트레빌 더 파크(조합원 취소분)(2회차),대구,78.3408,0.0
2025000537,성남복정1지구 B1블록 복정역 에피트,경기,84.4484,0.0
2025000537,성남복정1지구 B1블록 복정역 에피트,경기,84.6066,0.0
2025000537,성남복정1지구 B1블록 복정역 에피트,경기,84.933,0.0
2025000541,도룡자이 라피크,대전,84.731,0.0
2025000541,도룡자이 라피크,대전,84.8316,0.0
2025000541,도룡자이 라피크,대전,84.8634,0.0
2025000549,의왕시청역 SK VIEW IPARK,경기,46.9755,0.0
2025000549,의왕시청역 SK VIEW IPARK,경기,51.6612,0.0
2025000549,의왕시청역 SK VIEW IPARK,경기,59.7763,0.0
2025000549,의왕시청역 SK VIEW IPARK,경기,59.7982,0.0
2025000549,의왕시청역 SK VIEW IPARK,경기,74.7807,0.0
2025000549,의왕시청역 SK VIEW IPARK,경기,74.7931,0.0
2025000549,의왕시청역 SK VIEW IPARK,경기,84.7394,0.0
2025000550,엘리프 원종,경기,59.92,0.0
2025000550,엘리프 원종,경기,59.96,0.0
2025000550,엘리프 원종,경기,59.98,0.0
2025000550,엘리프 원종,경기,72.23,0.0
2025000550,엘리프 원종,경기,74.86,0.0
2025000552,한화포레나 부산대연,부산,59.8962,0.0
2025000555,풍무역세권 수자인 그라센트 1차,경기,59.9941,0.0
2025000555,풍무역세권 수자인 그라센트 1차,경기,59.9976,0.0
2025000555,풍무역세권 수자인 그라센트 1차,경기,84.9939,0.0
2025000556,힐스테이트 광명 11,경기,39.64,0.0
2025000556,힐스테이트 광명 11,경기,39.99,0.0
2025000556,힐스테이트 광명 11,경기,51.83,0.0
2025000556,힐스테이트 광명 11,경기,59.83,0.0
2025000556,힐스테이트 광명 11,경기,59.92,0.0
2025000556,힐스테이트 광명 11,경기,59.96,0.0
2025000556,힐스테이트 광명 11,경기,74.97,0.0
2025000556,힐스테이트 광명 11,경기,74.98,0.0
2025000556,힐스테이트 광명 11,경기,84.99,0.0
2025000560,시티오씨엘 8단지,인천,59.9801,0.0
2025000560,시티오씨엘 8단지,인천,75.9096,0.0
2025000563,엘리프 세종 스마트시티,세종,59.9552,54.0
2025000563,엘리프 세종 스마트시티,세종,59.9832,46.0
2025000563,엘리프 세종 스마트시티,세종,74.8763,55.0
2025000563,엘리프 세종 스마트시티,세종,80.128,49.0
2025000563,엘리프 세종 스마트시티,세종,80.2425,46.0
2025000563,엘리프 세종 스마트시티,세종,84.0,63.0
2025000563,엘리프 세종 스마트시티,세종,84.806,50.0
2025000563,엘리프 세종 스마트시티,세종,84.8262,64.0
2025000563,엘리프 세종 스마트시티,세종,84.8616,69.0
2025000566,역삼센트럴자이,서울,59.98,0.0
2025000566,역삼센트럴자이,서울,84.96,0.0
2025000566,역삼센트럴자이,서울,84.97,0.0
2025000566,역삼센트럴자이,서울,84.98,0.0
2025000566,역삼센트럴자이,서울,122.99,0.0
2025000572,포레나더샵 인천시청역,인천,49.9664,0.0
2025000572,포레나더샵 인천시청역,인천,59.98,0.0
2025000572,포레나더샵 인천시청역,인천,59.9954,0.0
2025000579,울산 호수공원 에일린의 뜰 1단지,울산,84.8152,0.0
2025000579,울산 호수공원 에일린의 뜰 1단지,울산,84.8705,0.0
2025000579,울산 호수공원 에일린의 뜰 1단지,울산,84.9279,0.0
2025000580,울산 호수공원 에일린의 뜰 2단지,울산,59.9836,0.0
2025000580,울산 호수공원 에일린의 뜰 2단지,울산,84.8414,0.0
2025000580,울산 호수공원 에일린의 뜰 2단지,울산,84.8705,0.0
2025000580,울산 호수공원 에일린의 뜰 2단지,울산,84.9688,0.0
2025000581,이천 중리지구 B3블록 금성백조 예미지,경기,84.997,0.0
2025000582,송도 한내들 센트럴리버,인천,84.0,42.0
2025000585,인천 검단신도시 AB13블록 호반써밋Ⅲ(본청약),인천,84.9328,54.0
2025000585,인천 검단신도시 AB13블록 호반써밋Ⅲ(본청약),인천,84.9692,60.0
2025000585,인천 검단신도시 AB13블록 호반써밋Ⅲ(본청약),인천,84.9697,63.0
2025000585,인천 검단신도시 AB13블록 호반써밋Ⅲ(본청약),인천,84.9955,63.0
2025000591,시흥거모 엘가 로제비앙,경기,61.9953,35.0
2025000595,더샵 분당센트로,경기,60.57,0.0
2025000595,더샵 분당센트로,경기,60.94,0.0
2025000595,더샵 분당센트로,경기,64.38,0.0
2025000595,더샵 분당센트로,경기,71.59,0.0
2025000595,더샵 분당센트로,경기,73.54,0.0
2025000595,더샵 분당센트로,경기,73.59,0.0
2025000595,더샵 분당센트로,경기,78.44,0.0
2025000595,더샵 분당센트로,경기,84.08,0.0
2025000601,창원 센트럴 아이파크,경남,59.604,0.0
2025000606,힐스테이트 선암호수공원 2단지,울산,84.2012,0.0
2025000606,힐스테이트 선암호수공원 2단지,울산,84.2325,0.0
2025000610,태화강 센트럴 아이파크,울산,84.9447,0.0
2025000610,태화강 센트럴 아이파크,울산,84.9714,0.0
2025000615,둔산 자이 아이파크,대전,84.99,0.0
2025000616,둔산 자이 아이파크(보류지),대전,84.99,0.0
2025000622,수지자이 에디시온,경기,84.9671,0.0
2025000628,북오산자이 리버블시티,경기,59.9984,0.0
2025000629,동래 푸르지오 에듀포레,부산,74.5107,0.0
2025000629,동래 푸르지오 에듀포레,부산,76.9205,0.0
2025000639,서귀포시 서홍동 형남아파트6차,제주,84.8387,0.0
2025000640,강릉역 경남아너스빌 더 센트로(조합원 취소분),강원,59.6657,0.0
2025000650,힐스테이트 물금센트럴,경남,84.8935,0.0
2025000652,안양역 센트럴 아이파크 수자인,경기,39.2437,0.0
2025000652,안양역 센트럴 아이파크 수자인,경기,43.0681,0.0
2025000652,안양역 센트럴 아이파크 수자인,경기,43.2386,0.0
2025000652,안양역 센트럴 아이파크 수자인,경기,59.8628,0.0
2025000652,안양역 센트럴 아이파크 수자인,경기,59.9208,0.0
2025000652,안양역 센트럴 아이파크 수자인,경기,84.3197,0.0
2025000657,평택화양 서희스타힐스 센트럴파크(조합원 취소분),경기,59.9927,0.0
2025000657,평택화양 서희스타힐스 센트럴파크(조합원 취소분),경기,84.6048,0.0
2025000660,드파인 연희,서울,59.8557,0.0
2025000660,드파인 연희,서울,59.9967,0.0
2025000660,드파인 연희,서울,74.6908,0.0
2025000660,드파인 연희,서울,74.8333,0.0
2025000660,드파인 연희,서울,74.8428,0.0
2025000660,드파인 연희,서울,75.4474,0.0
2025000660,드파인 연희,서울,75.5884,0.0
2025000660,드파인 연희,서울,84.9139,0.0
2025000660,드파인 연희,서울,84.9729,0.0
2025000660,드파인 연희,서울,84.9736,0.0
2025000660,드파인 연희,서울,84.9767,0.0
2025000660,드파인 연희,서울,84.9774,0.0
2025000660,드파인 연희,서울,115.9277,0.0
2026000002,e편한세상 센텀 하이베뉴,부산,59.9884,0.0
2026000010,두산위브 더센트럴 부평(조합원 취소분),인천,52.185,0.0
2026000010,두산위브 더센트럴 부평(조합원 취소분),인천,63.8777,0.0
2026000010,두산위브 더센트럴 부평(조합원 취소분),인천,69.7776,0.0
2026000010,두산위브 더센트럴 부평(조합원 취소분),인천,74.9952,0.0
2026000010,두산위브 더센트럴 부평(조합원 취소분),인천,84.8815,0.0
2026000010,두산위브 더센트럴 부평(조합원 취소분),인천,84.955,0.0
2026000012,경성대부경대역 비스타동원 더 프리미엄,부산,84.974,0.0
2026000014,천안 아이파크 시티 5단지,충남,84.8786,0.0
2026000014,천안 아이파크 시티 5단지,충남,84.9323,0.0
2026000014,천안 아이파크 시티 5단지,충남,84.9587,0.0
2026000015,천안 아이파크 시티 6단지,충남,84.8786,0.0
2026000015,천안 아이파크 시티 6단지,충남,84.9587,0.0
2026000017,쌍용 더 플래티넘 온수역,경기,59.8585,0.0
2026000017,쌍용 더 플래티넘 온수역,경기,59.9563,0.0
2026000017,쌍용 더 플래티넘 온수역,경기,84.9174,0.0
2026000019,구리역 하이니티 리버파크,경기,44.3798,0.0
2026000019,구리역 하이니티 리버파크,경기,59.9913,0.0
2026000019,구리역 하이니티 리버파크,경기,77.9949,0.0
2026000019,구리역 하이니티 리버파크,경기,84.9908,0.0
2026000020,금정산 하늘채 루미엘,부산,59.3377,0.0
2026000023,더샵 프리엘라,서울,44.98,0.0
2026000023,더샵 프리엘라,서울,59.97,0.0
2026000023,더샵 프리엘라,서울,59.99,0.0
2026000023,더샵 프리엘라,서울,74.99,0.0
2026000023,더샵 프리엘라,서울,84.98,0.0
2026000023,더샵 프리엘라,서울,84.99,0.0
2026000028,해링턴플레이스 노원 센트럴,서울,59.6793,0.0
2026000028,해링턴플레이스 노원 센트럴,서울,59.7419,0.0
2026000030,힐스테이트 오산 더퍼스트(조합원 자격상실 및 제명세대)(2회차),경기,59.9944,0.0
2026000030,힐스테이트 오산 더퍼스트(조합원 자격상실 및 제명세대)(2회차),경기,64.9972,0.0
2026000030,힐스테이트 오산 더퍼스트(조합원 자격상실 및 제명세대)(2회차),경기,84.9773,0.0
2026000036,e편한세상 여수 글렌츠,전남,59.8613,0.0
2026000036,e편한세상 여수 글렌츠,전남,84.9516,0.0
2026000038,상주자이르네,경북,84.9851,0.0
2026000039,래미안 엘라비네,서울,44.84,0.0
2026000039,래미안 엘라비네,서울,59.53,0.0
2026000039,래미안 엘라비네,서울,76.21,0.0
2026000039,래미안 엘라비네,서울,84.1,0.0
2026000039,래미안 엘라비네,서울,84.32,0.0
2026000039,래미안 엘라비네,서울,84.33,0.0
2026000039,래미안 엘라비네,서울,84.53,0.0
2026000039,래미안 엘라비네,서울,115.22,0.0
2026000043,부천역 에피트 어바닉,경기,52.1088,0.0
2026000043,부천역 에피트 어바닉,경기,55.0641,0.0
2026000043,부천역 에피트 어바닉,경기,64.2641,0.0
2026000043,부천역 에피트 어바닉,경기,64.5397,0.0
2026000043,부천역 에피트 어바닉,경기,67.084,0.0
2026000044,용인 플랫폼시티 라온프라이빗 아르디에,경기,84.6402,0.0
2026000044,용인 플랫폼시티 라온프라이빗 아르디에,경기,84.6802,0.0
2026000044,용인 플랫폼시티 라온프라이빗 아르디에,경기,84.6968,0.0
2026000047,범어역 파크드림 디아르,대구,73.1594,0.0
2026000047,범어역 파크드림 디아르,대구,74.8544,0.0
2026000047,범어역 파크드림 디아르,대구,84.9453,0.0
2026000048,이촌 르엘,서울,100.93,0.0
2026000048,이촌 르엘,서울,106.1,0.0
2026000048,이촌 르엘,서울,117.07,0.0
2026000048,이촌 르엘,서울,118.03,0.0
2026000048,이촌 르엘,서울,122.88,0.0
2026000049,"옥정중앙역 대방 디에트르(중상1, 복합1BL)",경기,84.7277,32.0
2026000051,아산탕정자이 메트로시티(A3BL),충남,59.9843,0.0
2026000051,아산탕정자이 메트로시티(A3BL),충남,59.9941,0.0
2026000051,아산탕정자이 메트로시티(A3BL),충남,84.9409,0.0
2026000051,아산탕정자이 메트로시티(A3BL),충남,84.9905,0.0
2026000051,아산탕정자이 메트로시티(A3BL),충남,84.9921,0.0
2026000051,아산탕정자이 메트로시티(A3BL),충남,84.9923,0.0
2026000055,의정부역 센트럴 아이파크,경기,74.6029,0.0
2026000055,의정부역 센트럴 아이파크,경기,84.8422,0.0
2026000058,오티에르 반포,서울,44.0,0.0
2026000058,오티에르 반포,서울,44.8507,0.0
2026000058,오티에르 반포,서울,45.0,0.0
2026000058,오티에르 반포,서울,45.9415,0.0
2026000058,오티에르 반포,서울,59.3427,0.0
2026000058,오티에르 반포,서울,59.5839,0.0
2026000058,오티에르 반포,서울,84.9499,0.0
2026000058,오티에르 반포,서울,97.5311,0.0
2026000058,오티에르 반포,서울,97.6619,0.0
2026000058,오티에르 반포,서울,113.4788,0.0
2026000058,오티에르 반포,서울,113.9162,0.0
2026000058,오티에르 반포,서울,115.9969,0.0
2026000062,중앙하이츠 갈산역 센트럴,인천,59.7864,0.0
2026000063,오션포레베네스트하우스(미단시티 공동8BL),인천,84.9673,52.0
2026000064,더샵 신길센트럴시티,서울,51.9909,0.0
2026000064,더샵 신길센트럴시티,서울,51.9927,0.0
2026000064,더샵 신길센트럴시티,서울,51.9931,0.0
2026000064,더샵 신길센트럴시티,서울,51.9953,0.0
2026000064,더샵 신길센트럴시티,서울,51.9981,0.0
2026000064,더샵 신길센트럴시티,서울,59.9903,0.0
2026000064,더샵 신길센트럴시티,서울,59.9945,0.0
2026000064,더샵 신길센트럴시티,서울,59.9973,0.0
2026000064,더샵 신길센트럴시티,서울,59.9987,0.0
2026000064,더샵 신길센트럴시티,서울,74.992,0.0
2026000064,더샵 신길센트럴시티,서울,74.9939,0.0
2026000064,더샵 신길센트럴시티,서울,74.9944,0.0
2026000064,더샵 신길센트럴시티,서울,74.9992,0.0
2026000064,더샵 신길센트럴시티,서울,84.9977,0.0
2026000064,더샵 신길센트럴시티,서울,84.9993,0.0
2026000065,검단호수공원역 파라곤(AA36BL),인천,84.7572,59.0
2026000065,검단호수공원역 파라곤(AA36BL),인천,84.7722,57.0
2026000069,야목역 서희스타힐스 그랜드힐,경기,59.9649,0.0
2026000069,야목역 서희스타힐스 그랜드힐,경기,59.9747,0.0
2026000070,힐스테이트 안양펠루스,경기,40.58,0.0
2026000070,힐스테이트 안양펠루스,경기,42.66,0.0
2026000070,힐스테이트 안양펠루스,경기,43.6,0.0
2026000070,힐스테이트 안양펠루스,경기,44.33,0.0
2026000070,힐스테이트 안양펠루스,경기,50.04,0.0
2026000070,힐스테이트 안양펠루스,경기,61.14,0.0
2026000070,힐스테이트 안양펠루스,경기,65.0,0.0
2026000070,힐스테이트 안양펠루스,경기,66.28,0.0
2026000070,힐스테이트 안양펠루스,경기,66.49,0.0
2026000070,힐스테이트 안양펠루스,경기,68.39,0.0
2026000071,르네오션 고성 퍼스트뷰,강원,84.98,0.0
2026000073,풍무역세권 수자인 그라센트 2차,경기,84.9939,0.0
2026000074,엄궁역 트라비스 하늘채,부산,74.9802,0.0
2026000075,창원자이 더 스카이,경남,84.8846,0.0
2026000075,창원자이 더 스카이,경남,84.9016,0.0
2026000075,창원자이 더 스카이,경남,84.9771,0.0
2026000075,창원자이 더 스카이,경남,84.9951,0.0
2026000082,골드클래스 시그니처,전북,39.917,0.0
2026000082,골드클래스 시그니처,전북,59.9263,0.0
2026000082,골드클래스 시그니처,전북,84.9732,0.0
2026000082,골드클래스 시그니처,전북,84.9899,0.0
2026000082,골드클래스 시그니처,전북,84.9902,0.0
2026000085,힐스테이트 평거 센트럴,경남,84.3746,0.0
2026000085,힐스테이트 평거 센트럴,경남,84.9824,0.0
2026000086,업성 푸르지오 레이크시티,충남,84.9631,0.0
2026000086,업성 푸르지오 레이크시티,충남,84.9637,0.0
2026000087,청주 푸르지오 씨엘리체,충북,84.9263,0.0
2026000087,청주 푸르지오 씨엘리체,충북,84.9403,0.0
2026000087,청주 푸르지오 씨엘리체,충북,84.9904,0.0
2026000093,더샵 안동더퍼스트,경북,70.9692,0.0
2026000093,더샵 안동더퍼스트,경북,84.9571,0.0
2026000093,더샵 안동더퍼스트,경북,84.9702,0.0
2026000093,더샵 안동더퍼스트,경북,84.9785,0.0
2026000094,라클라체자이드파인,서울,59.8054,0.0
2026000094,라클라체자이드파인,서울,59.9116,0.0
2026000094,라클라체자이드파인,서울,59.9537,0.0
2026000094,라클라체자이드파인,서울,84.9634,0.0
2026000094,라클라체자이드파인,서울,84.9712,0.0
2026000094,라클라체자이드파인,서울,84.9995,0.0
2026000094,라클라체자이드파인,서울,106.9502,0.0
2026000104,도안자이 센텀리체 1단지,대전,84.0,0.0
2026000107,경기광주역 롯데캐슬 시그니처 1단지,경기,59.8802,0.0
2026000107,경기광주역 롯데캐슬 시그니처 1단지,경기,59.9281,0.0
2026000107,경기광주역 롯데캐슬 시그니처 1단지,경기,59.9299,0.0
2026000107,경기광주역 롯데캐슬 시그니처 1단지,경기,84.8671,0.0
2026000107,경기광주역 롯데캐슬 시그니처 1단지,경기,84.9099,0.0
2026000110,엘리프 창원,경남,76.2548,0.0
2026000110,엘리프 창원,경남,84.8884,0.0
2026000110,엘리프 창원,경남,84.9621,0.0
2026000112,용인 고림 동문 디 이스트,경기,59.901,0.0
2026000114,공덕역자이르네,서울,48.6543,0.0
2026000114,공덕역자이르네,서울,52.796,0.0
2026000114,공덕역자이르네,서울,59.282,0.0
2026000114,공덕역자이르네,서울,59.988,0.0
2026000115,두산위브더제니스 구미(조합원취소분),경북,74.9524,0.0
2026000115,두산위브더제니스 구미(조합원취소분),경북,84.7657,0.0
2026000115,두산위브더제니스 구미(조합원취소분),경북,84.7696,0.0
